loan_id,loan_date,borrower_segment,requested_amount,duration_months,declared_monthly_income,upi_30d_inflow,upi_90d_inflow,upi_transaction_count,upi_stability_score,utility_on_time_ratio,utility_missed_payment_count,telecom_recharge_regularity,gst_turnover,gst_filing_regularity,ecommerce_settlement_amount,ecommerce_settlement_stability,mobility_usage_consistency,income_volatility,repayment_outcome_known,repayment_default_target,data_provenance
9000001,1993-06-12,gig_worker,108978.78,18,27788.73,8192.52,24577.57,173,0.7396,0.7006,1,0.5518,0.0,0.1147,0.0,0.3916,0.594,0.2484,True,1,SYNTHETIC_SHOWCASE_ONLY
9000002,1996-11-14,informal_worker,52757.49,24,15625.17,3627.77,10883.32,116,0.7076,0.7786,1,0.8257,0.0,0.0697,0.0,0.4687,0.7184,0.3388,True,0,SYNTHETIC_SHOWCASE_ONLY
9000003,1996-04-10,first_time_borrower,118265.36,9,25808.2,6580.81,19742.42,22,0.7608,0.8776,0,0.8592,0.0,0.1828,0.0,0.1927,0.8708,0.3181,True,1,SYNTHETIC_SHOWCASE_ONLY
9000004,1995-03-13,first_time_borrower,35371.35,24,17857.8,6780.14,20340.41,65,0.6017,0.8626,1,0.9504,0.0,0.4339,0.0,0.4088,0.6893,0.4369,True,1,SYNTHETIC_SHOWCASE_ONLY
9000005,1995-03-02,gig_worker,106156.73,12,24509.25,8963.36,26890.07,189,0.7607,0.5873,5,0.5802,0.0,0.6211,0.0,0.2983,0.8633,0.3009,True,1,SYNTHETIC_SHOWCASE_ONLY
9000006,1997-04-17,gig_worker,29570.23,6,8194.35,2282.31,6846.94,135,0.4741,0.5071,0,0.7822,0.0,0.3502,0.0,0.3971,0.6844,0.5772,True,1,SYNTHETIC_SHOWCASE_ONLY
9000007,1993-06-06,first_time_borrower,23788.56,18,16293.45,6584.56,19753.68,91,0.6606,0.8758,0,0.8175,0.0,0.0052,0.0,0.0858,0.7575,0.3944,True,0,SYNTHETIC_SHOWCASE_ONLY
9000008,1996-06-27,first_time_borrower,65388.89,12,56536.65,15035.08,45105.25,144,0.9522,0.683,2,0.4473,0.0,0.5481,0.0,0.2617,0.5706,0.0946,True,0,SYNTHETIC_SHOWCASE_ONLY
9000009,1994-01-03,small_merchant,154001.04,18,41712.27,16690.72,50072.16,186,0.819,0.8298,0,0.701,86728.69,0.9485,45893.42,0.6291,0.8021,0.0968,True,0,SYNTHETIC_SHOWCASE_ONLY
9000010,1993-06-21,informal_worker,68413.84,12,52738.38,21943.53,65830.6,257,0.8819,0.7659,2,0.8902,0.0,0.2857,0.0,0.3583,0.6385,0.1195,True,0,SYNTHETIC_SHOWCASE_ONLY
9000011,1995-08-20,small_merchant,223204.66,18,54506.0,22473.31,67419.94,82,0.5869,0.6508,0,0.9898,174980.49,0.7606,14827.57,0.4681,0.6876,0.4593,True,0,SYNTHETIC_SHOWCASE_ONLY
9000012,1997-11-17,small_merchant,118011.18,36,38676.74,8349.63,25048.9,35,0.8507,0.8357,0,0.5464,84058.14,0.6667,19787.0,0.5942,0.3618,0.0964,True,0,SYNTHETIC_SHOWCASE_ONLY
9000013,1996-09-05,gig_worker,60789.56,12,22529.54,4321.27,12963.81,264,0.7743,0.9276,1,0.563,0.0,0.3667,0.0,0.1509,0.7959,0.213,True,0,SYNTHETIC_SHOWCASE_ONLY
9000014,1996-10-21,gig_worker,30843.81,36,17018.89,4821.75,14465.26,151,0.4535,0.9885,0,0.8867,0.0,0.4476,0.0,0.1502,0.7494,0.4246,True,0,SYNTHETIC_SHOWCASE_ONLY
9000015,1996-08-03,gig_worker,239310.52,12,48552.32,13957.38,41872.14,26,0.7961,0.8649,0,0.8454,0.0,0.5429,0.0,0.5993,0.7586,0.1829,True,0,SYNTHETIC_SHOWCASE_ONLY
9000016,1996-12-06,first_time_borrower,109100.44,6,28881.38,11341.08,34023.23,232,0.337,0.6903,1,0.9453,0.0,0.1961,0.0,0.1291,0.5729,0.7173,True,1,SYNTHETIC_SHOWCASE_ONLY
9000017,1995-07-27,gig_worker,300000.0,12,92696.94,27192.5,81577.5,226,0.5809,0.9521,0,0.7308,0.0,0.233,0.0,0.1523,0.5649,0.5954,True,1,SYNTHETIC_SHOWCASE_ONLY
9000018,1993-08-22,gig_worker,93580.69,24,23498.99,7828.4,23485.19,169,0.8376,0.8966,0,0.739,0.0,0.1094,0.0,0.1853,0.9497,0.1104,True,0,SYNTHETIC_SHOWCASE_ONLY
9000019,1997-03-14,small_merchant,228793.89,18,72182.28,13722.23,41166.69,12,0.4652,0.884,0,0.7792,99259.41,0.9671,45245.45,0.6431,0.7451,0.4971,True,0,SYNTHETIC_SHOWCASE_ONLY
9000020,1995-04-03,gig_worker,122959.81,36,25970.06,5944.45,17833.36,89,0.6962,0.8018,0,0.5103,0.0,0.5695,0.0,0.2825,0.8546,0.4556,True,1,SYNTHETIC_SHOWCASE_ONLY
9000021,1995-07-03,gig_worker,168488.15,24,53170.72,21530.8,64592.4,155,0.5384,0.9595,0,0.974,0.0,0.612,0.0,0.0968,0.5803,0.6035,True,1,SYNTHETIC_SHOWCASE_ONLY
9000022,1994-11-09,small_merchant,182591.28,12,63219.74,21889.65,65668.95,242,0.7298,0.7346,0,0.7587,139224.51,0.803,68882.13,0.5702,0.7424,0.399,True,0,SYNTHETIC_SHOWCASE_ONLY
9000023,1993-11-30,small_merchant,30919.15,24,17136.12,5924.68,17774.03,224,0.7229,0.7188,0,0.3768,39673.37,0.9556,21162.0,0.7666,0.919,0.1962,True,0,SYNTHETIC_SHOWCASE_ONLY
9000024,1997-08-20,informal_worker,40811.92,36,22184.76,4189.85,12569.56,72,0.7609,0.8714,0,0.7735,0.0,0.3373,0.0,0.5259,0.612,0.3202,True,0,SYNTHETIC_SHOWCASE_ONLY
9000025,1996-11-28,first_time_borrower,65525.72,24,17053.82,3533.13,10599.38,194,0.815,0.8922,1,0.411,0.0,0.4532,0.0,0.4415,0.8969,0.2238,True,0,SYNTHETIC_SHOWCASE_ONLY
9000026,1996-03-21,gig_worker,32163.0,18,15515.37,5470.08,16410.23,276,0.6651,0.8606,1,0.914,0.0,0.4727,0.0,0.1527,0.8789,0.4437,True,0,SYNTHETIC_SHOWCASE_ONLY
9000027,1995-01-05,first_time_borrower,146798.57,24,38566.98,8511.21,25533.62,277,0.6767,0.9482,0,0.7532,0.0,0.2437,0.0,0.2181,0.8238,0.3178,True,0,SYNTHETIC_SHOWCASE_ONLY
9000028,1997-02-11,first_time_borrower,122089.2,9,25478.19,10590.53,31771.58,131,0.7979,0.719,3,0.6413,0.0,0.2914,0.0,0.4926,0.8015,0.2802,True,1,SYNTHETIC_SHOWCASE_ONLY
9000029,1995-09-23,first_time_borrower,72727.97,36,28712.72,7048.34,21145.03,158,0.3732,0.629,1,0.8532,0.0,0.2653,0.0,0.2727,0.4028,0.6415,True,1,SYNTHETIC_SHOWCASE_ONLY
9000030,1995-03-21,informal_worker,37601.39,36,36568.94,14013.33,42040.0,136,0.5084,0.9203,0,0.8786,0.0,0.1417,0.0,0.146,0.7872,0.5553,True,0,SYNTHETIC_SHOWCASE_ONLY
9000031,1995-04-03,informal_worker,40558.72,18,11480.6,2861.05,8583.15,218,0.6345,0.7475,1,0.8039,0.0,0.1817,0.0,0.1835,0.6766,0.3302,True,1,SYNTHETIC_SHOWCASE_ONLY
9000032,1994-02-19,informal_worker,33332.45,12,51927.69,15989.43,47968.28,199,0.526,0.6117,1,0.6707,0.0,0.3147,0.0,0.282,0.8259,0.5893,True,1,SYNTHETIC_SHOWCASE_ONLY
9000033,1993-06-18,informal_worker,96208.29,9,23680.2,8376.24,25128.71,29,0.6014,0.9782,0,0.5073,0.0,0.2077,0.0,0.2971,0.8094,0.422,True,1,SYNTHETIC_SHOWCASE_ONLY
9000034,1995-10-10,gig_worker,105308.83,36,36152.9,9603.13,28809.39,178,0.6714,0.7307,3,0.9543,0.0,0.4823,0.0,0.3646,0.5939,0.2511,True,0,SYNTHETIC_SHOWCASE_ONLY
9000035,1997-06-10,first_time_borrower,103907.32,24,37718.35,12930.81,38792.42,205,0.9054,0.8879,0,0.8401,0.0,0.0802,0.0,0.3542,0.6222,0.1119,True,0,SYNTHETIC_SHOWCASE_ONLY
9000036,1993-04-27,informal_worker,167901.29,24,54064.99,19893.12,59679.35,270,0.8552,0.6417,0,0.4055,0.0,0.197,0.0,0.1777,0.4888,0.0,True,0,SYNTHETIC_SHOWCASE_ONLY
9000037,1997-04-17,informal_worker,76473.97,36,26625.59,9324.14,27972.43,162,0.7682,0.9676,0,0.9131,0.0,0.1541,0.0,0.3197,0.5657,0.2429,True,0,SYNTHETIC_SHOWCASE_ONLY
9000038,1997-02-20,small_merchant,20455.27,18,10103.26,3682.57,11047.71,98,0.8083,0.9361,1,0.9416,23445.73,0.7604,6319.61,0.8778,0.4554,0.2106,True,0,SYNTHETIC_SHOWCASE_ONLY
9000039,1994-05-21,gig_worker,52913.13,24,28778.42,5649.48,16948.44,65,0.7687,0.614,2,0.6411,0.0,0.3842,0.0,0.2828,0.9284,0.2404,True,0,SYNTHETIC_SHOWCASE_ONLY
9000040,1996-02-28,small_merchant,74838.09,9,30831.71,10454.93,31364.8,45,0.8376,0.9302,0,0.9664,117847.39,0.7671,5654.02,0.3763,0.8733,0.2882,True,1,SYNTHETIC_SHOWCASE_ONLY
9000041,1993-10-29,small_merchant,77335.86,12,17043.34,3636.59,10909.77,21,0.3756,0.717,1,0.5029,70653.3,0.6973,15776.79,0.6833,0.7697,0.6077,True,1,SYNTHETIC_SHOWCASE_ONLY
9000042,1996-10-16,small_merchant,35933.62,18,30054.13,5617.71,16853.14,120,0.4676,0.7694,0,0.7856,97863.84,0.8122,40116.38,0.8465,0.6984,0.5531,True,1,SYNTHETIC_SHOWCASE_ONLY
9000043,1996-07-03,small_merchant,47772.07,12,23545.05,9745.24,29235.71,41,0.92,0.8545,0,0.7877,38819.62,0.9088,2147.37,0.6537,0.8566,0.2175,True,0,SYNTHETIC_SHOWCASE_ONLY
9000044,1994-10-10,gig_worker,21254.49,12,14697.58,3804.61,11413.84,56,0.8101,0.8106,0,0.4952,0.0,0.184,0.0,0.2143,0.7227,0.2736,True,0,SYNTHETIC_SHOWCASE_ONLY
9000045,1993-05-05,small_merchant,95826.09,24,38648.86,8734.71,26204.12,79,0.7496,0.7741,2,0.8941,120816.86,0.8186,38433.13,0.8384,0.5183,0.3137,True,1,SYNTHETIC_SHOWCASE_ONLY
9000046,1997-11-08,small_merchant,25365.16,6,21362.06,6693.33,20079.99,185,0.623,0.9621,0,0.5548,63844.89,0.897,7282.56,0.7968,0.5558,0.3335,True,0,SYNTHETIC_SHOWCASE_ONLY
9000047,1995-03-25,first_time_borrower,90942.29,24,23037.94,7500.72,22502.15,232,0.8344,0.5358,3,0.653,0.0,0.5598,0.0,0.1561,0.5574,0.292,True,1,SYNTHETIC_SHOWCASE_ONLY
9000048,1997-06-19,gig_worker,23663.9,9,22424.78,7575.84,22727.53,73,0.6922,0.8806,0,0.6377,0.0,0.1337,0.0,0.3263,0.7552,0.2798,True,0,SYNTHETIC_SHOWCASE_ONLY
9000049,1996-05-22,small_merchant,178703.02,24,50664.94,12908.88,38726.63,148,0.8355,0.9586,0,0.9643,94164.41,0.7268,18129.87,0.677,0.8615,0.2491,True,0,SYNTHETIC_SHOWCASE_ONLY
9000050,1996-11-22,gig_worker,48813.75,12,27455.45,8862.68,26588.04,121,0.5647,0.9719,0,0.8152,0.0,0.335,0.0,0.0352,0.8216,0.4919,True,0,SYNTHETIC_SHOWCASE_ONLY
9000051,1996-10-19,small_merchant,77875.14,24,29083.54,10597.77,31793.31,252,0.7584,0.8642,0,0.9593,41346.79,0.9187,6656.79,0.6773,0.6679,0.3119,True,0,SYNTHETIC_SHOWCASE_ONLY
9000052,1993-12-22,small_merchant,33538.88,18,22662.22,4768.11,14304.32,204,0.7754,0.7838,0,0.8815,93154.46,0.8307,24712.53,0.597,0.8557,0.2936,True,0,SYNTHETIC_SHOWCASE_ONLY
9000053,1994-10-27,informal_worker,133325.4,12,34966.15,10498.84,31496.53,111,0.3354,0.9208,1,0.7121,0.0,0.2633,0.0,0.2321,0.9531,0.6804,True,1,SYNTHETIC_SHOWCASE_ONLY
9000054,1995-05-03,first_time_borrower,255374.09,12,53510.46,18069.17,54207.52,38,0.8038,0.7752,0,0.7329,0.0,0.4135,0.0,0.1438,0.6136,0.2667,True,1,SYNTHETIC_SHOWCASE_ONLY
9000055,1995-06-28,gig_worker,60211.55,6,38213.07,10977.73,32933.18,68,0.3115,0.8648,0,0.9112,0.0,0.6974,0.0,0.0974,0.971,0.6841,True,0,SYNTHETIC_SHOWCASE_ONLY
9000056,1993-03-21,informal_worker,186650.81,12,38935.27,14863.05,44589.15,273,0.9329,0.68,0,0.8641,0.0,0.1125,0.0,0.6113,0.9199,0.0907,True,0,SYNTHETIC_SHOWCASE_ONLY
9000057,1995-09-26,gig_worker,76082.94,12,37457.05,13006.15,39018.44,71,0.7155,0.9407,0,0.755,0.0,0.493,0.0,0.4178,0.4392,0.2426,True,0,SYNTHETIC_SHOWCASE_ONLY
9000058,1993-10-09,gig_worker,44093.53,9,14435.47,3110.19,9330.57,273,0.7657,0.772,0,0.9173,0.0,0.0939,0.0,0.178,0.3553,0.2379,True,0,SYNTHETIC_SHOWCASE_ONLY
9000059,1996-09-19,small_merchant,67794.39,24,18387.43,3879.54,11638.62,152,0.7285,0.6884,3,0.9634,68253.73,0.963,16416.52,0.6726,0.7144,0.2039,True,1,SYNTHETIC_SHOWCASE_ONLY
9000060,1996-06-01,gig_worker,37475.07,12,25376.17,7835.77,23507.32,97,0.7613,0.8513,0,0.649,0.0,0.1588,0.0,0.218,0.7077,0.2463,True,0,SYNTHETIC_SHOWCASE_ONLY
9000061,1997-08-12,informal_worker,50532.13,12,19762.57,4421.1,13263.29,68,0.8271,0.8853,0,0.9395,0.0,0.0844,0.0,0.4961,0.5023,0.1839,True,0,SYNTHETIC_SHOWCASE_ONLY
9000062,1996-09-21,informal_worker,15091.51,12,16797.44,4497.73,13493.19,43,0.5901,0.884,3,0.7331,0.0,0.3099,0.0,0.0462,0.8427,0.3924,True,1,SYNTHETIC_SHOWCASE_ONLY
9000063,1994-11-01,informal_worker,41801.99,12,11399.39,3292.09,9876.26,87,0.5294,0.7986,1,0.6934,0.0,0.5603,0.0,0.4541,0.3498,0.3733,True,1,SYNTHETIC_SHOWCASE_ONLY
9000064,1997-11-02,small_merchant,35696.09,18,14670.97,4354.72,13064.16,93,0.8559,0.9091,0,0.8823,48458.4,0.8278,1869.81,0.432,0.4312,0.1439,True,0,SYNTHETIC_SHOWCASE_ONLY
9000065,1995-01-21,informal_worker,111977.72,18,24756.11,5773.16,17319.47,162,0.7353,0.522,1,0.7555,0.0,0.0814,0.0,0.527,0.6408,0.2278,True,1,SYNTHETIC_SHOWCASE_ONLY
9000066,1994-08-18,small_merchant,48898.81,18,27082.29,5327.51,15982.52,183,0.5538,0.916,1,0.8872,37247.07,0.6334,2906.72,0.6627,0.7095,0.4751,True,0,SYNTHETIC_SHOWCASE_ONLY
9000067,1997-07-12,gig_worker,89244.44,18,19135.37,5822.36,17467.07,78,0.8393,0.7227,2,0.7386,0.0,0.3492,0.0,0.3514,0.7701,0.1794,True,1,SYNTHETIC_SHOWCASE_ONLY
9000068,1994-11-08,gig_worker,35495.68,12,29081.1,7927.57,23782.71,48,0.4451,0.8107,3,0.8009,0.0,0.1999,0.0,0.6346,0.5429,0.5223,True,1,SYNTHETIC_SHOWCASE_ONLY
9000069,1993-05-20,informal_worker,74362.65,12,22736.34,7109.94,21329.82,277,0.5045,0.6192,0,0.7503,0.0,0.2288,0.0,0.0827,0.3198,0.4474,True,1,SYNTHETIC_SHOWCASE_ONLY
9000070,1995-05-08,first_time_borrower,92364.3,24,47260.74,12124.01,36372.04,83,0.8417,0.8946,2,0.8233,0.0,0.1855,0.0,0.4195,0.7543,0.0527,True,0,SYNTHETIC_SHOWCASE_ONLY
9000071,1996-12-23,gig_worker,36269.65,12,25909.87,8544.99,25634.96,80,0.6764,0.8077,1,0.7236,0.0,0.3239,0.0,0.5425,0.7152,0.3901,True,0,SYNTHETIC_SHOWCASE_ONLY
9000072,1993-12-12,small_merchant,39633.67,24,39112.55,14294.82,42884.46,35,0.8526,0.7403,1,0.9725,171326.39,0.8341,50702.61,0.8889,0.5098,0.1538,True,0,SYNTHETIC_SHOWCASE_ONLY
9000073,1995-04-26,informal_worker,107572.56,18,30868.84,7419.09,22257.26,216,0.2801,0.7983,0,0.8246,0.0,0.3935,0.0,0.1398,0.6216,0.7528,True,1,SYNTHETIC_SHOWCASE_ONLY
9000074,1993-08-26,first_time_borrower,23226.55,18,14285.01,5407.35,16222.06,229,0.8641,0.8475,0,0.8467,0.0,0.3204,0.0,0.2848,0.8046,0.089,True,0,SYNTHETIC_SHOWCASE_ONLY
9000075,1996-06-07,small_merchant,83650.25,18,26807.68,9540.55,28621.65,158,0.7657,0.8449,1,0.7107,45333.68,0.6527,39438.42,0.3805,0.5536,0.2978,True,1,SYNTHETIC_SHOWCASE_ONLY
9000076,1995-05-19,informal_worker,75964.44,36,15473.13,3525.32,10575.96,165,0.8175,0.5604,2,0.786,0.0,0.2196,0.0,0.3769,0.6781,0.1158,True,0,SYNTHETIC_SHOWCASE_ONLY
9000077,1994-08-26,informal_worker,52908.17,12,26583.92,9104.54,27313.62,231,0.8757,0.6618,1,0.9825,0.0,0.428,0.0,0.1656,0.4786,0.0516,True,0,SYNTHETIC_SHOWCASE_ONLY
9000078,1994-02-19,first_time_borrower,14759.01,12,19580.65,3800.01,11400.04,278,0.628,0.9235,0,0.8103,0.0,0.5269,0.0,0.0151,0.7569,0.3297,True,0,SYNTHETIC_SHOWCASE_ONLY
9000079,1995-10-28,gig_worker,41317.05,24,33634.31,9048.85,27146.56,193,0.4805,0.9691,0,0.871,0.0,0.4974,0.0,0.0734,0.7679,0.4609,True,0,SYNTHETIC_SHOWCASE_ONLY
9000080,1996-05-08,first_time_borrower,16538.19,18,14700.4,4537.94,13613.82,101,0.7356,0.947,0,0.9328,0.0,0.126,0.0,0.2324,0.6842,0.1942,True,0,SYNTHETIC_SHOWCASE_ONLY
9000081,1997-09-13,gig_worker,74399.71,12,28198.29,11255.35,33766.04,44,0.6644,0.7142,2,0.8075,0.0,0.2279,0.0,0.3787,0.6932,0.2489,True,1,SYNTHETIC_SHOWCASE_ONLY
9000082,1995-03-10,first_time_borrower,142863.12,12,36853.99,8119.32,24357.95,36,0.872,0.8981,1,0.4063,0.0,0.1018,0.0,0.4185,0.6622,0.0,True,0,SYNTHETIC_SHOWCASE_ONLY
9000083,1993-10-21,gig_worker,82433.66,12,43286.91,9093.87,27281.6,117,0.7251,0.8098,1,0.5013,0.0,0.4548,0.0,0.2561,0.6692,0.3108,True,0,SYNTHETIC_SHOWCASE_ONLY
9000084,1997-03-01,gig_worker,24092.29,24,19402.54,6599.96,19799.87,125,0.5916,0.9413,0,0.7286,0.0,0.2295,0.0,0.0803,0.8105,0.3714,True,0,SYNTHETIC_SHOWCASE_ONLY
9000085,1996-02-24,gig_worker,96561.72,12,28239.59,9451.21,28353.63,221,0.9582,0.7538,0,0.9758,0.0,0.1431,0.0,0.2301,0.7742,0.0202,True,1,SYNTHETIC_SHOWCASE_ONLY
9000086,1996-07-02,small_merchant,58887.05,6,30587.61,7682.93,23048.78,136,0.4361,0.7004,1,0.6934,66193.36,0.879,25071.59,0.7507,0.5095,0.7141,True,1,SYNTHETIC_SHOWCASE_ONLY
9000087,1993-06-27,small_merchant,184213.9,6,58840.19,24028.66,72085.99,122,0.5676,0.8544,1,0.6721,165431.04,0.8056,85286.28,0.202,0.9199,0.531,True,1,SYNTHETIC_SHOWCASE_ONLY
9000088,1994-07-25,gig_worker,64752.33,36,13751.75,3502.29,10506.88,277,0.8384,0.8771,2,0.6536,0.0,0.2576,0.0,0.0899,0.5967,0.1531,True,1,SYNTHETIC_SHOWCASE_ONLY
9000089,1996-11-03,small_merchant,34027.58,18,18081.25,7256.83,21770.49,44,0.8631,0.9832,0,0.8114,41747.12,0.942,17744.92,0.6721,0.2829,0.2025,True,0,SYNTHETIC_SHOWCASE_ONLY
9000090,1997-02-28,small_merchant,300000.0,18,107592.02,36438.39,109315.18,167,0.8011,0.902,0,0.938,302711.94,0.7575,72514.24,0.46,0.4765,0.174,True,0,SYNTHETIC_SHOWCASE_ONLY
9000091,1995-03-06,informal_worker,101923.19,36,24559.97,5009.66,15028.97,204,0.6957,0.7801,0,0.5979,0.0,0.2612,0.0,0.2575,0.5931,0.3285,True,0,SYNTHETIC_SHOWCASE_ONLY
9000092,1997-01-09,first_time_borrower,41160.89,12,11296.89,4389.16,13167.49,30,0.6974,0.7781,0,0.8551,0.0,0.2015,0.0,0.2927,0.5153,0.2035,True,0,SYNTHETIC_SHOWCASE_ONLY
9000093,1997-03-17,informal_worker,82700.3,24,21169.9,6211.14,18633.41,256,0.7554,0.9014,1,0.8326,0.0,0.4644,0.0,0.1913,0.8413,0.1815,True,0,SYNTHETIC_SHOWCASE_ONLY
9000094,1994-12-09,gig_worker,29644.19,24,7412.33,2340.88,7022.63,212,0.837,0.888,0,0.8887,0.0,0.2803,0.0,0.2459,0.6784,0.094,True,0,SYNTHETIC_SHOWCASE_ONLY
9000095,1997-06-28,gig_worker,93531.89,12,31432.63,10887.61,32662.83,47,0.9469,0.837,2,0.5549,0.0,0.0838,0.0,0.0628,0.591,0.0513,True,0,SYNTHETIC_SHOWCASE_ONLY
9000096,1994-06-11,first_time_borrower,122197.93,24,41301.6,9678.72,29036.17,130,0.7703,0.7401,0,0.8249,0.0,0.602,0.0,0.3029,0.7087,0.3667,True,0,SYNTHETIC_SHOWCASE_ONLY
9000097,1994-03-14,gig_worker,68023.51,36,18076.39,6055.33,18165.99,42,0.5255,0.7396,1,0.6788,0.0,0.2482,0.0,0.265,0.7375,0.4974,True,1,SYNTHETIC_SHOWCASE_ONLY
9000098,1996-05-31,small_merchant,81970.05,12,22337.28,7339.58,22018.75,207,0.8068,0.873,1,0.8262,44687.29,0.7256,10898.91,0.5154,0.9122,0.0829,True,0,SYNTHETIC_SHOWCASE_ONLY
9000099,1996-03-08,first_time_borrower,154781.44,6,43621.86,15179.05,45537.15,111,0.6311,0.8814,0,0.5554,0.0,0.3405,0.0,0.2048,0.6343,0.3727,True,1,SYNTHETIC_SHOWCASE_ONLY
9000100,1993-09-13,first_time_borrower,27574.38,24,12086.64,2986.73,8960.18,266,0.5458,0.9213,0,0.5641,0.0,0.183,0.0,0.115,0.7653,0.5031,True,1,SYNTHETIC_SHOWCASE_ONLY
9000101,1997-03-01,small_merchant,63037.55,12,14847.78,5458.45,16375.35,218,0.944,0.7686,0,0.6936,38208.71,0.8834,14313.93,0.8905,0.6959,0.0,True,0,SYNTHETIC_SHOWCASE_ONLY
9000102,1994-01-01,informal_worker,41139.72,18,25096.02,10421.74,31265.23,252,0.9358,0.8285,2,0.888,0.0,0.2851,0.0,0.4463,0.6405,0.0446,True,0,SYNTHETIC_SHOWCASE_ONLY
9000103,1997-01-09,small_merchant,25078.58,12,19513.06,8106.05,24318.16,83,0.5688,0.9275,0,0.6007,75271.54,0.8877,6879.09,0.5763,0.665,0.4578,True,1,SYNTHETIC_SHOWCASE_ONLY
9000104,1993-01-14,informal_worker,51519.36,24,24316.34,5651.0,16952.99,206,0.8461,0.9959,0,0.5478,0.0,0.3882,0.0,0.272,0.7514,0.3024,True,0,SYNTHETIC_SHOWCASE_ONLY
9000105,1996-12-26,gig_worker,26208.92,24,15265.64,5766.35,17299.06,58,0.6232,0.7962,0,0.7582,0.0,0.2409,0.0,0.0501,0.521,0.4016,True,1,SYNTHETIC_SHOWCASE_ONLY
9000106,1996-12-07,gig_worker,109176.79,36,31033.74,9560.27,28680.81,276,0.7532,0.8996,0,0.7616,0.0,0.4945,0.0,0.1845,0.6255,0.2221,True,1,SYNTHETIC_SHOWCASE_ONLY
9000107,1996-11-25,informal_worker,42132.64,12,26064.46,9889.15,29667.44,22,0.6821,0.6949,0,0.5713,0.0,0.3599,0.0,0.5838,0.5146,0.3463,True,1,SYNTHETIC_SHOWCASE_ONLY
9000108,1996-04-29,gig_worker,127141.88,36,36445.43,11726.61,35179.83,197,0.7993,0.801,0,0.8617,0.0,0.3325,0.0,0.3994,0.6712,0.3253,True,0,SYNTHETIC_SHOWCASE_ONLY
9000109,1995-05-12,informal_worker,88109.59,18,30827.16,8762.72,26288.16,203,0.7001,0.8304,1,0.6007,0.0,0.1101,0.0,0.158,0.8717,0.3287,True,1,SYNTHETIC_SHOWCASE_ONLY
9000110,1996-07-11,small_merchant,39293.02,18,30920.39,9589.85,28769.56,146,0.7221,0.6828,1,0.5282,93270.27,0.806,34690.71,0.5762,0.4418,0.2952,True,0,SYNTHETIC_SHOWCASE_ONLY
9000111,1994-05-22,first_time_borrower,24290.95,18,13984.88,4599.36,13798.08,266,0.8556,0.6973,1,0.4337,0.0,0.1343,0.0,0.1886,0.5333,0.1234,True,0,SYNTHETIC_SHOWCASE_ONLY
9000112,1996-11-26,informal_worker,102702.87,18,35468.62,12158.23,36474.68,26,0.7199,0.8933,1,0.5891,0.0,0.091,0.0,0.4235,0.6418,0.3109,True,0,SYNTHETIC_SHOWCASE_ONLY
9000113,1995-10-12,small_merchant,91388.58,18,23888.3,7627.23,22881.68,70,0.9557,0.6371,1,0.5989,101338.01,0.8677,4814.76,0.4293,0.8637,0.0,True,1,SYNTHETIC_SHOWCASE_ONLY
9000114,1995-04-18,informal_worker,60802.69,12,25848.11,6517.3,19551.89,201,0.4871,0.7197,1,0.7619,0.0,0.0886,0.0,0.3312,0.7122,0.5344,True,1,SYNTHETIC_SHOWCASE_ONLY
9000115,1995-07-13,gig_worker,75229.93,12,46310.62,12874.54,38623.63,30,0.7159,0.8767,0,0.8382,0.0,0.4181,0.0,0.1325,0.6475,0.0968,True,0,SYNTHETIC_SHOWCASE_ONLY
9000116,1995-11-05,small_merchant,37632.1,24,19823.65,7099.04,21297.12,125,0.9381,0.8341,2,0.8552,83167.42,0.89,6655.18,0.5333,0.6642,0.1468,True,0,SYNTHETIC_SHOWCASE_ONLY
9000117,1993-03-10,gig_worker,54550.09,6,53558.42,20480.82,61442.45,140,0.7478,0.9358,0,0.618,0.0,0.1747,0.0,0.0502,0.5854,0.2909,True,1,SYNTHETIC_SHOWCASE_ONLY
9000118,1993-09-13,first_time_borrower,39804.84,24,56011.26,13450.3,40350.89,65,0.6158,0.6331,1,0.8602,0.0,0.1241,0.0,0.2908,0.554,0.4293,True,0,SYNTHETIC_SHOWCASE_ONLY
9000119,1994-03-25,first_time_borrower,196183.16,12,40186.9,14496.65,43489.94,33,0.7238,0.8177,2,0.8525,0.0,0.2718,0.0,0.2344,0.5097,0.4598,True,1,SYNTHETIC_SHOWCASE_ONLY
9000120,1993-07-29,first_time_borrower,17911.12,12,17487.85,4906.78,14720.33,105,0.8576,0.9258,0,0.677,0.0,0.555,0.0,0.4705,0.5492,0.1292,True,0,SYNTHETIC_SHOWCASE_ONLY
9000121,1995-03-14,first_time_borrower,11269.66,24,9803.93,3482.8,10448.4,204,0.5675,0.668,0,0.654,0.0,0.4404,0.0,0.2373,0.4819,0.4976,True,1,SYNTHETIC_SHOWCASE_ONLY
9000122,1996-05-05,first_time_borrower,208294.06,12,46995.19,9796.84,29390.51,204,0.6415,0.8473,0,0.5427,0.0,0.3035,0.0,0.1534,0.8088,0.4052,True,1,SYNTHETIC_SHOWCASE_ONLY
9000123,1996-04-09,gig_worker,103955.86,36,29537.76,9707.22,29121.65,199,0.6486,0.5761,0,0.7873,0.0,0.2355,0.0,0.2812,0.8555,0.3004,True,0,SYNTHETIC_SHOWCASE_ONLY
9000124,1995-05-11,first_time_borrower,49316.57,36,19580.02,7804.42,23413.26,56,0.8125,0.595,2,0.8724,0.0,0.1863,0.0,0.2855,0.5796,0.1279,True,0,SYNTHETIC_SHOWCASE_ONLY
9000125,1997-04-11,small_merchant,169956.13,12,49181.35,11014.48,33043.45,265,0.5103,0.7272,0,0.9857,127803.92,0.9396,21176.88,0.8508,0.8503,0.5365,True,1,SYNTHETIC_SHOWCASE_ONLY
9000126,1995-10-30,small_merchant,87285.02,12,18516.39,7057.35,21172.06,172,0.7395,0.982,0,0.9954,38517.51,0.5889,593.57,0.8797,0.44,0.3331,True,1,SYNTHETIC_SHOWCASE_ONLY
9000127,1993-05-25,small_merchant,23693.31,6,22842.21,6421.09,19263.26,257,0.6515,0.8102,0,0.9242,75871.65,0.837,17686.43,0.5811,0.4667,0.3156,True,1,SYNTHETIC_SHOWCASE_ONLY
9000128,1996-10-28,small_merchant,60241.94,24,36022.79,9696.56,29089.67,75,0.7494,0.7128,0,0.631,66190.14,0.9754,14227.97,0.569,0.8744,0.2455,True,0,SYNTHETIC_SHOWCASE_ONLY
9000129,1995-11-16,gig_worker,71947.61,9,16406.46,4530.94,13592.82,278,0.7875,0.8979,0,0.7178,0.0,0.52,0.0,0.0323,0.3527,0.2123,True,1,SYNTHETIC_SHOWCASE_ONLY
9000130,1996-03-04,gig_worker,107191.15,36,26566.57,6997.87,20993.6,26,0.9587,0.6616,2,0.5655,0.0,0.206,0.0,0.2172,0.8338,0.1744,True,0,SYNTHETIC_SHOWCASE_ONLY
9000131,1995-10-30,gig_worker,234947.33,36,47228.16,8985.7,26957.11,199,0.6717,0.6338,0,0.9506,0.0,0.1783,0.0,0.5564,0.7378,0.3513,True,0,SYNTHETIC_SHOWCASE_ONLY
9000132,1995-10-08,small_merchant,61389.56,9,30986.07,11268.45,33805.34,261,0.5917,0.8139,0,0.8524,70878.58,0.8363,30921.45,0.8315,0.7226,0.3609,True,0,SYNTHETIC_SHOWCASE_ONLY
9000133,1993-06-15,first_time_borrower,242424.79,24,50956.34,18308.81,54926.43,239,0.808,0.6605,1,0.574,0.0,0.5532,0.0,0.4563,0.7387,0.2025,True,0,SYNTHETIC_SHOWCASE_ONLY
9000134,1995-10-19,informal_worker,101908.8,12,48247.0,19657.97,58973.92,187,0.5827,0.6463,0,0.902,0.0,0.3094,0.0,0.4098,0.9419,0.3774,True,0,SYNTHETIC_SHOWCASE_ONLY
9000135,1996-12-22,small_merchant,105289.84,18,28104.2,5284.96,15854.89,15,0.6806,0.7916,1,0.646,105121.88,0.6645,9690.39,0.4679,0.532,0.3286,True,0,SYNTHETIC_SHOWCASE_ONLY
9000136,1994-07-10,small_merchant,40898.75,9,9120.9,3574.4,10723.2,114,0.7327,0.748,1,0.8078,39391.54,0.8352,5480.37,0.6469,0.7466,0.2273,True,1,SYNTHETIC_SHOWCASE_ONLY
9000137,1996-01-06,small_merchant,22255.86,24,16468.24,3418.3,10254.9,68,0.6348,0.977,0,0.9,56118.72,0.7942,14745.5,0.7391,0.8188,0.2278,True,0,SYNTHETIC_SHOWCASE_ONLY
9000138,1993-02-26,gig_worker,60780.66,9,40390.92,16663.88,49991.65,41,0.8947,0.9233,0,0.9648,0.0,0.0294,0.0,0.2013,0.9164,0.1567,True,0,SYNTHETIC_SHOWCASE_ONLY
9000139,1994-09-27,first_time_borrower,41991.13,24,13304.25,5422.98,16268.94,56,0.5334,0.877,0,0.6562,0.0,0.2828,0.0,0.2498,0.6089,0.4866,True,0,SYNTHETIC_SHOWCASE_ONLY
9000140,1995-03-09,gig_worker,103232.75,12,23936.2,9814.56,29443.67,110,0.7868,0.7041,0,0.7643,0.0,0.3445,0.0,0.4899,0.7416,0.0187,True,0,SYNTHETIC_SHOWCASE_ONLY
9000141,1997-11-30,informal_worker,31206.24,18,32939.59,8974.66,26923.99,207,0.7689,0.6895,2,0.8263,0.0,0.0433,0.0,0.1709,0.7191,0.2954,True,0,SYNTHETIC_SHOWCASE_ONLY
9000142,1994-01-27,informal_worker,246254.46,36,56690.03,20014.39,60043.18,189,0.2219,0.8183,0,0.8153,0.0,0.1066,0.0,0.2489,0.6732,0.7601,True,1,SYNTHETIC_SHOWCASE_ONLY
9000143,1994-05-20,small_merchant,44824.51,24,21246.56,6180.94,18542.83,32,0.683,0.9778,0,0.4679,32044.5,0.8505,18356.35,0.5031,0.7505,0.3293,True,0,SYNTHETIC_SHOWCASE_ONLY
9000144,1995-01-16,first_time_borrower,49084.05,18,20559.65,5419.79,16259.37,67,0.812,0.4946,5,0.6636,0.0,0.2896,0.0,0.0804,0.7205,0.2926,True,1,SYNTHETIC_SHOWCASE_ONLY
9000145,1997-12-18,gig_worker,57212.34,12,27303.93,7886.34,23659.02,242,0.9237,0.6213,4,0.6993,0.0,0.6735,0.0,0.3838,0.8495,0.0719,True,0,SYNTHETIC_SHOWCASE_ONLY
9000146,1997-04-08,first_time_borrower,152777.34,12,33136.74,8092.88,24278.64,196,0.9339,0.8636,0,0.7562,0.0,0.3126,0.0,0.4864,0.2592,0.0913,True,0,SYNTHETIC_SHOWCASE_ONLY
9000147,1993-03-05,informal_worker,30565.0,12,26001.81,7509.09,22527.27,189,0.5573,0.4213,1,0.8251,0.0,0.2352,0.0,0.0937,0.7242,0.4669,True,1,SYNTHETIC_SHOWCASE_ONLY
9000148,1994-03-04,informal_worker,144874.22,36,46332.95,14087.31,42261.92,157,0.6082,0.6659,3,0.5205,0.0,0.3563,0.0,0.2281,0.7559,0.4175,True,1,SYNTHETIC_SHOWCASE_ONLY
9000149,1997-02-09,informal_worker,23881.37,12,19079.52,7869.67,23609.0,48,0.7394,0.8058,2,0.8985,0.0,0.2589,0.0,0.2488,0.5161,0.2726,True,0,SYNTHETIC_SHOWCASE_ONLY
9000150,1993-04-17,first_time_borrower,138992.77,12,29662.44,9333.45,28000.34,189,0.7246,0.5665,3,0.9177,0.0,0.8319,0.0,0.1705,0.6861,0.2537,True,1,SYNTHETIC_SHOWCASE_ONLY
9000151,1997-04-12,first_time_borrower,142529.37,24,34671.1,7682.25,23046.76,161,0.8787,0.734,1,0.7481,0.0,0.3168,0.0,0.4304,0.7617,0.0518,True,0,SYNTHETIC_SHOWCASE_ONLY
9000152,1994-05-29,small_merchant,37635.18,12,23106.01,4600.79,13802.37,257,0.7547,0.975,0,0.7827,34512.7,0.4389,19955.38,0.3551,0.5197,0.1809,True,0,SYNTHETIC_SHOWCASE_ONLY
9000153,1997-08-03,informal_worker,80036.76,24,41899.14,13037.81,39113.43,20,0.6247,0.8133,0,0.8459,0.0,0.061,0.0,0.2041,0.7409,0.3925,True,1,SYNTHETIC_SHOWCASE_ONLY
9000154,1994-06-21,informal_worker,68531.63,12,30075.31,6093.1,18279.3,190,0.6235,0.5612,1,0.9628,0.0,0.6342,0.0,0.1136,0.6417,0.451,True,1,SYNTHETIC_SHOWCASE_ONLY
9000155,1995-03-05,small_merchant,97471.71,6,40888.57,14036.29,42108.86,190,0.8164,0.9725,0,0.7876,106225.87,0.6216,6257.05,0.7095,0.8177,0.1272,True,0,SYNTHETIC_SHOWCASE_ONLY
9000156,1996-04-23,first_time_borrower,128969.99,18,30734.15,5978.13,17934.38,131,0.9623,0.9292,1,0.5096,0.0,0.2972,0.0,0.6311,0.5251,0.0405,True,0,SYNTHETIC_SHOWCASE_ONLY
9000157,1993-08-19,small_merchant,103450.05,18,33544.69,13125.78,39377.35,19,0.8048,0.6609,2,0.7142,48020.57,0.924,25671.08,0.5133,0.6397,0.1403,True,1,SYNTHETIC_SHOWCASE_ONLY
9000158,1995-10-15,small_merchant,51321.75,36,20669.44,6975.04,20925.11,276,0.3438,0.558,3,0.8209,92091.5,0.836,27955.61,0.8623,0.681,0.6849,True,1,SYNTHETIC_SHOWCASE_ONLY
9000159,1995-07-12,gig_worker,77892.51,12,20685.52,6596.16,19788.47,52,0.8635,0.8108,0,0.8847,0.0,0.3597,0.0,0.0472,0.4723,0.2027,True,0,SYNTHETIC_SHOWCASE_ONLY
9000160,1996-12-02,gig_worker,131766.05,9,50396.15,20519.54,61558.63,254,0.3029,0.8232,2,0.5657,0.0,0.1948,0.0,0.1347,0.6694,0.7627,True,1,SYNTHETIC_SHOWCASE_ONLY
9000161,1997-12-24,first_time_borrower,44226.84,12,37987.21,8635.4,25906.19,22,0.7185,0.7235,1,0.8187,0.0,0.2541,0.0,0.1946,0.7613,0.2809,True,1,SYNTHETIC_SHOWCASE_ONLY
9000162,1996-04-28,small_merchant,18386.11,12,17136.0,6849.59,20548.76,198,0.7192,0.8493,0,0.6998,36438.41,0.8762,4540.63,0.927,0.5434,0.3873,True,0,SYNTHETIC_SHOWCASE_ONLY
9000163,1995-01-18,small_merchant,62123.62,18,30539.44,5964.17,17892.5,187,0.8149,0.7509,1,0.8143,133593.42,0.8389,24281.38,0.4969,0.6502,0.1571,True,0,SYNTHETIC_SHOWCASE_ONLY
9000164,1995-01-13,gig_worker,29144.19,12,8960.2,1755.88,5267.65,120,0.7835,0.8563,0,0.9077,0.0,0.4173,0.0,0.0944,0.6143,0.2775,True,0,SYNTHETIC_SHOWCASE_ONLY
9000165,1995-02-03,small_merchant,25366.7,18,21257.57,5249.87,15749.6,130,0.9692,0.7934,2,0.7987,50678.0,0.8017,5521.57,0.2514,0.4954,0.0,True,0,SYNTHETIC_SHOWCASE_ONLY
9000166,1997-01-26,informal_worker,134148.86,36,44411.47,17311.3,51933.9,13,0.6518,0.8916,1,0.7258,0.0,0.0473,0.0,0.0224,0.4242,0.3491,True,0,SYNTHETIC_SHOWCASE_ONLY
9000167,1994-08-10,first_time_borrower,47099.92,12,26367.56,6045.57,18136.71,211,0.6346,0.7925,1,0.6766,0.0,0.4612,0.0,0.2016,0.825,0.4647,True,0,SYNTHETIC_SHOWCASE_ONLY
9000168,1993-11-01,gig_worker,108442.09,18,29630.45,8772.87,26318.61,142,0.8279,0.7312,1,0.8858,0.0,0.4033,0.0,0.0636,0.8087,0.1229,True,0,SYNTHETIC_SHOWCASE_ONLY
9000169,1994-09-03,small_merchant,5070.49,12,7000.0,2544.66,7633.97,245,0.6393,0.8775,1,0.6923,23092.94,0.5299,6613.04,0.6134,0.6651,0.3538,True,0,SYNTHETIC_SHOWCASE_ONLY
9000170,1993-02-11,small_merchant,61783.73,24,23194.68,7277.4,21832.21,172,0.4924,0.9475,0,0.8791,78297.45,0.8405,32750.47,0.7911,0.8503,0.5276,True,0,SYNTHETIC_SHOWCASE_ONLY
9000171,1993-07-13,informal_worker,27335.88,12,32936.29,11303.86,33911.58,123,0.8493,0.9814,0,0.3414,0.0,0.0813,0.0,0.2651,0.5282,0.141,True,0,SYNTHETIC_SHOWCASE_ONLY
9000172,1993-06-14,small_merchant,71912.26,18,35006.85,9138.11,27414.33,221,0.7906,0.8102,0,0.7534,154388.65,0.7663,3068.05,0.2832,0.4011,0.2453,True,0,SYNTHETIC_SHOWCASE_ONLY
9000173,1996-11-09,small_merchant,29709.36,12,44439.79,15705.56,47116.68,93,0.5494,0.8345,0,0.7171,136491.47,0.817,25824.72,0.6868,0.5534,0.4319,True,0,SYNTHETIC_SHOWCASE_ONLY
9000174,1996-08-12,small_merchant,67432.19,6,25312.06,10102.55,30307.66,155,0.8176,0.9856,0,0.7322,55204.82,0.6249,22831.57,0.5997,0.3786,0.1829,True,1,SYNTHETIC_SHOWCASE_ONLY
9000175,1996-06-26,informal_worker,102789.35,12,25859.8,7232.91,21698.73,179,0.6618,0.8463,2,0.498,0.0,0.2683,0.0,0.0359,0.6149,0.355,True,1,SYNTHETIC_SHOWCASE_ONLY
9000176,1995-04-24,small_merchant,15378.02,12,14772.81,3937.24,11811.71,138,0.6476,0.8343,1,0.7987,56017.64,0.8478,7749.26,0.803,0.8661,0.4543,True,0,SYNTHETIC_SHOWCASE_ONLY
9000177,1996-08-02,small_merchant,97338.87,24,25381.85,8072.95,24218.84,210,0.9077,0.5992,2,0.7318,97315.09,0.7121,15041.75,0.71,0.5266,0.1515,True,0,SYNTHETIC_SHOWCASE_ONLY
9000178,1993-10-22,informal_worker,48449.64,12,15281.58,3645.22,10935.66,194,0.6998,0.6622,1,0.9064,0.0,0.3084,0.0,0.3765,0.4734,0.3061,True,1,SYNTHETIC_SHOWCASE_ONLY
9000179,1997-07-03,informal_worker,32526.56,36,11533.17,3272.35,9817.05,190,0.6264,0.5127,3,0.8386,0.0,0.3763,0.0,0.1393,0.5338,0.412,True,0,SYNTHETIC_SHOWCASE_ONLY
9000180,1995-07-04,small_merchant,53849.32,18,16631.83,5085.39,15256.18,22,0.4647,0.937,0,0.8131,42475.98,0.7959,1394.17,0.4768,0.777,0.4617,True,0,SYNTHETIC_SHOWCASE_ONLY
9000181,1997-09-09,informal_worker,120031.46,12,57764.43,22365.18,67095.53,40,0.7066,0.6653,0,0.6533,0.0,0.5451,0.0,0.4481,0.7415,0.4423,True,0,SYNTHETIC_SHOWCASE_ONLY
9000182,1993-10-06,first_time_borrower,91609.47,12,24589.88,7409.88,22229.64,277,0.7413,0.5334,2,0.7997,0.0,0.2118,0.0,0.6186,0.5291,0.2959,True,1,SYNTHETIC_SHOWCASE_ONLY
9000183,1995-06-28,gig_worker,125416.91,12,31116.73,8709.69,26129.08,69,0.8901,0.883,0,0.9386,0.0,0.1949,0.0,0.165,0.8741,0.1695,True,0,SYNTHETIC_SHOWCASE_ONLY
9000184,1996-06-25,informal_worker,88062.67,24,21883.36,4998.27,14994.81,106,0.6221,0.7799,2,0.8272,0.0,0.0439,0.0,0.1424,0.7305,0.3964,True,1,SYNTHETIC_SHOWCASE_ONLY
9000185,1995-06-25,gig_worker,21168.36,9,11854.89,2288.13,6864.38,116,0.7066,0.6813,5,0.8158,0.0,0.1613,0.0,0.3931,0.8667,0.3823,True,1,SYNTHETIC_SHOWCASE_ONLY
9000186,1995-03-26,informal_worker,152591.37,24,43883.52,14603.88,43811.64,247,0.8689,0.8288,0,0.9299,0.0,0.3871,0.0,0.2198,0.7439,0.0649,True,0,SYNTHETIC_SHOWCASE_ONLY
9000187,1993-10-31,gig_worker,12354.11,6,9870.49,1883.1,5649.3,72,0.6095,0.7521,2,0.6998,0.0,0.3236,0.0,0.494,0.7924,0.394,True,1,SYNTHETIC_SHOWCASE_ONLY
9000188,1994-11-27,informal_worker,59638.4,12,21453.85,7337.09,22011.28,58,0.5709,0.6942,0,0.807,0.0,0.3794,0.0,0.4524,0.5966,0.4209,True,1,SYNTHETIC_SHOWCASE_ONLY
9000189,1994-03-12,gig_worker,16680.85,9,27275.51,9298.52,27895.55,139,0.5698,0.637,0,0.6558,0.0,0.2021,0.0,0.2323,0.6064,0.5299,True,1,SYNTHETIC_SHOWCASE_ONLY
9000190,1994-07-05,small_merchant,45405.4,24,31275.64,7118.84,21356.51,206,0.5908,0.87,0,0.7632,140010.4,0.7896,45636.37,0.6068,0.7246,0.4073,True,0,SYNTHETIC_SHOWCASE_ONLY
9000191,1996-06-02,first_time_borrower,66770.77,18,19756.83,6422.16,19266.48,241,0.7947,0.8606,1,0.7038,0.0,0.2165,0.0,0.1903,0.2669,0.176,True,0,SYNTHETIC_SHOWCASE_ONLY
9000192,1996-02-25,small_merchant,51534.71,36,11588.15,4554.36,13663.09,72,0.5296,0.947,0,0.4048,23040.37,0.742,9560.38,0.469,0.6721,0.3931,True,0,SYNTHETIC_SHOWCASE_ONLY
9000193,1996-01-14,first_time_borrower,15549.07,12,19061.67,5317.74,15953.21,78,0.5718,0.7907,0,0.8108,0.0,0.1945,0.0,0.2888,0.8718,0.4311,True,0,SYNTHETIC_SHOWCASE_ONLY
9000194,1994-10-23,first_time_borrower,59766.27,6,19546.59,7528.09,22584.28,102,0.6827,0.8431,2,0.8684,0.0,0.2279,0.0,0.3116,0.646,0.2701,True,1,SYNTHETIC_SHOWCASE_ONLY
9000195,1997-10-19,first_time_borrower,65721.58,24,19319.59,4706.32,14118.96,232,0.6978,0.895,1,0.9319,0.0,0.2482,0.0,0.4504,0.5352,0.2388,True,0,SYNTHETIC_SHOWCASE_ONLY
9000196,1993-06-10,gig_worker,209753.12,18,44604.41,17155.1,51465.3,48,0.8377,0.9486,1,0.4256,0.0,0.5069,0.0,0.0673,0.6436,0.1622,True,0,SYNTHETIC_SHOWCASE_ONLY
9000197,1994-09-18,informal_worker,54459.85,24,15637.55,6466.57,19399.7,14,0.6738,0.8356,0,0.6109,0.0,0.2632,0.0,0.3241,0.8695,0.2493,True,0,SYNTHETIC_SHOWCASE_ONLY
9000198,1993-08-04,gig_worker,34077.74,12,32351.96,8393.51,25180.52,279,0.9591,0.8751,0,0.8026,0.0,0.362,0.0,0.2257,0.8665,0.0,True,0,SYNTHETIC_SHOWCASE_ONLY
9000199,1994-09-11,small_merchant,37632.36,24,30210.43,5556.33,16668.99,158,0.8373,0.7659,0,0.9429,128681.29,0.8739,40328.84,0.5523,0.5356,0.1157,True,0,SYNTHETIC_SHOWCASE_ONLY
9000200,1997-10-23,first_time_borrower,150840.39,9,44399.27,17674.22,53022.65,107,0.8461,0.6369,2,0.851,0.0,0.2837,0.0,0.3002,0.8511,0.2794,True,1,SYNTHETIC_SHOWCASE_ONLY
9000201,1994-10-31,informal_worker,40679.91,36,26266.68,10667.11,32001.32,69,0.513,0.8073,1,0.5082,0.0,0.1341,0.0,0.1668,0.6122,0.5486,True,0,SYNTHETIC_SHOWCASE_ONLY
9000202,1997-07-18,small_merchant,191754.51,9,40933.44,15204.45,45613.36,29,0.5012,0.9031,1,0.8936,148739.69,0.7531,35349.58,0.8817,0.7509,0.4687,True,1,SYNTHETIC_SHOWCASE_ONLY
9000203,1995-06-23,small_merchant,119896.18,24,25778.45,6509.85,19529.55,167,0.6547,0.708,3,0.5978,82386.53,0.7815,19460.6,0.5808,0.6937,0.376,True,1,SYNTHETIC_SHOWCASE_ONLY
9000204,1996-07-01,informal_worker,164665.38,12,34491.5,14114.97,42344.92,69,0.7098,0.5149,3,0.8991,0.0,0.3554,0.0,0.1944,0.2841,0.3485,True,1,SYNTHETIC_SHOWCASE_ONLY
9000205,1995-04-16,informal_worker,25708.86,24,13609.84,5429.5,16288.5,87,0.8418,0.6948,0,0.2887,0.0,0.4957,0.0,0.5383,0.3278,0.2374,True,1,SYNTHETIC_SHOWCASE_ONLY
9000206,1994-05-01,small_merchant,29630.59,24,7891.85,3284.91,9854.73,73,0.7944,0.9235,1,0.8834,23113.51,0.8651,10860.9,0.4814,0.59,0.124,True,0,SYNTHETIC_SHOWCASE_ONLY
9000207,1996-10-27,first_time_borrower,118050.16,24,33563.09,7767.59,23302.77,52,0.5989,0.8616,0,0.4968,0.0,0.4202,0.0,0.4658,0.9182,0.4294,True,1,SYNTHETIC_SHOWCASE_ONLY
9000208,1997-11-05,gig_worker,26058.05,12,34438.41,9027.12,27081.36,164,0.8597,0.5051,6,0.267,0.0,0.4556,0.0,0.2192,0.635,0.1272,True,1,SYNTHETIC_SHOWCASE_ONLY
9000209,1994-04-27,gig_worker,62213.35,12,35178.87,11999.08,35997.24,118,0.8491,0.8952,0,0.8322,0.0,0.3395,0.0,0.3671,0.5764,0.2022,True,0,SYNTHETIC_SHOWCASE_ONLY
9000210,1996-11-22,informal_worker,32858.04,24,21763.56,5702.85,17108.56,71,0.7291,0.9428,0,0.6736,0.0,0.2699,0.0,0.2051,0.5668,0.2132,True,0,SYNTHETIC_SHOWCASE_ONLY
9000211,1994-04-22,first_time_borrower,127736.7,18,57241.04,18509.73,55529.18,135,0.9458,0.5457,4,0.8376,0.0,0.6263,0.0,0.1249,0.8123,0.0379,True,1,SYNTHETIC_SHOWCASE_ONLY
9000212,1996-08-02,gig_worker,107631.22,18,22453.87,4581.14,13743.43,264,0.3005,0.9073,1,0.7869,0.0,0.079,0.0,0.1117,0.7155,0.679,True,1,SYNTHETIC_SHOWCASE_ONLY
9000213,1996-12-11,gig_worker,148062.08,12,34268.5,7345.93,22037.78,155,0.6804,0.7568,4,0.7042,0.0,0.3588,0.0,0.1769,0.8421,0.2218,True,1,SYNTHETIC_SHOWCASE_ONLY
9000214,1995-04-01,gig_worker,70440.74,12,37249.18,14959.4,44878.19,14,0.4758,0.563,3,0.7522,0.0,0.3758,0.0,0.2297,0.6265,0.5176,True,1,SYNTHETIC_SHOWCASE_ONLY
9000215,1996-09-07,first_time_borrower,187341.26,12,63892.36,18515.99,55547.96,237,0.9248,0.9139,0,0.7398,0.0,0.1506,0.0,0.1501,0.6675,0.0555,True,0,SYNTHETIC_SHOWCASE_ONLY
9000216,1994-05-13,gig_worker,34771.96,18,24047.48,4434.83,13304.48,97,0.6965,0.9327,0,0.6547,0.0,0.2735,0.0,0.2967,0.5101,0.2649,True,0,SYNTHETIC_SHOWCASE_ONLY
9000217,1993-05-25,small_merchant,37259.17,12,20464.1,4579.0,13737.01,125,0.9625,0.9017,1,0.5543,79947.87,0.9122,29797.41,0.4244,0.6101,0.0,True,0,SYNTHETIC_SHOWCASE_ONLY
9000218,1993-06-26,first_time_borrower,12086.3,12,13641.2,4718.23,14154.68,103,0.4389,0.9483,1,0.5575,0.0,0.0389,0.0,0.1054,0.9498,0.4612,True,1,SYNTHETIC_SHOWCASE_ONLY
9000219,1995-03-28,gig_worker,202180.86,24,58988.39,17615.16,52845.48,43,0.539,0.8814,1,0.659,0.0,0.5608,0.0,0.329,0.6618,0.4847,True,1,SYNTHETIC_SHOWCASE_ONLY
9000220,1997-07-07,small_merchant,119643.06,18,34277.25,7469.4,22408.21,18,0.8762,0.9563,0,0.9429,110759.68,0.7708,20882.61,0.5535,0.526,0.1431,True,0,SYNTHETIC_SHOWCASE_ONLY
9000221,1993-08-21,small_merchant,149279.8,24,34801.96,12989.28,38967.84,50,0.6589,0.6631,0,0.8626,116845.4,0.8417,10134.06,0.758,0.5746,0.2899,True,0,SYNTHETIC_SHOWCASE_ONLY
9000222,1995-04-13,informal_worker,300000.0,12,124988.6,30962.92,92888.77,116,0.7054,0.643,0,0.8766,0.0,0.1964,0.0,0.6991,0.6161,0.2505,True,0,SYNTHETIC_SHOWCASE_ONLY
9000223,1996-07-09,small_merchant,42685.65,12,32727.84,9578.34,28735.03,267,0.8891,0.8903,1,0.7012,50070.1,0.7189,32599.3,0.3697,0.7421,0.1032,True,0,SYNTHETIC_SHOWCASE_ONLY
9000224,1994-01-05,small_merchant,57985.01,18,14985.61,3608.18,10824.55,53,0.7903,0.5538,0,0.796,40042.59,0.4963,9452.04,0.3992,0.479,0.2526,True,1,SYNTHETIC_SHOWCASE_ONLY
9000225,1996-08-10,gig_worker,30398.76,12,25487.06,7689.97,23069.91,243,0.4403,0.6911,1,0.5965,0.0,0.6652,0.0,0.1047,0.5185,0.5907,True,1,SYNTHETIC_SHOWCASE_ONLY
9000226,1994-07-13,informal_worker,39358.94,24,17536.93,5221.47,15664.4,49,0.8127,0.9717,0,0.7097,0.0,0.1925,0.0,0.3418,0.1375,0.1769,True,0,SYNTHETIC_SHOWCASE_ONLY
9000227,1997-01-16,informal_worker,66415.37,9,23154.47,4631.66,13894.98,242,0.7085,0.9716,0,0.9463,0.0,0.3812,0.0,0.3612,0.8165,0.2641,True,0,SYNTHETIC_SHOWCASE_ONLY
9000228,1995-11-24,gig_worker,18871.68,18,23079.89,5490.85,16472.56,33,0.5205,0.7617,1,0.7085,0.0,0.2896,0.0,0.2138,0.4547,0.52,True,1,SYNTHETIC_SHOWCASE_ONLY
9000229,1995-09-26,small_merchant,27245.52,9,21124.49,5395.88,16187.65,21,0.7073,0.9224,0,0.826,35057.93,0.8998,30676.66,0.7387,0.6787,0.3326,True,0,SYNTHETIC_SHOWCASE_ONLY
9000230,1993-11-19,first_time_borrower,25720.01,18,14345.39,5094.15,15282.45,207,0.9072,0.7593,0,0.3028,0.0,0.4319,0.0,0.2223,0.4636,0.0276,True,0,SYNTHETIC_SHOWCASE_ONLY
9000231,1995-04-26,gig_worker,69828.86,24,60135.8,14580.93,43742.78,12,0.8576,0.8008,0,0.5838,0.0,0.5483,0.0,0.0506,0.636,0.2116,True,0,SYNTHETIC_SHOWCASE_ONLY
9000232,1997-04-14,gig_worker,152222.69,6,32318.88,6202.94,18608.81,46,0.7226,0.6442,3,0.8355,0.0,0.2797,0.0,0.1887,0.8227,0.1751,True,1,SYNTHETIC_SHOWCASE_ONLY
9000233,1993-02-05,small_merchant,46954.07,12,25127.88,7921.12,23763.36,17,0.8501,0.8451,0,0.9006,59326.81,0.8683,7649.31,0.7822,0.3345,0.2015,True,0,SYNTHETIC_SHOWCASE_ONLY
9000234,1996-10-17,small_merchant,112993.42,18,40280.63,11947.01,35841.04,177,0.5682,0.8627,0,0.7016,167356.06,0.9917,25946.53,0.6269,0.9379,0.4447,True,1,SYNTHETIC_SHOWCASE_ONLY
9000235,1995-06-19,gig_worker,174984.99,24,35104.06,9011.22,27033.65,121,0.5009,0.9634,0,0.8358,0.0,0.3385,0.0,0.1621,0.5445,0.4938,True,0,SYNTHETIC_SHOWCASE_ONLY
9000236,1996-08-06,small_merchant,98864.6,6,31961.63,8091.46,24274.38,268,0.8951,0.7566,1,0.7026,134001.06,0.6099,16739.1,0.8656,0.5166,0.1544,True,1,SYNTHETIC_SHOWCASE_ONLY
9000237,1996-04-26,gig_worker,93772.49,12,38900.36,13180.0,39539.99,226,0.3778,0.845,1,0.6732,0.0,0.2915,0.0,0.3573,0.5439,0.6304,True,1,SYNTHETIC_SHOWCASE_ONLY
9000238,1995-03-01,small_merchant,140072.12,24,29859.21,9004.65,27013.95,46,0.7589,0.7148,1,0.7486,47158.82,0.8851,24072.0,0.7724,0.8935,0.2208,True,0,SYNTHETIC_SHOWCASE_ONLY
9000239,1994-07-18,informal_worker,60989.17,18,38625.43,10519.67,31559.02,246,0.9504,0.8492,3,0.817,0.0,0.0924,0.0,0.2718,0.5954,0.1514,True,0,SYNTHETIC_SHOWCASE_ONLY
9000240,1996-02-20,small_merchant,55860.67,24,40193.22,15250.23,45750.7,214,0.6012,0.937,1,0.6137,106321.7,0.6706,43428.97,0.8131,0.6425,0.552,True,0,SYNTHETIC_SHOWCASE_ONLY
9000241,1993-09-14,gig_worker,89479.74,12,30274.61,7119.44,21358.31,206,0.5485,0.886,1,0.8991,0.0,0.1531,0.0,0.1672,0.6713,0.3152,True,0,SYNTHETIC_SHOWCASE_ONLY
9000242,1995-12-03,first_time_borrower,62472.42,36,25189.2,7836.38,23509.14,154,0.8102,0.7227,1,0.6998,0.0,0.1152,0.0,0.0992,0.7472,0.2095,True,0,SYNTHETIC_SHOWCASE_ONLY
9000243,1993-06-22,gig_worker,239708.76,6,58369.61,22338.51,67015.53,78,0.8297,0.6774,0,0.8843,0.0,0.1391,0.0,0.3085,0.3376,0.1842,True,1,SYNTHETIC_SHOWCASE_ONLY
9000244,1996-04-01,informal_worker,17470.99,9,22260.45,4338.69,13016.06,64,0.5209,0.569,1,0.8763,0.0,0.5935,0.0,0.5477,0.6508,0.4228,True,0,SYNTHETIC_SHOWCASE_ONLY
9000245,1996-02-23,small_merchant,112100.45,18,33785.61,6979.23,20937.68,71,0.4672,0.6358,2,0.5179,149410.5,0.7138,33586.96,0.8449,0.8477,0.7786,True,1,SYNTHETIC_SHOWCASE_ONLY
9000246,1993-06-04,informal_worker,127291.66,12,34154.03,8686.32,26058.97,91,0.8338,0.9322,3,0.6934,0.0,0.1692,0.0,0.2808,0.8175,0.1701,True,1,SYNTHETIC_SHOWCASE_ONLY
9000247,1996-10-15,gig_worker,101903.97,18,20897.23,7433.74,22301.22,236,0.8453,0.8696,0,0.7825,0.0,0.1595,0.0,0.1707,0.7856,0.0805,True,0,SYNTHETIC_SHOWCASE_ONLY
9000248,1995-01-30,gig_worker,23586.06,12,19000.2,4410.55,13231.64,15,0.469,0.7103,1,0.6649,0.0,0.3688,0.0,0.0447,0.9324,0.5289,True,1,SYNTHETIC_SHOWCASE_ONLY
9000249,1996-12-07,small_merchant,39773.97,12,23626.18,7107.41,21322.24,234,0.9147,0.9259,0,0.8304,52131.51,0.9152,1322.59,0.6047,0.8285,0.212,True,0,SYNTHETIC_SHOWCASE_ONLY
9000250,1993-03-17,gig_worker,103968.49,24,22108.02,5306.8,15920.41,142,0.5216,0.7955,1,0.6401,0.0,0.3212,0.0,0.3384,0.7133,0.6058,True,1,SYNTHETIC_SHOWCASE_ONLY
9000251,1993-11-24,gig_worker,46928.64,12,13905.74,5415.05,16245.14,20,0.7929,0.9623,0,0.8596,0.0,0.4092,0.0,0.0955,0.7405,0.4132,True,0,SYNTHETIC_SHOWCASE_ONLY
9000252,1995-06-22,informal_worker,15717.27,24,20480.78,7118.98,21356.95,33,0.5518,0.9754,0,0.9156,0.0,0.3151,0.0,0.3011,0.7994,0.5185,True,0,SYNTHETIC_SHOWCASE_ONLY
9000253,1993-12-10,first_time_borrower,29917.68,18,31816.71,9085.53,27256.6,249,0.6898,0.7636,1,0.7236,0.0,0.4375,0.0,0.072,0.2933,0.1894,True,0,SYNTHETIC_SHOWCASE_ONLY
9000254,1994-08-26,gig_worker,208520.95,9,51411.27,21346.01,64038.04,145,0.628,0.9347,0,0.6462,0.0,0.0979,0.0,0.1532,0.9132,0.3217,True,1,SYNTHETIC_SHOWCASE_ONLY
9000255,1996-04-21,first_time_borrower,113149.51,24,36536.52,15159.64,45478.93,66,0.851,0.876,0,0.7213,0.0,0.1619,0.0,0.3952,0.5632,0.1239,True,0,SYNTHETIC_SHOWCASE_ONLY
9000256,1993-09-21,informal_worker,24826.11,24,8039.99,2722.94,8168.81,97,0.5344,0.6983,1,0.7518,0.0,0.3589,0.0,0.3684,0.6078,0.4645,True,1,SYNTHETIC_SHOWCASE_ONLY
9000257,1996-05-22,first_time_borrower,170329.33,24,38092.99,10170.6,30511.81,267,0.6021,0.7752,3,0.7718,0.0,0.1237,0.0,0.3774,0.6009,0.3168,True,1,SYNTHETIC_SHOWCASE_ONLY
9000258,1993-07-08,informal_worker,35573.81,6,21419.28,6695.29,20085.88,152,0.775,0.8276,1,0.5344,0.0,0.2317,0.0,0.4569,0.5581,0.136,True,1,SYNTHETIC_SHOWCASE_ONLY
9000259,1993-11-16,informal_worker,45448.17,18,34802.28,14394.79,43184.38,49,0.6435,0.8213,0,0.578,0.0,0.2476,0.0,0.4039,0.6462,0.3223,True,0,SYNTHETIC_SHOWCASE_ONLY
9000260,1995-12-10,small_merchant,91795.95,36,27810.67,11427.45,34282.35,20,0.8141,0.6609,3,0.4609,72328.26,0.9004,36916.03,0.4933,0.8331,0.2075,True,0,SYNTHETIC_SHOWCASE_ONLY
9000261,1996-12-19,informal_worker,114426.36,18,25526.43,9030.75,27092.26,128,0.7371,0.7806,0,0.8151,0.0,0.2617,0.0,0.0571,0.6805,0.3896,True,0,SYNTHETIC_SHOWCASE_ONLY
9000262,1993-11-08,first_time_borrower,47109.41,12,26659.12,8770.66,26311.99,73,0.4926,0.9457,0,0.8218,0.0,0.2741,0.0,0.1037,0.7935,0.5965,True,0,SYNTHETIC_SHOWCASE_ONLY
9000263,1994-07-02,gig_worker,99657.0,12,27700.23,5114.41,15343.24,37,0.7127,0.7846,0,0.6982,0.0,0.046,0.0,0.0537,0.9393,0.3197,True,1,SYNTHETIC_SHOWCASE_ONLY
9000264,1997-08-17,small_merchant,67823.18,24,53384.42,11068.78,33206.35,172,0.825,0.8766,0,0.6028,177392.45,0.4807,13584.66,0.7971,0.7894,0.1513,True,0,SYNTHETIC_SHOWCASE_ONLY
9000265,1997-12-13,gig_worker,37622.43,24,27737.01,8704.88,26114.64,89,0.9447,0.9447,0,0.4894,0.0,0.2223,0.0,0.2664,0.6858,0.0616,True,0,SYNTHETIC_SHOWCASE_ONLY
9000266,1995-11-28,first_time_borrower,215301.74,36,47146.6,19418.31,58254.92,271,0.7235,0.6846,1,0.91,0.0,0.3973,0.0,0.2359,0.3203,0.3043,True,0,SYNTHETIC_SHOWCASE_ONLY
9000267,1995-03-28,small_merchant,49197.16,36,43963.48,15346.55,46039.65,234,0.6458,0.9248,0,0.9358,56492.77,0.6707,1004.53,0.8471,0.5592,0.2853,True,0,SYNTHETIC_SHOWCASE_ONLY
9000268,1994-09-26,informal_worker,27271.22,12,38566.59,15704.19,47112.58,212,0.778,0.6986,1,0.8143,0.0,0.1864,0.0,0.6064,0.343,0.127,True,1,SYNTHETIC_SHOWCASE_ONLY
9000269,1996-01-24,first_time_borrower,47624.79,18,11877.28,2649.19,7947.56,137,0.5871,0.8204,1,0.8694,0.0,0.1929,0.0,0.3979,0.8094,0.3812,True,0,SYNTHETIC_SHOWCASE_ONLY
9000270,1995-12-16,first_time_borrower,105045.06,9,47855.6,15736.93,47210.79,188,0.9562,0.552,1,0.6669,0.0,0.1618,0.0,0.2696,0.6638,0.0275,True,0,SYNTHETIC_SHOWCASE_ONLY
9000271,1994-06-23,gig_worker,52711.0,9,22475.19,9179.79,27539.38,60,0.7488,0.9808,0,0.594,0.0,0.3471,0.0,0.5068,0.6864,0.1877,True,0,SYNTHETIC_SHOWCASE_ONLY
9000272,1993-02-11,informal_worker,162626.25,6,39478.4,7726.63,23179.88,186,0.5378,0.6806,0,0.8455,0.0,0.2813,0.0,0.4811,0.787,0.479,True,1,SYNTHETIC_SHOWCASE_ONLY
9000273,1993-10-04,first_time_borrower,24432.82,36,17555.88,5529.89,16589.68,119,0.7306,0.718,2,0.7969,0.0,0.3865,0.0,0.0948,0.5461,0.2624,True,0,SYNTHETIC_SHOWCASE_ONLY
9000274,1997-10-17,gig_worker,54874.75,9,15853.16,3294.62,9883.86,87,0.7133,0.6608,0,0.7547,0.0,0.3398,0.0,0.351,0.7101,0.2178,True,1,SYNTHETIC_SHOWCASE_ONLY
9000275,1995-02-03,informal_worker,143126.36,18,72303.4,16948.88,50846.63,106,0.4505,0.952,0,0.9411,0.0,0.4062,0.0,0.147,0.393,0.4936,True,0,SYNTHETIC_SHOWCASE_ONLY
9000276,1995-05-31,small_merchant,18727.09,12,17687.4,4947.36,14842.08,235,0.8692,0.7914,1,0.7548,40196.15,0.6966,6672.5,0.6114,0.713,0.2459,True,0,SYNTHETIC_SHOWCASE_ONLY
9000277,1995-05-03,informal_worker,175947.42,12,48537.45,20062.48,60187.45,211,0.7506,0.9712,0,0.7108,0.0,0.2269,0.0,0.2666,0.6129,0.3194,True,0,SYNTHETIC_SHOWCASE_ONLY
9000278,1996-11-30,small_merchant,59338.24,18,29637.67,7852.21,23556.62,30,0.7786,0.7832,3,0.8014,131763.4,0.7706,15690.25,0.6633,0.7911,0.1889,True,0,SYNTHETIC_SHOWCASE_ONLY
9000279,1993-04-29,gig_worker,100999.42,6,22886.49,9465.95,28397.86,79,0.9754,0.6984,0,0.7772,0.0,0.1465,0.0,0.0242,0.7869,0.0,True,1,SYNTHETIC_SHOWCASE_ONLY
9000280,1993-06-01,gig_worker,127257.21,12,27403.94,10902.03,32706.09,115,0.8391,0.9029,0,0.8419,0.0,0.5141,0.0,0.3987,0.4683,0.2179,True,0,SYNTHETIC_SHOWCASE_ONLY
9000281,1994-05-19,gig_worker,65013.29,12,14994.44,4334.99,13004.96,71,0.8638,0.7295,0,0.7146,0.0,0.1433,0.0,0.0497,0.6847,0.1933,True,1,SYNTHETIC_SHOWCASE_ONLY
9000282,1995-06-08,gig_worker,56141.85,24,27815.75,5681.34,17044.02,77,0.6229,0.9315,1,0.89,0.0,0.1913,0.0,0.1534,0.7351,0.2866,True,0,SYNTHETIC_SHOWCASE_ONLY
9000283,1996-05-10,informal_worker,27324.2,24,16651.31,3571.91,10715.73,13,0.7453,0.966,0,0.8073,0.0,0.2395,0.0,0.1015,0.45,0.1855,True,0,SYNTHETIC_SHOWCASE_ONLY
9000284,1995-06-16,small_merchant,104872.27,24,23159.19,5330.43,15991.28,165,0.6623,0.6509,1,0.7683,59208.81,0.6751,34300.0,0.8296,0.686,0.3125,True,1,SYNTHETIC_SHOWCASE_ONLY
9000285,1995-03-17,gig_worker,113199.41,12,43656.33,14686.07,44058.21,220,0.8935,0.5731,5,0.843,0.0,0.2595,0.0,0.2184,0.9271,0.1193,True,1,SYNTHETIC_SHOWCASE_ONLY
9000286,1997-09-09,informal_worker,117488.48,9,31633.48,9550.24,28650.73,24,0.8505,0.8226,0,0.9651,0.0,0.4494,0.0,0.441,0.759,0.117,True,1,SYNTHETIC_SHOWCASE_ONLY
9000287,1993-10-22,informal_worker,58277.34,12,13746.2,4960.84,14882.51,138,0.2849,0.7264,1,0.9615,0.0,0.2476,0.0,0.4766,0.5283,0.7967,True,1,SYNTHETIC_SHOWCASE_ONLY
9000288,1995-11-10,small_merchant,76765.52,36,42136.69,13237.97,39713.9,164,0.868,0.9033,0,0.7895,158830.65,0.7146,39772.62,0.4513,0.799,0.1897,True,0,SYNTHETIC_SHOWCASE_ONLY
9000289,1995-09-18,first_time_borrower,31365.73,12,27904.74,9249.3,27747.9,105,0.7195,0.8403,0,0.8097,0.0,0.4113,0.0,0.2203,0.8707,0.1606,True,0,SYNTHETIC_SHOWCASE_ONLY
9000290,1995-05-15,small_merchant,72290.26,9,21584.07,6730.39,20191.18,216,0.6529,0.8092,1,0.9491,71603.81,0.8952,17302.48,0.4476,0.7312,0.4336,True,1,SYNTHETIC_SHOWCASE_ONLY
9000291,1997-01-14,first_time_borrower,128095.21,36,40069.25,10169.63,30508.9,20,0.5233,0.5761,1,0.8939,0.0,0.3682,0.0,0.047,0.6135,0.543,True,0,SYNTHETIC_SHOWCASE_ONLY
9000292,1994-05-03,gig_worker,46225.66,36,25840.56,7234.1,21702.3,69,0.4935,0.7598,1,0.497,0.0,0.3101,0.0,0.7206,0.4713,0.5849,True,1,SYNTHETIC_SHOWCASE_ONLY
9000293,1997-10-08,informal_worker,50768.35,9,16001.57,3979.55,11938.65,221,0.9138,0.8647,0,0.5801,0.0,0.2645,0.0,0.2033,0.4898,0.1125,True,0,SYNTHETIC_SHOWCASE_ONLY
9000294,1994-08-29,first_time_borrower,277176.6,24,67975.9,17943.21,53829.64,149,0.6926,0.8651,2,0.6067,0.0,0.1668,0.0,0.2869,0.8685,0.3426,True,1,SYNTHETIC_SHOWCASE_ONLY
9000295,1995-09-23,first_time_borrower,59426.18,12,27768.62,8996.31,26988.92,115,0.6839,0.6411,1,0.9671,0.0,0.2208,0.0,0.313,0.6097,0.328,True,1,SYNTHETIC_SHOWCASE_ONLY
9000296,1995-08-09,small_merchant,44866.17,18,26927.27,5534.37,16603.12,84,0.695,0.8448,3,0.8554,75417.0,0.6008,20451.03,0.2078,0.6897,0.4228,True,0,SYNTHETIC_SHOWCASE_ONLY
9000297,1997-04-01,informal_worker,87367.33,18,23052.03,5520.01,16560.04,145,0.9313,0.7073,3,0.8492,0.0,0.1328,0.0,0.3621,0.9575,0.0991,True,1,SYNTHETIC_SHOWCASE_ONLY
9000298,1995-03-13,small_merchant,200184.23,36,49332.75,14758.02,44274.07,161,0.9312,0.4547,4,0.9544,204173.9,0.6062,71902.68,0.6384,0.4686,0.0351,True,1,SYNTHETIC_SHOWCASE_ONLY
9000299,1994-06-04,informal_worker,104443.27,12,21764.12,5960.59,17881.76,255,0.7345,0.8024,1,0.7625,0.0,0.3131,0.0,0.4419,0.7816,0.3271,True,1,SYNTHETIC_SHOWCASE_ONLY
9000300,1993-02-09,informal_worker,16664.15,24,13337.96,4118.01,12354.03,55,0.4762,0.7393,0,0.6678,0.0,0.2681,0.0,0.1316,0.6313,0.5078,True,0,SYNTHETIC_SHOWCASE_ONLY
9000301,1994-10-27,first_time_borrower,91226.79,6,20215.29,7576.04,22728.13,73,0.3844,0.8805,0,0.6289,0.0,0.2559,0.0,0.2437,0.6782,0.5434,True,1,SYNTHETIC_SHOWCASE_ONLY
9000302,1997-02-17,small_merchant,209961.46,18,52934.55,10543.56,31630.68,100,0.76,0.9091,1,0.6193,102270.67,0.9604,20507.38,0.7233,0.6033,0.2093,True,0,SYNTHETIC_SHOWCASE_ONLY
9000303,1993-01-19,gig_worker,153978.0,18,41747.01,15807.62,47422.85,120,0.6489,0.6205,1,0.6193,0.0,0.0892,0.0,0.4837,0.7927,0.219,True,0,SYNTHETIC_SHOWCASE_ONLY
9000304,1997-06-25,informal_worker,48989.11,24,24774.06,4745.98,14237.95,271,0.6492,0.9805,1,0.8785,0.0,0.1587,0.0,0.2971,0.8563,0.4065,True,0,SYNTHETIC_SHOWCASE_ONLY
9000305,1995-09-19,gig_worker,37762.92,36,54128.83,12875.92,38627.76,65,0.5113,0.9402,0,0.7101,0.0,0.2028,0.0,0.1305,0.7937,0.5592,True,0,SYNTHETIC_SHOWCASE_ONLY
9000306,1993-09-14,gig_worker,113594.08,24,40093.6,8065.79,24197.37,253,0.6577,0.9121,0,0.3866,0.0,0.4955,0.0,0.1852,0.2431,0.2433,True,0,SYNTHETIC_SHOWCASE_ONLY
9000307,1994-07-06,small_merchant,45760.05,24,24636.81,5240.99,15722.97,148,0.5255,0.9046,0,0.4884,68373.67,0.8268,4457.46,0.8034,0.4982,0.4622,True,1,SYNTHETIC_SHOWCASE_ONLY
9000308,1995-10-09,informal_worker,48486.71,12,25856.65,8310.64,24931.93,163,0.5811,0.5929,0,0.7965,0.0,0.2022,0.0,0.1954,0.6518,0.3179,True,1,SYNTHETIC_SHOWCASE_ONLY
9000309,1994-07-31,gig_worker,153461.39,36,32795.03,13393.4,40180.21,176,0.496,0.9811,0,0.8438,0.0,0.4342,0.0,0.4116,0.4658,0.4753,True,0,SYNTHETIC_SHOWCASE_ONLY
9000310,1993-07-18,gig_worker,23910.67,12,18782.0,6136.12,18408.37,221,0.6679,0.9191,1,0.821,0.0,0.1855,0.0,0.3898,0.509,0.253,True,0,SYNTHETIC_SHOWCASE_ONLY
9000311,1996-05-01,gig_worker,132182.96,12,28060.61,7956.71,23870.14,125,0.3781,0.766,1,0.7708,0.0,0.2332,0.0,0.112,0.6223,0.6477,True,1,SYNTHETIC_SHOWCASE_ONLY
9000312,1996-05-12,first_time_borrower,91457.51,18,32469.17,8133.18,24399.53,146,0.5073,0.9119,0,0.6369,0.0,0.276,0.0,0.3471,0.609,0.5016,True,1,SYNTHETIC_SHOWCASE_ONLY
9000313,1993-08-06,informal_worker,53430.47,12,12459.22,5131.82,15395.47,192,0.4282,0.9486,0,0.3774,0.0,0.172,0.0,0.2179,0.5441,0.5472,True,1,SYNTHETIC_SHOWCASE_ONLY
9000314,1994-05-29,gig_worker,47243.66,18,25567.72,6896.12,20688.36,231,0.9607,0.7866,1,0.5052,0.0,0.0937,0.0,0.0373,0.6109,0.0,True,0,SYNTHETIC_SHOWCASE_ONLY
9000315,1994-03-22,gig_worker,82051.45,12,24209.32,6358.46,19075.38,165,0.8171,0.7422,0,0.7241,0.0,0.2007,0.0,0.2753,0.5413,0.1051,True,0,SYNTHETIC_SHOWCASE_ONLY
9000316,1996-04-19,small_merchant,139838.36,12,45863.85,9715.25,29145.75,227,0.3091,0.8066,1,0.9562,111824.35,0.8717,9292.75,0.5331,0.4787,0.6565,True,1,SYNTHETIC_SHOWCASE_ONLY
9000317,1996-08-26,gig_worker,53904.77,36,11551.85,3780.57,11341.71,190,0.8802,0.8547,0,0.8038,0.0,0.3699,0.0,0.3205,0.7258,0.1378,True,0,SYNTHETIC_SHOWCASE_ONLY
9000318,1996-08-20,informal_worker,32382.01,36,23314.64,9708.13,29124.39,52,0.945,0.7344,0,0.6138,0.0,0.341,0.0,0.2608,0.4302,0.0823,True,0,SYNTHETIC_SHOWCASE_ONLY
9000319,1997-09-11,small_merchant,33331.37,18,22219.32,6838.25,20514.75,207,0.6742,0.768,1,0.9494,84137.81,0.882,26279.1,0.6206,0.9153,0.3924,True,0,SYNTHETIC_SHOWCASE_ONLY
9000320,1996-11-04,first_time_borrower,211987.09,36,44391.08,13158.94,39476.83,125,0.6653,0.667,4,0.664,0.0,0.0776,0.0,0.2155,0.8282,0.3606,True,1,SYNTHETIC_SHOWCASE_ONLY
9000321,1994-08-09,gig_worker,28272.07,12,27420.81,9188.27,27564.81,201,0.8479,0.7698,2,0.6114,0.0,0.43,0.0,0.3635,0.8606,0.1903,True,0,SYNTHETIC_SHOWCASE_ONLY
9000322,1993-07-16,informal_worker,224961.07,12,66309.29,17668.55,53005.65,81,0.5868,0.6528,0,0.5359,0.0,0.4046,0.0,0.4529,0.8362,0.4695,True,1,SYNTHETIC_SHOWCASE_ONLY
9000323,1996-01-28,gig_worker,33339.84,36,38477.24,8417.01,25251.04,55,0.9433,0.7738,1,0.8687,0.0,0.1859,0.0,0.382,0.7022,0.0,True,0,SYNTHETIC_SHOWCASE_ONLY
9000324,1997-07-31,first_time_borrower,21587.22,18,22995.48,6370.99,19112.98,61,0.954,0.7834,1,0.7964,0.0,0.2355,0.0,0.2908,0.7537,0.153,True,0,SYNTHETIC_SHOWCASE_ONLY
9000325,1997-11-16,first_time_borrower,101385.94,24,31413.59,12516.06,37548.19,75,0.8098,0.8844,1,0.6255,0.0,0.1065,0.0,0.109,0.7292,0.2044,True,0,SYNTHETIC_SHOWCASE_ONLY
9000326,1994-02-25,informal_worker,71485.84,12,23623.72,5930.92,17792.77,94,0.8834,0.8034,1,0.6613,0.0,0.2229,0.0,0.2265,0.7459,0.1049,True,0,SYNTHETIC_SHOWCASE_ONLY
9000327,1994-03-08,small_merchant,132022.07,12,42296.94,8354.26,25062.77,62,0.5367,0.8493,1,0.8977,60672.83,0.7205,48551.76,0.5031,0.8,0.5509,True,1,SYNTHETIC_SHOWCASE_ONLY
9000328,1993-03-10,gig_worker,39649.71,9,14772.24,4776.34,14329.01,109,0.814,0.8054,0,0.9456,0.0,0.1918,0.0,0.4461,0.6986,0.286,True,0,SYNTHETIC_SHOWCASE_ONLY
9000329,1993-09-15,informal_worker,72904.43,36,18855.99,6531.25,19593.75,227,0.8136,0.8107,0,0.7455,0.0,0.6068,0.0,0.1091,0.6934,0.3673,True,0,SYNTHETIC_SHOWCASE_ONLY
9000330,1995-10-11,informal_worker,173031.86,12,34845.91,12660.3,37980.89,133,0.6449,0.908,1,0.7558,0.0,0.4077,0.0,0.5828,0.5587,0.1979,True,1,SYNTHETIC_SHOWCASE_ONLY
9000331,1995-09-26,gig_worker,91449.95,18,50429.06,11136.43,33409.28,22,0.6138,0.6846,1,0.7206,0.0,0.2087,0.0,0.4411,0.7365,0.4669,True,1,SYNTHETIC_SHOWCASE_ONLY
9000332,1994-11-09,small_merchant,19686.0,9,9730.44,2765.39,8296.17,142,0.4492,0.887,0,0.9569,18678.46,0.7143,11816.73,0.8657,0.6276,0.5624,True,0,SYNTHETIC_SHOWCASE_ONLY
9000333,1994-07-20,small_merchant,109480.88,18,54160.44,10003.83,30011.5,271,0.8814,0.7603,2,0.5525,121228.23,0.8684,25833.27,0.4775,0.5289,0.2708,True,1,SYNTHETIC_SHOWCASE_ONLY
9000334,1997-02-24,first_time_borrower,103624.66,12,26178.53,7369.05,22107.15,42,0.6393,0.6065,0,0.8466,0.0,0.057,0.0,0.2696,0.3853,0.2742,True,1,SYNTHETIC_SHOWCASE_ONLY
9000335,1995-04-21,informal_worker,24159.11,24,11335.56,3803.44,11410.33,33,0.8875,0.6889,0,0.8677,0.0,0.4966,0.0,0.1181,0.8682,0.0,True,0,SYNTHETIC_SHOWCASE_ONLY
9000336,1997-01-15,informal_worker,25043.5,18,7000.0,1772.49,5317.47,57,0.5677,0.8736,1,0.7992,0.0,0.3024,0.0,0.2196,0.6358,0.4256,True,1,SYNTHETIC_SHOWCASE_ONLY
9000337,1997-10-25,informal_worker,34427.32,9,13438.17,3965.26,11895.78,100,0.7425,0.7027,1,0.8239,0.0,0.308,0.0,0.3118,0.8435,0.1449,True,0,SYNTHETIC_SHOWCASE_ONLY
9000338,1994-08-03,gig_worker,90818.47,6,27736.42,5621.25,16863.75,136,0.7816,0.7523,1,0.7477,0.0,0.1322,0.0,0.5071,0.5663,0.2615,True,1,SYNTHETIC_SHOWCASE_ONLY
9000339,1994-01-06,small_merchant,115231.54,12,27128.19,10388.16,31164.47,16,0.2808,0.834,0,0.5761,81862.38,0.3966,31406.69,0.4895,0.5445,0.5217,True,1,SYNTHETIC_SHOWCASE_ONLY
9000340,1997-10-06,gig_worker,108593.53,24,37945.11,11337.6,34012.79,233,0.8908,0.7031,2,0.5381,0.0,0.4237,0.0,0.2618,0.6926,0.1251,True,0,SYNTHETIC_SHOWCASE_ONLY
9000341,1996-03-05,informal_worker,57874.4,24,21508.55,4347.57,13042.7,101,0.5402,0.7566,0,0.7767,0.0,0.2301,0.0,0.342,0.599,0.4499,True,0,SYNTHETIC_SHOWCASE_ONLY
9000342,1994-06-16,small_merchant,29194.19,12,16450.32,3713.6,11140.81,109,0.8296,0.9196,0,0.6976,22031.72,0.7615,24147.51,0.353,0.6034,0.224,True,0,SYNTHETIC_SHOWCASE_ONLY
9000343,1996-02-10,small_merchant,65905.91,18,22963.89,6399.12,19197.37,122,0.5575,0.8319,0,0.8957,42414.28,0.7298,29603.69,0.6407,0.6841,0.457,True,1,SYNTHETIC_SHOWCASE_ONLY
9000344,1995-07-30,gig_worker,49928.22,12,28455.39,9891.42,29674.27,59,0.7623,0.9266,0,0.9627,0.0,0.2423,0.0,0.4115,0.5107,0.2315,True,0,SYNTHETIC_SHOWCASE_ONLY
9000345,1997-07-12,gig_worker,134869.79,24,31279.89,11897.47,35692.42,45,0.9668,0.7523,0,0.4481,0.0,0.2119,0.0,0.3339,0.6634,0.0,True,0,SYNTHETIC_SHOWCASE_ONLY
9000346,1994-04-13,informal_worker,44304.51,36,19171.13,4427.17,13281.51,96,0.8538,0.8955,0,0.6574,0.0,0.1922,0.0,0.358,0.6777,0.1899,True,0,SYNTHETIC_SHOWCASE_ONLY
9000347,1997-12-16,gig_worker,50413.29,24,43159.34,16073.34,48220.02,56,0.8564,0.9651,0,0.8428,0.0,0.3983,0.0,0.2947,0.5397,0.1171,True,0,SYNTHETIC_SHOWCASE_ONLY
9000348,1997-09-06,gig_worker,34406.75,9,20778.82,4581.58,13744.73,143,0.374,0.9002,0,0.9316,0.0,0.4046,0.0,0.0751,0.6112,0.7705,True,1,SYNTHETIC_SHOWCASE_ONLY
9000349,1993-11-26,informal_worker,54449.67,12,18444.02,5200.49,15601.48,66,0.7184,0.719,2,0.9008,0.0,0.4367,0.0,0.1998,0.9241,0.2764,True,1,SYNTHETIC_SHOWCASE_ONLY
9000350,1993-10-28,small_merchant,99960.29,36,21581.93,8417.25,25251.75,278,0.7467,0.821,0,0.8543,92760.42,0.8829,24065.73,0.6506,0.7948,0.3405,True,1,SYNTHETIC_SHOWCASE_ONLY
9000351,1995-09-01,small_merchant,90173.8,12,46905.16,10786.99,32360.97,105,0.672,0.8531,0,0.6402,171387.48,0.9495,51893.36,0.4418,0.8656,0.3214,True,0,SYNTHETIC_SHOWCASE_ONLY
9000352,1993-03-24,small_merchant,46323.48,18,26270.91,8818.57,26455.7,24,0.5343,0.8749,1,0.6698,94384.6,0.9102,35037.64,0.5994,0.7416,0.5559,True,1,SYNTHETIC_SHOWCASE_ONLY
9000353,1994-06-30,informal_worker,47925.88,36,20062.21,6636.42,19909.25,19,0.4998,0.9628,0,0.7796,0.0,0.5971,0.0,0.1545,0.4838,0.5221,True,0,SYNTHETIC_SHOWCASE_ONLY
9000354,1995-03-06,small_merchant,212169.97,24,43673.27,10037.68,30113.04,38,0.7711,0.5588,0,0.6957,94650.54,0.9779,52581.0,0.8143,0.8569,0.2134,True,0,SYNTHETIC_SHOWCASE_ONLY
9000355,1997-11-06,informal_worker,300000.0,18,78313.8,14531.38,43594.15,176,0.5925,0.5547,0,0.7441,0.0,0.1852,0.0,0.1938,0.8355,0.3753,True,1,SYNTHETIC_SHOWCASE_ONLY
9000356,1997-12-18,first_time_borrower,38970.45,18,30964.83,6459.82,19379.45,58,0.2962,0.942,0,0.4705,0.0,0.46,0.0,0.2624,0.8799,0.7039,True,1,SYNTHETIC_SHOWCASE_ONLY
9000357,1993-10-04,informal_worker,167089.11,36,50625.17,19426.4,58279.19,18,0.8225,0.9395,0,0.4392,0.0,0.076,0.0,0.2496,0.7342,0.1874,True,0,SYNTHETIC_SHOWCASE_ONLY
9000358,1997-06-17,small_merchant,188038.82,12,46040.52,10751.41,32254.23,171,0.8934,0.9905,0,0.6874,78994.84,0.8662,20425.08,0.6721,0.76,0.0932,True,0,SYNTHETIC_SHOWCASE_ONLY
9000359,1993-06-16,informal_worker,83311.76,36,20936.57,4083.92,12251.77,225,0.8375,0.9005,0,0.8889,0.0,0.3331,0.0,0.2101,0.773,0.1879,True,0,SYNTHETIC_SHOWCASE_ONLY
9000360,1996-09-28,small_merchant,78016.81,12,28360.26,7782.44,23347.33,14,0.9614,0.7772,1,0.5536,92007.42,0.8046,6356.74,0.2829,0.8787,0.0,True,0,SYNTHETIC_SHOWCASE_ONLY
9000361,1997-03-25,small_merchant,57791.91,24,15128.54,4602.39,13807.17,165,0.8096,0.7907,0,0.9301,57398.45,0.8708,12428.28,0.7022,0.7018,0.0598,True,0,SYNTHETIC_SHOWCASE_ONLY
9000362,1997-06-15,small_merchant,80387.89,36,25376.72,9108.65,27325.96,114,0.3201,0.7068,1,0.8368,69051.53,0.7589,9052.19,0.7588,0.6568,0.6884,True,1,SYNTHETIC_SHOWCASE_ONLY
9000363,1994-02-12,small_merchant,30813.78,18,20731.06,7574.65,22723.94,215,0.7689,0.3742,0,0.8551,79111.05,0.8726,29180.6,0.6045,0.894,0.2463,True,0,SYNTHETIC_SHOWCASE_ONLY
9000364,1997-06-20,gig_worker,19537.48,12,23076.6,9512.27,28536.82,222,0.6878,0.6847,2,0.8949,0.0,0.3341,0.0,0.2098,0.7529,0.452,True,1,SYNTHETIC_SHOWCASE_ONLY
9000365,1993-07-31,small_merchant,43483.03,6,19535.92,7535.01,22605.04,77,0.792,0.9164,0,0.8514,49509.39,0.9413,16897.56,0.3991,0.6308,0.1855,True,0,SYNTHETIC_SHOWCASE_ONLY
9000366,1995-08-06,gig_worker,21285.83,24,24395.48,6160.54,18481.61,101,0.7518,0.8409,1,0.9695,0.0,0.2007,0.0,0.1993,0.8503,0.4072,True,1,SYNTHETIC_SHOWCASE_ONLY
9000367,1995-05-08,small_merchant,84520.77,18,36149.97,14389.8,43169.4,223,0.767,0.8987,0,0.7809,89014.69,0.8881,874.93,0.3198,0.1923,0.143,True,0,SYNTHETIC_SHOWCASE_ONLY
9000368,1994-07-31,small_merchant,112289.14,12,26439.22,5459.58,16378.75,77,0.5319,0.8606,0,0.9844,46797.9,0.6617,27628.7,0.4625,0.2121,0.5927,True,1,SYNTHETIC_SHOWCASE_ONLY
9000369,1993-02-10,first_time_borrower,49371.74,24,11442.17,2557.31,7671.94,38,0.5105,0.8656,0,0.8778,0.0,0.3362,0.0,0.3726,0.6632,0.3986,True,0,SYNTHETIC_SHOWCASE_ONLY
9000370,1996-11-10,gig_worker,14677.05,36,19571.35,5644.24,16932.72,127,0.5101,0.5939,2,0.7546,0.0,0.3763,0.0,0.3675,0.7833,0.588,True,1,SYNTHETIC_SHOWCASE_ONLY
9000371,1994-09-05,informal_worker,12232.89,24,13502.74,4120.61,12361.84,163,0.842,0.9003,0,0.4587,0.0,0.1064,0.0,0.4057,0.632,0.1563,True,0,SYNTHETIC_SHOWCASE_ONLY
9000372,1996-04-23,small_merchant,111672.74,18,31480.03,11491.39,34474.18,254,0.5758,0.6741,0,0.6508,98723.86,0.6465,3819.43,0.45,0.7106,0.2989,True,0,SYNTHETIC_SHOWCASE_ONLY
9000373,1995-01-20,gig_worker,99824.56,36,35651.7,11707.81,35123.42,264,0.7449,0.9741,0,0.8461,0.0,0.1421,0.0,0.1282,0.3798,0.1736,True,0,SYNTHETIC_SHOWCASE_ONLY
9000374,1994-11-14,gig_worker,39813.91,24,31669.3,9139.63,27418.88,76,0.8553,0.8472,0,0.8177,0.0,0.0569,0.0,0.1092,0.5932,0.1435,True,0,SYNTHETIC_SHOWCASE_ONLY
9000375,1997-06-07,gig_worker,79518.65,9,19187.33,7414.15,22242.44,161,0.9112,0.8175,3,0.6957,0.0,0.0311,0.0,0.1337,0.7777,0.1191,True,1,SYNTHETIC_SHOWCASE_ONLY
9000376,1993-06-22,gig_worker,48940.95,36,31522.27,12615.33,37845.99,172,0.6988,0.8589,0,0.4612,0.0,0.2263,0.0,0.1606,0.2839,0.2811,True,0,SYNTHETIC_SHOWCASE_ONLY
9000377,1996-09-07,gig_worker,21089.36,18,22343.82,6216.82,18650.46,73,0.6363,0.9134,0,0.6247,0.0,0.1642,0.0,0.2596,0.5492,0.3322,True,0,SYNTHETIC_SHOWCASE_ONLY
9000378,1996-09-25,small_merchant,63198.25,36,16213.7,5263.83,15791.48,52,0.7562,0.8574,0,0.6758,43681.9,0.8152,15021.31,0.6494,0.5454,0.066,True,0,SYNTHETIC_SHOWCASE_ONLY
9000379,1994-11-25,small_merchant,130958.31,24,39978.06,8492.56,25477.67,157,0.9886,0.7518,0,0.9645,147019.68,0.9528,1143.29,0.8689,0.6978,0.0171,True,0,SYNTHETIC_SHOWCASE_ONLY
9000380,1994-04-25,gig_worker,96844.29,18,41465.34,16306.03,48918.1,277,0.6612,0.8671,0,0.8839,0.0,0.4654,0.0,0.1588,0.9113,0.3921,True,0,SYNTHETIC_SHOWCASE_ONLY
9000381,1993-01-10,gig_worker,161072.11,12,44153.59,15114.95,45344.84,19,0.8671,0.5905,4,0.8936,0.0,0.5284,0.0,0.3631,0.8211,0.1352,True,1,SYNTHETIC_SHOWCASE_ONLY
9000382,1997-09-07,gig_worker,96393.75,6,20909.37,4446.89,13340.67,19,0.6491,0.8234,0,0.6887,0.0,0.5095,0.0,0.3088,0.6507,0.4268,True,1,SYNTHETIC_SHOWCASE_ONLY
9000383,1997-09-27,small_merchant,37008.71,12,49318.46,14457.25,43371.76,120,0.635,0.8317,0,0.8489,161377.61,0.9242,4859.67,0.7365,0.6969,0.4781,True,0,SYNTHETIC_SHOWCASE_ONLY
9000384,1994-03-17,small_merchant,74273.81,24,22093.53,4200.67,12602.0,155,0.771,0.8187,0,0.6683,88272.7,0.8475,2904.9,0.4789,0.6088,0.1166,True,0,SYNTHETIC_SHOWCASE_ONLY
9000385,1993-02-28,small_merchant,59771.56,24,38316.67,14203.42,42610.27,184,0.8034,0.9185,0,0.6424,90049.57,0.8111,2306.29,0.7781,0.7892,0.1998,True,0,SYNTHETIC_SHOWCASE_ONLY
9000386,1993-08-13,gig_worker,58856.15,6,21910.51,4340.05,13020.15,63,0.9608,0.7596,1,0.8899,0.0,0.3809,0.0,0.364,0.9258,0.0,True,0,SYNTHETIC_SHOWCASE_ONLY
9000387,1993-05-04,gig_worker,61997.53,12,25145.85,4752.06,14256.18,238,0.7808,0.6595,1,0.7958,0.0,0.1128,0.0,0.1204,0.6647,0.2509,True,1,SYNTHETIC_SHOWCASE_ONLY
9000388,1997-02-26,first_time_borrower,20284.2,18,8758.63,3331.39,9994.16,203,0.9267,0.792,2,0.7605,0.0,0.2984,0.0,0.204,0.4158,0.1214,True,0,SYNTHETIC_SHOWCASE_ONLY
9000389,1997-06-17,gig_worker,34821.61,12,24222.6,7674.4,23023.2,43,0.7047,0.6325,0,0.9378,0.0,0.1938,0.0,0.0514,0.6033,0.3575,True,0,SYNTHETIC_SHOWCASE_ONLY
9000390,1993-10-07,gig_worker,120856.86,9,29251.41,7990.19,23970.58,140,0.5775,0.7749,0,0.7397,0.0,0.1146,0.0,0.0861,0.6795,0.4743,True,1,SYNTHETIC_SHOWCASE_ONLY
9000391,1996-09-25,gig_worker,52201.56,9,22997.39,5747.94,17243.83,68,0.7375,0.7268,0,0.6776,0.0,0.3444,0.0,0.1391,0.6043,0.278,True,1,SYNTHETIC_SHOWCASE_ONLY
9000392,1993-11-24,first_time_borrower,292968.76,18,65051.21,14993.05,44979.14,58,0.7728,0.7292,1,0.7553,0.0,0.3041,0.0,0.4133,0.9093,0.3444,True,1,SYNTHETIC_SHOWCASE_ONLY
9000393,1994-11-02,informal_worker,34625.11,18,16026.13,4455.56,13366.69,22,0.8009,0.6894,1,0.6856,0.0,0.1542,0.0,0.1412,0.708,0.1651,True,1,SYNTHETIC_SHOWCASE_ONLY
9000394,1995-12-31,informal_worker,91750.8,24,21363.54,7465.24,22395.72,30,0.6753,0.5657,1,0.5366,0.0,0.1007,0.0,0.1148,0.7412,0.2926,True,0,SYNTHETIC_SHOWCASE_ONLY
9000395,1996-08-07,first_time_borrower,54327.34,12,18135.4,4675.48,14026.45,168,0.3404,0.6889,1,0.7271,0.0,0.0415,0.0,0.3701,0.7829,0.6088,True,1,SYNTHETIC_SHOWCASE_ONLY
9000396,1997-05-16,gig_worker,49062.11,9,21361.53,8827.54,26482.61,186,0.6348,0.3981,0,0.8235,0.0,0.1688,0.0,0.3375,0.5177,0.3563,True,1,SYNTHETIC_SHOWCASE_ONLY
9000397,1993-03-23,first_time_borrower,169865.18,24,45937.55,12860.97,38582.91,193,0.8467,0.6876,0,0.6844,0.0,0.254,0.0,0.2325,0.7085,0.113,True,1,SYNTHETIC_SHOWCASE_ONLY
9000398,1993-12-25,gig_worker,231171.08,36,56920.74,11475.28,34425.84,121,0.9078,0.7097,1,0.5072,0.0,0.4939,0.0,0.4418,0.6805,0.2308,True,0,SYNTHETIC_SHOWCASE_ONLY
9000399,1994-05-28,informal_worker,54481.79,12,20001.84,4448.83,13346.5,68,0.5293,0.716,1,0.6678,0.0,0.1492,0.0,0.2869,0.817,0.6298,True,1,SYNTHETIC_SHOWCASE_ONLY
9000400,1994-07-21,small_merchant,48917.13,24,19789.69,3902.01,11706.03,232,0.8175,0.8563,1,0.7181,32083.05,0.6825,20549.98,0.3827,0.7006,0.1946,True,0,SYNTHETIC_SHOWCASE_ONLY
9000401,1997-12-28,small_merchant,50461.49,24,16067.25,4546.53,13639.59,47,0.7996,0.9516,0,0.8381,57503.64,0.7929,23942.23,0.7393,0.598,0.0717,True,0,SYNTHETIC_SHOWCASE_ONLY
9000402,1996-11-20,first_time_borrower,166407.66,36,52416.5,19686.92,59060.76,86,0.6196,0.8531,1,0.6192,0.0,0.1475,0.0,0.4548,0.6976,0.4005,True,0,SYNTHETIC_SHOWCASE_ONLY
9000403,1994-08-09,gig_worker,118552.76,12,47956.13,17351.97,52055.9,237,0.5987,0.921,0,0.8511,0.0,0.432,0.0,0.2573,0.8479,0.4379,True,0,SYNTHETIC_SHOWCASE_ONLY
9000404,1997-11-10,first_time_borrower,104681.03,9,26611.23,8488.42,25465.26,268,0.6262,0.8554,1,0.8503,0.0,0.59,0.0,0.1757,0.8471,0.4047,True,1,SYNTHETIC_SHOWCASE_ONLY
9000405,1995-07-01,small_merchant,33791.83,9,14326.01,3397.36,10192.08,41,0.5139,0.8143,1,0.5811,24702.27,0.8389,3406.89,0.649,0.7063,0.3814,True,0,SYNTHETIC_SHOWCASE_ONLY
9000406,1995-07-04,informal_worker,38779.68,24,14954.41,5161.71,15485.13,24,0.4325,0.9937,0,0.6426,0.0,0.2609,0.0,0.1796,0.8164,0.6139,True,1,SYNTHETIC_SHOWCASE_ONLY
9000407,1995-03-03,first_time_borrower,99174.04,24,30389.79,10141.39,30424.18,48,0.6548,0.7922,0,0.9409,0.0,0.463,0.0,0.4979,0.7221,0.4103,True,0,SYNTHETIC_SHOWCASE_ONLY
9000408,1993-09-20,gig_worker,180130.96,12,36448.0,10829.91,32489.72,214,0.786,0.8731,1,0.8942,0.0,0.2549,0.0,0.5267,0.4702,0.2281,True,1,SYNTHETIC_SHOWCASE_ONLY
9000409,1997-09-03,first_time_borrower,18144.47,6,10385.96,3140.41,9421.24,130,0.7835,0.5403,1,0.9206,0.0,0.5119,0.0,0.2589,0.6262,0.353,True,1,SYNTHETIC_SHOWCASE_ONLY
9000410,1993-01-26,small_merchant,38891.18,6,23998.13,6980.7,20942.11,147,0.6823,0.8541,0,0.8993,95992.6,0.6701,34353.51,0.6951,0.8509,0.1759,True,0,SYNTHETIC_SHOWCASE_ONLY
9000411,1993-11-15,informal_worker,83918.01,18,60884.98,13144.77,39434.3,71,0.7912,0.6813,1,0.8183,0.0,0.1275,0.0,0.1322,0.8937,0.231,True,0,SYNTHETIC_SHOWCASE_ONLY
9000412,1994-02-24,gig_worker,91653.16,36,25224.11,8522.36,25567.09,138,0.8405,0.6715,0,0.7037,0.0,0.063,0.0,0.5324,0.65,0.1155,True,0,SYNTHETIC_SHOWCASE_ONLY
9000413,1994-05-25,small_merchant,147447.91,12,57238.73,11448.79,34346.38,37,0.6712,0.9188,0,0.8726,246090.08,0.8531,66499.33,0.592,0.9274,0.3249,True,0,SYNTHETIC_SHOWCASE_ONLY
9000414,1993-08-29,informal_worker,88317.39,18,38234.82,11978.41,35935.23,185,0.8099,0.6468,3,0.7636,0.0,0.1526,0.0,0.2725,0.8008,0.2348,True,1,SYNTHETIC_SHOWCASE_ONLY
9000415,1993-02-02,small_merchant,24925.21,18,16639.02,6112.96,18338.89,191,0.6915,0.6824,1,0.9249,31474.72,0.7949,2624.96,0.6089,0.4701,0.2792,True,1,SYNTHETIC_SHOWCASE_ONLY
9000416,1996-05-22,gig_worker,109997.48,24,24330.3,6562.43,19687.28,118,0.7411,0.9487,0,0.8819,0.0,0.2099,0.0,0.3198,0.775,0.2968,True,0,SYNTHETIC_SHOWCASE_ONLY
9000417,1997-11-05,gig_worker,67121.84,24,26322.69,9955.11,29865.32,243,0.7247,0.8824,0,0.6947,0.0,0.2704,0.0,0.1235,0.6875,0.3032,True,0,SYNTHETIC_SHOWCASE_ONLY
9000418,1993-08-11,first_time_borrower,58030.33,12,17725.41,4477.28,13431.84,103,0.8661,0.8732,0,0.6951,0.0,0.1106,0.0,0.1743,0.6661,0.1395,True,0,SYNTHETIC_SHOWCASE_ONLY
9000419,1994-06-26,gig_worker,19250.58,18,17578.35,6783.24,20349.71,31,0.9122,0.9849,0,0.579,0.0,0.2917,0.0,0.2806,0.6142,0.0945,True,0,SYNTHETIC_SHOWCASE_ONLY
9000420,1995-07-14,informal_worker,62044.16,24,57711.33,23740.03,71220.08,263,0.9035,0.8955,0,0.8631,0.0,0.3656,0.0,0.1882,0.9466,0.1732,True,0,SYNTHETIC_SHOWCASE_ONLY
9000421,1997-08-21,first_time_borrower,15699.96,36,17515.24,5562.8,16688.39,276,0.8576,0.8247,0,0.7762,0.0,0.1351,0.0,0.0637,0.7663,0.1422,True,0,SYNTHETIC_SHOWCASE_ONLY
9000422,1996-06-21,gig_worker,104136.57,18,46986.19,18674.19,56022.58,99,0.645,0.7496,0,0.4641,0.0,0.6431,0.0,0.095,0.662,0.2634,True,1,SYNTHETIC_SHOWCASE_ONLY
9000423,1996-10-31,gig_worker,60871.82,9,22707.42,6245.08,18735.23,57,0.8875,0.7047,0,0.6665,0.0,0.098,0.0,0.3504,0.5922,0.1122,True,0,SYNTHETIC_SHOWCASE_ONLY
9000424,1995-11-28,informal_worker,46357.98,18,27657.52,10302.67,30908.02,44,0.6895,0.8709,1,0.6968,0.0,0.2314,0.0,0.3762,0.6769,0.3244,True,0,SYNTHETIC_SHOWCASE_ONLY
9000425,1995-02-01,gig_worker,78416.34,18,36667.46,9615.3,28845.91,111,0.9599,0.7667,0,0.9219,0.0,0.3374,0.0,0.3536,0.3571,0.0982,True,0,SYNTHETIC_SHOWCASE_ONLY
9000426,1993-12-31,informal_worker,13183.36,12,21007.85,8427.19,25281.56,57,0.7437,0.9557,0,0.7964,0.0,0.1928,0.0,0.4943,0.7075,0.3213,True,0,SYNTHETIC_SHOWCASE_ONLY
9000427,1997-04-28,informal_worker,78873.07,36,36774.28,10371.54,31114.61,105,0.8487,0.8134,1,0.9752,0.0,0.3356,0.0,0.4547,0.4999,0.1711,True,0,SYNTHETIC_SHOWCASE_ONLY
9000428,1997-01-08,informal_worker,11788.53,12,10484.71,4162.85,12488.54,228,0.4777,0.6985,2,0.6355,0.0,0.0676,0.0,0.2795,0.4902,0.5527,True,1,SYNTHETIC_SHOWCASE_ONLY
9000429,1993-02-15,small_merchant,40281.49,36,34579.6,9425.48,28276.45,278,0.8613,0.8718,0,0.3464,90745.66,0.9484,13961.22,0.4208,0.8096,0.2576,True,0,SYNTHETIC_SHOWCASE_ONLY
9000430,1996-07-30,informal_worker,5306.83,12,8561.8,2635.84,7907.53,174,0.7182,0.4964,1,0.5917,0.0,0.3937,0.0,0.3286,0.7569,0.2872,True,1,SYNTHETIC_SHOWCASE_ONLY
9000431,1993-06-04,informal_worker,92009.69,6,25111.3,5438.13,16314.4,153,0.8907,0.5685,1,0.827,0.0,0.4238,0.0,0.146,0.6509,0.1466,True,1,SYNTHETIC_SHOWCASE_ONLY
9000432,1996-09-11,gig_worker,198205.27,18,42192.44,11133.05,33399.15,104,0.6165,0.923,0,0.7099,0.0,0.2258,0.0,0.261,0.7943,0.4256,True,1,SYNTHETIC_SHOWCASE_ONLY
9000433,1997-02-17,small_merchant,125878.75,18,37747.01,7962.73,23888.19,233,0.709,0.9139,0,0.8966,47417.11,0.9159,22077.96,0.5563,0.5873,0.236,True,1,SYNTHETIC_SHOWCASE_ONLY
9000434,1993-08-28,first_time_borrower,15363.42,24,15013.77,4773.72,14321.17,59,0.8351,0.8151,0,0.8611,0.0,0.3128,0.0,0.2361,0.5864,0.1265,True,0,SYNTHETIC_SHOWCASE_ONLY
9000435,1995-03-04,informal_worker,79126.93,18,15970.86,5375.95,16127.86,242,0.7166,0.6443,3,0.8788,0.0,0.5269,0.0,0.3559,0.6967,0.3672,True,1,SYNTHETIC_SHOWCASE_ONLY
9000436,1993-08-14,small_merchant,98431.48,9,20118.54,7619.87,22859.62,272,0.5462,0.64,2,0.7593,78548.76,0.827,16589.82,0.6816,0.6801,0.5154,True,1,SYNTHETIC_SHOWCASE_ONLY
9000437,1995-11-02,small_merchant,81450.99,36,30618.0,6713.35,20140.05,156,0.6997,0.9518,0,0.886,78223.3,0.9629,36567.47,0.4637,0.627,0.3736,True,0,SYNTHETIC_SHOWCASE_ONLY
9000438,1997-08-21,gig_worker,11345.8,18,10557.92,2955.76,8867.28,71,0.7998,0.8381,2,0.7999,0.0,0.3117,0.0,0.2541,0.8021,0.1634,True,0,SYNTHETIC_SHOWCASE_ONLY
9000439,1993-05-28,gig_worker,104926.96,12,27822.84,6440.38,19321.14,206,0.8423,0.6564,1,0.3686,0.0,0.2485,0.0,0.2611,0.4473,0.0753,True,0,SYNTHETIC_SHOWCASE_ONLY
9000440,1994-12-27,gig_worker,157060.7,24,32514.65,8957.03,26871.1,262,0.8582,0.8186,0,0.7909,0.0,0.5278,0.0,0.3251,0.6637,0.241,True,0,SYNTHETIC_SHOWCASE_ONLY
9000441,1997-11-12,first_time_borrower,98414.59,9,24443.07,7434.23,22302.69,201,0.5733,0.98,0,0.6264,0.0,0.742,0.0,0.1306,0.6475,0.3388,True,0,SYNTHETIC_SHOWCASE_ONLY
9000442,1994-07-04,gig_worker,120574.93,9,36030.24,11294.02,33882.07,269,0.9087,0.9425,0,0.7525,0.0,0.4414,0.0,0.3908,0.9335,0.1087,True,0,SYNTHETIC_SHOWCASE_ONLY
9000443,1993-08-30,informal_worker,102490.31,18,31174.24,6054.45,18163.36,209,0.7125,0.848,0,0.7074,0.0,0.298,0.0,0.2019,0.7996,0.2904,True,0,SYNTHETIC_SHOWCASE_ONLY
9000444,1995-06-12,gig_worker,105850.22,18,21589.57,6023.34,18070.01,91,0.485,0.4129,3,0.7357,0.0,0.2099,0.0,0.0943,0.7509,0.6035,True,1,SYNTHETIC_SHOWCASE_ONLY
9000445,1995-07-18,gig_worker,10189.17,18,11054.46,2089.38,6268.13,86,0.8513,0.9051,0,0.7419,0.0,0.1733,0.0,0.1474,0.7936,0.1825,True,0,SYNTHETIC_SHOWCASE_ONLY
9000446,1996-04-25,small_merchant,37554.86,36,29851.73,8767.31,26301.94,173,0.6216,0.8301,0,0.6724,127520.25,0.8696,29296.42,0.73,0.4772,0.3497,True,0,SYNTHETIC_SHOWCASE_ONLY
9000447,1994-07-27,small_merchant,75411.3,12,17720.61,6529.99,19589.98,204,0.8888,0.8138,0,0.754,29411.21,0.9405,2509.35,0.8538,0.5284,0.1772,True,0,SYNTHETIC_SHOWCASE_ONLY
9000448,1997-10-11,informal_worker,26271.88,36,21212.7,7674.76,23024.29,194,0.8145,0.8038,1,0.9327,0.0,0.2687,0.0,0.0231,0.599,0.2245,True,0,SYNTHETIC_SHOWCASE_ONLY
9000449,1995-08-10,first_time_borrower,80576.61,6,35240.08,8110.49,24331.47,32,0.907,0.6971,0,0.785,0.0,0.4867,0.0,0.2862,0.757,0.1407,True,0,SYNTHETIC_SHOWCASE_ONLY
9000450,1994-06-08,first_time_borrower,101649.15,9,55286.27,10829.4,32488.21,17,0.8108,0.8575,0,0.5895,0.0,0.4974,0.0,0.1279,0.3036,0.2377,True,0,SYNTHETIC_SHOWCASE_ONLY
9000451,1997-10-20,gig_worker,45945.31,12,27493.12,11161.41,33484.23,22,0.8987,0.7519,1,0.4609,0.0,0.3933,0.0,0.1736,0.5676,0.1018,True,1,SYNTHETIC_SHOWCASE_ONLY
9000452,1997-08-16,informal_worker,26052.91,6,36530.8,9776.78,29330.35,208,0.5569,0.8884,0,0.8309,0.0,0.1476,0.0,0.5455,0.8053,0.3997,True,0,SYNTHETIC_SHOWCASE_ONLY
9000453,1995-07-01,gig_worker,43272.3,12,13997.16,3477.17,10431.52,83,0.8103,0.831,0,0.8118,0.0,0.077,0.0,0.1713,0.7197,0.1899,True,0,SYNTHETIC_SHOWCASE_ONLY
9000454,1993-02-15,first_time_borrower,74516.89,24,31502.15,8203.79,24611.36,138,0.9045,0.8658,0,0.6848,0.0,0.0818,0.0,0.218,0.7235,0.1735,True,0,SYNTHETIC_SHOWCASE_ONLY
9000455,1995-12-27,small_merchant,82353.48,24,27206.33,7488.44,22465.32,276,0.5575,0.987,0,0.391,110665.86,0.8518,36351.25,0.2022,0.6751,0.6656,True,0,SYNTHETIC_SHOWCASE_ONLY
9000456,1995-10-11,small_merchant,97987.24,24,50513.15,14140.19,42420.58,244,0.8855,0.8747,0,0.5516,174093.77,0.7831,62796.01,0.505,0.9143,0.1143,True,0,SYNTHETIC_SHOWCASE_ONLY
9000457,1993-09-28,gig_worker,102445.77,6,21601.97,7661.33,22983.99,70,0.5604,0.8858,1,0.5453,0.0,0.1659,0.0,0.1326,0.7843,0.2838,True,1,SYNTHETIC_SHOWCASE_ONLY
9000458,1996-03-03,gig_worker,79835.76,24,24933.65,7318.42,21955.27,98,0.5563,0.7345,3,0.9275,0.0,0.034,0.0,0.3524,0.5041,0.365,True,0,SYNTHETIC_SHOWCASE_ONLY
9000459,1997-03-16,gig_worker,224783.85,12,46545.74,18013.92,54041.77,242,0.8866,0.7854,1,0.7525,0.0,0.5431,0.0,0.3436,0.6022,0.1284,True,0,SYNTHETIC_SHOWCASE_ONLY
9000460,1993-07-13,first_time_borrower,57331.28,24,26789.99,5850.14,17550.42,49,0.8574,0.7486,3,0.7015,0.0,0.3358,0.0,0.2539,0.6171,0.1916,True,0,SYNTHETIC_SHOWCASE_ONLY
9000461,1996-08-13,informal_worker,10032.06,24,16444.0,4860.25,14580.76,192,0.8026,0.8891,0,0.611,0.0,0.0045,0.0,0.0831,0.6812,0.2546,True,0,SYNTHETIC_SHOWCASE_ONLY
9000462,1993-09-14,first_time_borrower,300000.0,9,95296.06,38465.09,115395.27,161,0.2296,0.8782,1,0.8909,0.0,0.2931,0.0,0.6032,0.8103,0.7628,True,1,SYNTHETIC_SHOWCASE_ONLY
9000463,1996-09-29,gig_worker,70750.06,18,16684.5,4469.29,13407.88,279,0.9142,0.9528,0,0.6301,0.0,0.1686,0.0,0.1531,0.5798,0.3721,True,0,SYNTHETIC_SHOWCASE_ONLY
9000464,1995-02-05,informal_worker,23297.38,36,27143.79,9770.5,29311.49,21,0.9665,0.5046,0,0.7136,0.0,0.1882,0.0,0.0489,0.6338,0.0414,True,0,SYNTHETIC_SHOWCASE_ONLY
9000465,1993-01-12,gig_worker,110836.93,12,33069.61,8863.98,26591.93,32,0.588,0.874,1,0.6961,0.0,0.3114,0.0,0.0961,0.7105,0.3718,True,1,SYNTHETIC_SHOWCASE_ONLY
9000466,1997-10-31,small_merchant,111702.98,24,31838.01,12492.6,37477.8,113,0.5917,0.6552,3,0.6414,110106.29,0.7742,3216.36,0.925,0.683,0.356,True,1,SYNTHETIC_SHOWCASE_ONLY
9000467,1993-10-31,small_merchant,31728.95,36,25562.53,9564.65,28693.95,77,0.8245,0.5677,0,0.7286,95116.54,0.6921,38133.9,0.5735,0.5644,0.2463,True,0,SYNTHETIC_SHOWCASE_ONLY
9000468,1995-12-25,gig_worker,77668.34,12,25623.75,7935.13,23805.39,49,0.8623,0.8494,1,0.6186,0.0,0.3182,0.0,0.2772,0.472,0.128,True,0,SYNTHETIC_SHOWCASE_ONLY
9000469,1993-11-28,small_merchant,41775.32,12,25014.04,9990.51,29971.54,134,0.6603,0.9319,0,0.9785,33205.42,0.9331,24105.95,0.8101,0.9097,0.4006,True,0,SYNTHETIC_SHOWCASE_ONLY
9000470,1997-08-31,gig_worker,11019.16,12,16388.11,3832.48,11497.43,227,0.8603,0.9492,3,0.7659,0.0,0.3115,0.0,0.4841,0.7548,0.1427,True,0,SYNTHETIC_SHOWCASE_ONLY
9000471,1996-09-10,small_merchant,300000.0,24,78595.13,21363.43,64090.29,34,0.8255,0.9935,0,0.8225,248521.2,0.9438,94861.83,0.7736,0.6427,0.1506,True,0,SYNTHETIC_SHOWCASE_ONLY
9000472,1997-01-08,informal_worker,69622.79,12,25194.08,8051.98,24155.95,171,0.7851,0.9035,0,0.6231,0.0,0.33,0.0,0.1341,0.6965,0.072,True,0,SYNTHETIC_SHOWCASE_ONLY
9000473,1995-02-28,gig_worker,150632.99,18,37290.23,15297.49,45892.47,235,0.9187,0.7589,1,0.8519,0.0,0.7365,0.0,0.1252,0.771,0.0765,True,0,SYNTHETIC_SHOWCASE_ONLY
9000474,1995-05-04,first_time_borrower,90151.18,12,23844.92,8188.34,24565.03,140,0.8666,0.8026,1,0.8193,0.0,0.2494,0.0,0.0771,0.8716,0.1356,True,0,SYNTHETIC_SHOWCASE_ONLY
9000475,1996-03-04,small_merchant,117425.15,36,23615.85,5405.79,16217.37,17,0.5277,0.7301,0,0.9636,36187.18,0.8171,23583.44,0.4848,0.7758,0.5834,True,1,SYNTHETIC_SHOWCASE_ONLY
9000476,1996-12-03,informal_worker,56861.72,24,22501.72,7327.47,21982.42,68,0.8398,0.7242,1,0.7426,0.0,0.2311,0.0,0.1117,0.7383,0.2225,True,0,SYNTHETIC_SHOWCASE_ONLY
9000477,1997-03-27,informal_worker,33017.24,18,13306.84,2614.5,7843.51,109,0.7213,0.8102,1,0.7523,0.0,0.5685,0.0,0.2527,0.7377,0.3501,True,0,SYNTHETIC_SHOWCASE_ONLY
9000478,1993-02-02,informal_worker,47690.02,36,25922.37,5189.98,15569.94,129,0.5371,0.724,0,0.9317,0.0,0.2106,0.0,0.3868,0.9687,0.5185,True,1,SYNTHETIC_SHOWCASE_ONLY
9000479,1996-04-26,informal_worker,77168.75,24,23030.99,8415.93,25247.8,251,0.717,0.8675,0,0.7441,0.0,0.4093,0.0,0.0917,0.6634,0.1967,True,0,SYNTHETIC_SHOWCASE_ONLY
9000480,1993-07-19,first_time_borrower,134570.85,36,49133.26,13294.06,39882.17,77,0.4088,0.7213,2,0.8374,0.0,0.5235,0.0,0.4601,0.696,0.5796,True,1,SYNTHETIC_SHOWCASE_ONLY
9000481,1994-06-10,informal_worker,60010.01,9,15764.94,2993.94,8981.81,154,0.7658,0.5798,3,0.7578,0.0,0.4421,0.0,0.0615,0.8011,0.229,True,1,SYNTHETIC_SHOWCASE_ONLY
9000482,1997-02-23,gig_worker,46029.36,12,21224.88,7356.5,22069.5,47,0.8049,0.978,0,0.8872,0.0,0.1694,0.0,0.4333,0.6102,0.2579,True,0,SYNTHETIC_SHOWCASE_ONLY
9000483,1994-04-03,gig_worker,21388.02,24,18191.48,4360.71,13082.12,61,0.5733,0.8036,0,0.7595,0.0,0.1638,0.0,0.6709,0.7077,0.387,True,0,SYNTHETIC_SHOWCASE_ONLY
9000484,1996-12-25,informal_worker,245923.87,12,55958.99,17873.55,53620.64,154,0.6919,0.9647,1,0.8931,0.0,0.2367,0.0,0.1782,0.693,0.3058,True,0,SYNTHETIC_SHOWCASE_ONLY
9000485,1995-04-26,gig_worker,78277.08,12,18446.75,5012.48,15037.45,186,0.62,0.8895,1,0.9143,0.0,0.322,0.0,0.2866,0.4737,0.3053,True,1,SYNTHETIC_SHOWCASE_ONLY
9000486,1994-03-01,gig_worker,78646.93,24,36675.48,12038.11,36114.34,232,0.7205,0.8212,0,0.3595,0.0,0.0364,0.0,0.1558,0.315,0.2386,True,0,SYNTHETIC_SHOWCASE_ONLY
9000487,1994-09-03,gig_worker,162258.66,18,44606.61,8914.47,26743.41,252,0.6543,0.8939,0,0.9493,0.0,0.471,0.0,0.2525,0.6439,0.3893,True,0,SYNTHETIC_SHOWCASE_ONLY
9000488,1995-08-28,small_merchant,72216.95,12,26103.4,6274.82,18824.47,114,0.559,0.8323,0,0.8516,60484.76,0.7707,4884.25,0.5938,0.4169,0.3923,True,1,SYNTHETIC_SHOWCASE_ONLY
9000489,1996-10-29,gig_worker,57089.18,12,14459.26,4019.76,12059.27,43,0.7772,0.5905,1,0.7072,0.0,0.6221,0.0,0.4883,0.565,0.2928,True,1,SYNTHETIC_SHOWCASE_ONLY
9000490,1996-01-12,informal_worker,33700.2,12,14547.38,4179.21,12537.64,258,0.4663,0.6736,0,0.8268,0.0,0.0887,0.0,0.3229,0.5581,0.4081,True,1,SYNTHETIC_SHOWCASE_ONLY
9000491,1997-09-01,informal_worker,125086.2,9,42304.41,13034.65,39103.96,225,0.7192,0.786,0,0.6892,0.0,0.6447,0.0,0.1597,0.9034,0.2508,True,1,SYNTHETIC_SHOWCASE_ONLY
9000492,1997-05-04,first_time_borrower,13062.6,12,15288.78,3015.24,9045.71,90,0.6536,0.8224,2,0.8967,0.0,0.3522,0.0,0.3215,0.4532,0.3732,True,0,SYNTHETIC_SHOWCASE_ONLY
9000493,1996-10-07,small_merchant,46288.75,18,33797.18,11060.6,33181.81,173,0.9812,0.7877,2,0.8328,53291.5,0.9595,17774.03,0.6808,0.4319,0.1419,True,0,SYNTHETIC_SHOWCASE_ONLY
9000494,1996-01-07,small_merchant,119495.6,24,29579.81,10910.64,32731.92,21,0.7485,0.8362,0,0.6497,107298.17,0.8473,9421.11,0.5858,0.8253,0.2488,True,0,SYNTHETIC_SHOWCASE_ONLY
9000495,1994-06-14,small_merchant,76471.32,12,33556.42,10253.33,30759.99,241,0.1669,0.5351,3,0.9055,102278.46,0.9865,42477.16,0.7619,0.7306,0.8613,True,1,SYNTHETIC_SHOWCASE_ONLY
9000496,1995-01-24,small_merchant,26491.33,12,35112.78,9117.23,27351.7,209,0.8145,0.7407,0,0.799,42199.49,0.7882,45353.11,0.3029,0.5623,0.19,True,0,SYNTHETIC_SHOWCASE_ONLY
9000497,1993-08-06,informal_worker,23924.89,18,17886.43,4278.01,12834.04,162,0.6478,0.9478,0,0.9133,0.0,0.0881,0.0,0.2401,0.3327,0.4289,True,0,SYNTHETIC_SHOWCASE_ONLY
9000498,1994-11-15,gig_worker,42266.96,9,17530.65,3911.43,11734.3,109,0.7785,0.77,2,0.7669,0.0,0.0687,0.0,0.3578,0.6781,0.1748,True,1,SYNTHETIC_SHOWCASE_ONLY
9000499,1997-08-19,first_time_borrower,148335.11,12,39463.24,12604.05,37812.14,67,0.5732,0.8734,0,0.6876,0.0,0.3622,0.0,0.528,0.6571,0.473,True,1,SYNTHETIC_SHOWCASE_ONLY
9000500,1995-02-17,gig_worker,45525.55,12,20699.7,4871.6,14614.8,216,0.5454,0.9379,0,0.7008,0.0,0.2573,0.0,0.2342,0.6075,0.458,True,1,SYNTHETIC_SHOWCASE_ONLY
9000501,1993-07-27,first_time_borrower,29010.67,18,7479.26,2983.31,8949.93,37,0.7915,0.9787,0,0.8444,0.0,0.1604,0.0,0.2324,0.545,0.1146,True,0,SYNTHETIC_SHOWCASE_ONLY
9000502,1996-04-05,informal_worker,167271.83,9,38229.48,12408.9,37226.7,15,0.9106,0.7133,1,0.7996,0.0,0.2621,0.0,0.2838,0.4757,0.164,True,1,SYNTHETIC_SHOWCASE_ONLY
9000503,1997-10-24,gig_worker,35773.7,12,17026.98,5131.93,15395.79,191,0.5714,0.9507,0,0.5636,0.0,0.3866,0.0,0.2714,0.9826,0.4333,True,0,SYNTHETIC_SHOWCASE_ONLY
9000504,1997-05-04,informal_worker,144413.96,18,35037.88,12376.63,37129.89,128,0.9413,0.8871,0,0.6588,0.0,0.3233,0.0,0.1787,0.396,0.1209,True,0,SYNTHETIC_SHOWCASE_ONLY
9000505,1994-05-16,gig_worker,63287.69,24,54639.61,11159.43,33478.29,277,0.9558,0.8134,0,0.6472,0.0,0.1071,0.0,0.1666,0.4555,0.0214,True,0,SYNTHETIC_SHOWCASE_ONLY
9000506,1995-04-09,informal_worker,68511.96,24,28226.2,11288.46,33865.39,42,0.6822,0.7137,1,0.7627,0.0,0.0731,0.0,0.2021,0.6914,0.3288,True,1,SYNTHETIC_SHOWCASE_ONLY
9000507,1995-08-28,informal_worker,46480.2,36,45158.21,14467.16,43401.48,70,0.6586,0.7496,1,0.6747,0.0,0.5331,0.0,0.2464,0.6888,0.3272,True,0,SYNTHETIC_SHOWCASE_ONLY
9000508,1994-03-29,gig_worker,25054.42,18,30145.25,8905.04,26715.13,115,0.8107,0.9405,0,0.9002,0.0,0.242,0.0,0.1138,0.7111,0.1941,True,0,SYNTHETIC_SHOWCASE_ONLY
9000509,1994-05-06,gig_worker,53026.0,12,59989.56,19170.59,57511.77,156,0.4071,0.8569,0,0.6281,0.0,0.259,0.0,0.2518,0.6302,0.6129,True,1,SYNTHETIC_SHOWCASE_ONLY
9000510,1994-03-09,informal_worker,17841.36,12,16817.05,3534.9,10604.71,227,0.7781,0.6599,0,0.7805,0.0,0.4296,0.0,0.1233,0.3956,0.2377,True,0,SYNTHETIC_SHOWCASE_ONLY
9000511,1997-12-22,gig_worker,119290.12,6,27889.81,10330.15,30990.44,35,0.7391,0.8342,3,0.6178,0.0,0.1736,0.0,0.4002,0.7535,0.2299,True,1,SYNTHETIC_SHOWCASE_ONLY
9000512,1996-09-24,first_time_borrower,115737.43,12,38679.98,14856.45,44569.34,219,0.9696,0.8494,3,0.759,0.0,0.2325,0.0,0.2383,0.5607,0.0453,True,0,SYNTHETIC_SHOWCASE_ONLY
9000513,1997-03-16,informal_worker,121856.04,9,25554.33,5994.48,17983.44,238,0.877,0.8306,0,0.782,0.0,0.3496,0.0,0.1618,0.6232,0.1504,True,1,SYNTHETIC_SHOWCASE_ONLY
9000514,1997-01-31,informal_worker,144443.56,12,48680.07,9594.71,28784.12,184,0.7358,0.7981,0,0.7151,0.0,0.2761,0.0,0.3043,0.5782,0.2545,True,0,SYNTHETIC_SHOWCASE_ONLY
9000515,1997-10-18,gig_worker,76603.95,24,22755.92,4221.52,12664.55,211,0.5176,0.9602,0,0.7528,0.0,0.6073,0.0,0.1369,0.8597,0.5468,True,0,SYNTHETIC_SHOWCASE_ONLY
9000516,1993-07-12,informal_worker,106731.69,24,75603.51,26834.58,80503.74,152,0.7245,0.8913,0,0.4348,0.0,0.0799,0.0,0.1441,0.6501,0.2584,True,0,SYNTHETIC_SHOWCASE_ONLY
9000517,1997-05-29,first_time_borrower,230972.37,12,77545.07,16456.67,49370.01,200,0.5992,0.8379,0,0.8683,0.0,0.6605,0.0,0.2723,0.7561,0.5759,True,0,SYNTHETIC_SHOWCASE_ONLY
9000518,1993-05-02,gig_worker,73587.58,18,32059.68,10632.65,31897.95,254,0.7185,0.9261,0,0.9757,0.0,0.2317,0.0,0.0897,0.7159,0.259,True,0,SYNTHETIC_SHOWCASE_ONLY
9000519,1995-05-19,small_merchant,171512.67,12,36505.14,13745.16,41235.49,183,0.476,0.5426,2,0.8215,144358.16,0.6674,28850.1,0.9003,0.8895,0.6516,True,1,SYNTHETIC_SHOWCASE_ONLY
9000520,1995-12-22,gig_worker,233629.42,18,49610.71,10496.62,31489.85,42,0.8216,0.7034,1,0.5135,0.0,0.0842,0.0,0.4574,0.3487,0.0647,True,0,SYNTHETIC_SHOWCASE_ONLY
9000521,1994-10-16,small_merchant,23334.16,18,15837.01,4969.24,14907.71,36,0.8003,0.8548,1,0.9741,41702.42,0.7749,5287.09,0.9108,0.5153,0.2555,True,0,SYNTHETIC_SHOWCASE_ONLY
9000522,1993-09-24,informal_worker,49649.54,12,14916.15,2804.44,8413.32,12,0.9215,0.9106,0,0.6845,0.0,0.0423,0.0,0.1281,0.5064,0.028,True,0,SYNTHETIC_SHOWCASE_ONLY
9000523,1993-12-18,small_merchant,174409.06,12,51176.76,18588.83,55766.5,171,0.9336,0.636,0,0.9795,155385.04,0.7636,52692.93,0.4628,0.6759,0.235,True,0,SYNTHETIC_SHOWCASE_ONLY
9000524,1997-02-14,small_merchant,98206.66,36,31935.52,6355.69,19067.07,163,0.6433,0.7326,0,0.8629,91278.02,0.5151,8145.39,0.3724,0.6125,0.2417,True,0,SYNTHETIC_SHOWCASE_ONLY
9000525,1994-08-05,small_merchant,28808.66,18,25115.42,7601.85,22805.56,63,0.5017,0.633,2,0.6181,40288.45,0.6191,3842.99,0.5497,0.5088,0.4157,True,0,SYNTHETIC_SHOWCASE_ONLY
9000526,1994-07-21,gig_worker,97895.98,18,28149.9,10403.37,31210.1,248,0.7033,0.9686,0,0.8583,0.0,0.375,0.0,0.5927,0.8079,0.3212,True,0,SYNTHETIC_SHOWCASE_ONLY
9000527,1997-08-14,gig_worker,36663.45,6,8907.6,3578.91,10736.74,190,0.7877,0.6342,1,0.6921,0.0,0.2065,0.0,0.1084,0.3498,0.1323,True,1,SYNTHETIC_SHOWCASE_ONLY
9000528,1993-09-20,first_time_borrower,54145.58,12,25552.49,5472.43,16417.3,226,0.3706,0.8646,0,0.9363,0.0,0.2955,0.0,0.3387,0.395,0.6142,True,1,SYNTHETIC_SHOWCASE_ONLY
9000529,1997-07-30,informal_worker,55866.84,12,19506.39,5719.76,17159.29,32,0.5267,0.9249,0,0.9005,0.0,0.6764,0.0,0.4179,0.6063,0.4827,True,0,SYNTHETIC_SHOWCASE_ONLY
9000530,1997-08-09,small_merchant,48370.87,36,43505.13,12458.87,37376.62,260,0.3689,0.925,0,0.9314,134681.38,0.869,36106.16,0.342,0.6797,0.679,True,0,SYNTHETIC_SHOWCASE_ONLY
9000531,1995-12-29,informal_worker,211944.37,9,45142.28,11512.1,34536.3,28,0.6691,0.9659,0,0.7908,0.0,0.3915,0.0,0.0103,0.3371,0.2242,True,0,SYNTHETIC_SHOWCASE_ONLY
9000532,1993-10-30,gig_worker,39956.5,12,36929.51,8095.59,24286.78,205,0.7948,0.8165,0,0.9114,0.0,0.3305,0.0,0.2665,0.5328,0.1639,True,0,SYNTHETIC_SHOWCASE_ONLY
9000533,1993-10-12,gig_worker,51350.08,36,33852.9,9782.61,29347.84,152,0.8417,0.9523,0,0.6215,0.0,0.1434,0.0,0.1111,0.7648,0.1609,True,0,SYNTHETIC_SHOWCASE_ONLY
9000534,1994-06-04,gig_worker,26109.79,18,13646.43,5244.68,15734.05,68,0.8646,0.9092,0,0.8656,0.0,0.4021,0.0,0.6857,0.6694,0.2231,True,0,SYNTHETIC_SHOWCASE_ONLY
9000535,1995-11-21,first_time_borrower,157391.58,12,37177.85,8946.86,26840.57,109,0.7727,0.8867,0,0.8089,0.0,0.1819,0.0,0.1987,0.4444,0.3414,True,0,SYNTHETIC_SHOWCASE_ONLY
9000536,1993-10-08,informal_worker,139492.69,18,37875.92,7329.92,21989.77,234,0.7777,0.8995,1,0.5673,0.0,0.1784,0.0,0.5254,0.5065,0.2119,True,1,SYNTHETIC_SHOWCASE_ONLY
9000537,1995-04-13,informal_worker,32112.05,18,50901.73,10421.19,31263.58,153,0.8671,0.8955,0,0.8166,0.0,0.1444,0.0,0.2405,0.39,0.1603,True,0,SYNTHETIC_SHOWCASE_ONLY
9000538,1993-07-30,gig_worker,108949.19,36,77396.78,27876.2,83628.6,229,0.3386,0.8284,0,0.2365,0.0,0.1875,0.0,0.1725,0.7215,0.7658,True,1,SYNTHETIC_SHOWCASE_ONLY
9000539,1995-09-14,gig_worker,48468.91,9,12425.81,4604.34,13813.01,261,0.4176,0.9085,0,0.3339,0.0,0.3036,0.0,0.4185,0.5876,0.607,True,1,SYNTHETIC_SHOWCASE_ONLY
9000540,1993-02-08,informal_worker,55230.81,24,23236.76,6619.65,19858.95,62,0.8285,0.7965,0,0.7099,0.0,0.4988,0.0,0.1261,0.6374,0.1208,True,0,SYNTHETIC_SHOWCASE_ONLY
9000541,1996-07-18,small_merchant,14026.08,12,19607.59,5675.5,17026.49,36,0.651,0.5701,3,0.8287,36570.47,0.5972,14868.59,0.6482,0.8107,0.2626,True,1,SYNTHETIC_SHOWCASE_ONLY
9000542,1993-04-12,first_time_borrower,147256.75,24,30417.19,6399.62,19198.86,183,0.4503,0.9595,1,0.6208,0.0,0.5069,0.0,0.373,0.7404,0.5652,True,1,SYNTHETIC_SHOWCASE_ONLY
9000543,1993-12-22,informal_worker,35660.56,24,28180.7,9469.23,28407.69,48,0.4967,0.8434,0,0.6581,0.0,0.2741,0.0,0.4047,0.6897,0.5174,True,0,SYNTHETIC_SHOWCASE_ONLY
9000544,1993-11-15,small_merchant,71220.33,24,25024.24,7912.59,23737.76,223,0.8572,0.7298,1,0.543,53047.06,0.8563,29856.16,0.7774,0.485,0.0852,True,0,SYNTHETIC_SHOWCASE_ONLY
9000545,1997-02-26,informal_worker,77611.45,24,45853.64,11057.82,33173.46,180,0.8118,0.7864,0,0.8899,0.0,0.5833,0.0,0.2586,0.5661,0.1826,True,0,SYNTHETIC_SHOWCASE_ONLY
9000546,1993-04-08,first_time_borrower,63450.76,24,16502.73,6873.03,20619.1,125,0.8855,0.7417,1,0.6312,0.0,0.3394,0.0,0.5265,0.5375,0.0966,True,0,SYNTHETIC_SHOWCASE_ONLY
9000547,1995-02-23,small_merchant,68248.1,9,16987.3,5135.35,15406.04,171,0.8463,0.8758,0,0.6161,39171.91,0.901,24088.64,0.7631,0.4196,0.1207,True,0,SYNTHETIC_SHOWCASE_ONLY
9000548,1995-12-16,informal_worker,40207.04,6,17125.63,4966.42,14899.25,34,0.6022,0.8977,0,0.7406,0.0,0.1573,0.0,0.072,0.6936,0.4495,True,1,SYNTHETIC_SHOWCASE_ONLY
9000549,1995-08-01,first_time_borrower,82368.55,12,23552.86,8966.3,26898.9,128,0.6178,0.9761,0,0.9196,0.0,0.2994,0.0,0.4464,0.6229,0.3497,True,1,SYNTHETIC_SHOWCASE_ONLY
9000550,1996-05-27,gig_worker,71415.93,18,15525.46,4545.92,13637.77,12,0.6246,0.7909,1,0.9533,0.0,0.1982,0.0,0.1939,0.4694,0.3957,True,1,SYNTHETIC_SHOWCASE_ONLY
9000551,1997-01-06,first_time_borrower,114484.01,12,27354.75,7593.28,22779.83,215,0.8147,0.9507,0,0.6263,0.0,0.1522,0.0,0.2499,0.8278,0.0982,True,0,SYNTHETIC_SHOWCASE_ONLY
9000552,1994-12-20,gig_worker,62729.23,24,25861.86,4761.44,14284.33,215,0.1944,0.531,0,0.6568,0.0,0.2081,0.0,0.0823,0.6756,0.894,True,1,SYNTHETIC_SHOWCASE_ONLY
9000553,1997-02-21,informal_worker,48804.52,24,19195.53,5119.56,15358.69,68,0.8065,0.5982,0,0.849,0.0,0.2547,0.0,0.4457,0.4621,0.259,True,0,SYNTHETIC_SHOWCASE_ONLY
9000554,1994-08-04,informal_worker,191750.07,36,42589.69,17611.01,52833.02,64,0.8827,0.8634,2,0.9398,0.0,0.2395,0.0,0.2045,0.622,0.1582,True,0,SYNTHETIC_SHOWCASE_ONLY
9000555,1997-12-03,informal_worker,20442.47,12,27211.62,8267.1,24801.31,73,0.8736,0.8631,2,0.6124,0.0,0.6816,0.0,0.5819,0.8205,0.0386,True,0,SYNTHETIC_SHOWCASE_ONLY
9000556,1995-07-11,small_merchant,32659.31,24,46631.45,16035.5,48106.49,189,0.6692,0.6423,2,0.6965,62038.5,0.8497,24441.07,0.5883,0.405,0.287,True,0,SYNTHETIC_SHOWCASE_ONLY
9000557,1996-09-05,informal_worker,38386.48,24,25497.5,8300.84,24902.51,14,0.5026,0.9117,0,0.9165,0.0,0.3076,0.0,0.393,0.8919,0.5051,True,0,SYNTHETIC_SHOWCASE_ONLY
9000558,1997-05-17,gig_worker,117391.71,36,27676.7,10764.93,32294.8,177,0.9496,0.7527,0,0.7247,0.0,0.5206,0.0,0.3926,0.8538,0.0,True,0,SYNTHETIC_SHOWCASE_ONLY
9000559,1996-12-18,gig_worker,27230.53,24,21371.73,8450.11,25350.34,221,0.9141,0.8661,0,0.7263,0.0,0.1798,0.0,0.2939,0.7841,0.1623,True,0,SYNTHETIC_SHOWCASE_ONLY
9000560,1997-04-04,gig_worker,51771.0,12,27905.45,9374.89,28124.66,90,0.6977,0.9307,1,0.7702,0.0,0.4864,0.0,0.0793,0.4823,0.2285,True,0,SYNTHETIC_SHOWCASE_ONLY
9000561,1995-09-07,informal_worker,132736.45,6,39412.2,7701.6,23104.79,268,0.7299,0.8511,3,0.8144,0.0,0.3242,0.0,0.1346,0.6178,0.3697,True,1,SYNTHETIC_SHOWCASE_ONLY
9000562,1993-03-21,small_merchant,32421.69,36,22983.21,8892.03,26676.08,31,0.8143,0.7822,2,0.9346,71546.73,0.8529,24545.17,0.8056,0.7317,0.0881,True,0,SYNTHETIC_SHOWCASE_ONLY
9000563,1995-06-20,gig_worker,69441.43,24,35910.95,14757.93,44273.79,192,0.7688,0.6736,0,0.9208,0.0,0.384,0.0,0.1426,0.7193,0.2346,True,0,SYNTHETIC_SHOWCASE_ONLY
9000564,1993-11-28,first_time_borrower,50315.37,24,18955.35,5502.39,16507.17,92,0.854,0.8692,1,0.7611,0.0,0.3786,0.0,0.1947,0.4814,0.2833,True,0,SYNTHETIC_SHOWCASE_ONLY
9000565,1997-06-12,small_merchant,64641.09,24,40307.95,8722.62,26167.87,262,0.5189,0.7288,1,0.9928,90431.09,0.974,47430.48,0.7003,0.8196,0.4513,True,0,SYNTHETIC_SHOWCASE_ONLY
9000566,1994-03-09,small_merchant,105276.4,24,21196.79,6168.79,18506.38,225,0.6707,0.4904,0,0.6904,84822.79,0.7749,25993.52,0.7713,0.6647,0.4621,True,1,SYNTHETIC_SHOWCASE_ONLY
9000567,1994-02-21,small_merchant,55590.25,24,42140.57,13568.2,40704.61,95,0.6407,0.6566,2,0.8373,106290.03,0.5208,1338.78,0.7466,0.6855,0.3461,True,0,SYNTHETIC_SHOWCASE_ONLY
9000568,1994-04-01,gig_worker,125121.32,36,28831.64,7053.82,21161.47,226,0.4867,0.7652,1,0.6523,0.0,0.2413,0.0,0.2199,0.6981,0.4551,True,0,SYNTHETIC_SHOWCASE_ONLY
9000569,1996-03-19,informal_worker,155051.3,36,58105.61,21338.51,64015.53,42,0.8548,0.4038,0,0.8261,0.0,0.1024,0.0,0.1101,0.6321,0.1452,True,0,SYNTHETIC_SHOWCASE_ONLY
9000570,1995-11-10,small_merchant,18796.46,12,16090.87,3599.15,10797.46,118,0.6842,0.8696,2,0.8537,22155.51,0.7341,16089.55,0.6267,0.9051,0.2696,True,0,SYNTHETIC_SHOWCASE_ONLY
9000571,1997-09-29,gig_worker,15458.57,6,13785.81,5444.07,16332.2,127,0.7042,0.7381,0,0.8883,0.0,0.1351,0.0,0.088,0.8112,0.1815,True,0,SYNTHETIC_SHOWCASE_ONLY
9000572,1995-01-31,first_time_borrower,58352.65,6,20830.54,6833.33,20499.99,60,0.5197,0.9257,1,0.8921,0.0,0.0471,0.0,0.3638,0.6002,0.5936,True,1,SYNTHETIC_SHOWCASE_ONLY
9000573,1994-05-31,informal_worker,31050.31,12,14405.23,4205.37,12616.11,146,0.7272,0.9152,0,0.8453,0.0,0.3421,0.0,0.1156,0.4719,0.2267,True,0,SYNTHETIC_SHOWCASE_ONLY
9000574,1993-03-31,informal_worker,23534.12,24,14418.21,2770.63,8311.88,37,0.802,0.8471,1,0.7248,0.0,0.506,0.0,0.2187,0.5478,0.2663,True,0,SYNTHETIC_SHOWCASE_ONLY
9000575,1993-01-13,first_time_borrower,181850.38,24,37733.52,14411.8,43235.39,107,0.9583,0.7145,1,0.7467,0.0,0.1447,0.0,0.5374,0.7637,0.1178,True,0,SYNTHETIC_SHOWCASE_ONLY
9000576,1994-11-14,first_time_borrower,73740.33,12,27943.89,9280.27,27840.82,93,0.8969,0.9598,0,0.8792,0.0,0.0794,0.0,0.6164,0.6588,0.1209,True,0,SYNTHETIC_SHOWCASE_ONLY
9000577,1997-08-18,small_merchant,104240.52,12,22241.45,5650.14,16950.43,65,0.6104,0.6271,0,0.9355,74839.66,0.7078,11964.84,0.7766,0.9314,0.411,True,1,SYNTHETIC_SHOWCASE_ONLY
9000578,1995-08-15,informal_worker,30732.01,18,23253.66,7347.95,22043.86,190,0.5515,0.8895,0,0.8425,0.0,0.0923,0.0,0.4095,0.8564,0.3977,True,0,SYNTHETIC_SHOWCASE_ONLY
9000579,1997-06-20,informal_worker,29582.07,24,21021.18,7392.92,22178.77,19,0.7375,0.5763,0,0.8157,0.0,0.1701,0.0,0.2713,0.3916,0.3702,True,0,SYNTHETIC_SHOWCASE_ONLY
9000580,1993-07-05,gig_worker,199247.14,18,61829.57,16465.77,49397.3,196,0.5962,0.746,0,0.604,0.0,0.2613,0.0,0.0427,0.6964,0.4728,True,1,SYNTHETIC_SHOWCASE_ONLY
9000581,1993-06-20,gig_worker,35161.56,9,19671.32,5790.78,17372.33,256,0.7163,0.9567,0,0.9042,0.0,0.4186,0.0,0.098,0.7995,0.4069,True,0,SYNTHETIC_SHOWCASE_ONLY
9000582,1997-03-02,gig_worker,20985.03,12,14843.77,5364.73,16094.2,42,0.6697,0.9002,0,0.9324,0.0,0.4697,0.0,0.3489,0.7578,0.241,True,0,SYNTHETIC_SHOWCASE_ONLY
9000583,1993-07-14,informal_worker,41711.96,18,41030.22,8761.9,26285.69,99,0.6706,0.8182,0,0.6446,0.0,0.3592,0.0,0.5042,0.5024,0.4387,True,0,SYNTHETIC_SHOWCASE_ONLY
9000584,1993-04-05,informal_worker,23619.32,18,25245.35,9685.98,29057.93,158,0.6903,0.668,2,0.8708,0.0,0.2087,0.0,0.0111,0.6197,0.3646,True,0,SYNTHETIC_SHOWCASE_ONLY
9000585,1995-01-08,informal_worker,291593.48,24,74501.25,17859.63,53578.89,119,0.7481,0.683,1,0.9128,0.0,0.6338,0.0,0.2469,0.7383,0.4299,True,1,SYNTHETIC_SHOWCASE_ONLY
9000586,1997-08-16,small_merchant,40053.5,36,21750.26,6011.52,18034.55,227,0.7299,0.8725,1,0.8008,53358.82,0.6019,18882.92,0.667,0.5822,0.3083,True,0,SYNTHETIC_SHOWCASE_ONLY
9000587,1996-06-12,gig_worker,206137.01,9,42025.51,15117.75,45353.25,61,0.6364,0.902,0,0.8249,0.0,0.379,0.0,0.4529,0.7187,0.36,True,1,SYNTHETIC_SHOWCASE_ONLY
9000588,1993-06-30,small_merchant,66169.4,12,47071.1,10759.67,32279.01,154,0.8446,0.7914,0,0.5288,68129.16,0.9589,50673.99,0.6224,0.7196,0.2226,True,0,SYNTHETIC_SHOWCASE_ONLY
9000589,1997-03-09,small_merchant,47081.03,12,21801.16,5514.02,16542.06,17,0.8371,0.9586,0,0.8089,38008.24,0.6407,27262.93,0.5978,0.2806,0.1816,True,0,SYNTHETIC_SHOWCASE_ONLY
9000590,1997-03-21,first_time_borrower,44095.34,12,19601.43,6122.67,18368.02,118,0.86,0.7014,0,0.8289,0.0,0.6151,0.0,0.4674,0.6181,0.0491,True,0,SYNTHETIC_SHOWCASE_ONLY
9000591,1997-01-02,first_time_borrower,111935.18,12,39967.25,14659.24,43977.73,35,0.6362,0.8537,0,0.8758,0.0,0.3376,0.0,0.1349,0.7861,0.4187,True,1,SYNTHETIC_SHOWCASE_ONLY
9000592,1997-07-07,first_time_borrower,163486.81,6,36897.83,10423.05,31269.14,20,0.7932,0.7395,2,0.2609,0.0,0.2882,0.0,0.0939,0.464,0.0762,True,1,SYNTHETIC_SHOWCASE_ONLY
9000593,1994-03-15,first_time_borrower,60790.0,6,14226.57,5502.92,16508.77,166,0.8335,0.6557,0,0.3019,0.0,0.1424,0.0,0.3748,0.4566,0.1844,True,1,SYNTHETIC_SHOWCASE_ONLY
9000594,1997-11-24,first_time_borrower,10487.67,24,16290.06,3905.77,11717.32,275,0.6252,0.8,1,0.7264,0.0,0.0521,0.0,0.3779,0.3605,0.4629,True,0,SYNTHETIC_SHOWCASE_ONLY
9000595,1994-08-09,small_merchant,19895.38,9,8287.25,3223.82,9671.46,133,0.5715,0.7737,2,0.7584,31314.44,0.8018,6896.24,0.4628,0.8397,0.3798,True,1,SYNTHETIC_SHOWCASE_ONLY
9000596,1997-01-04,gig_worker,158102.3,24,37262.6,13521.77,40565.31,121,0.6673,0.7396,2,0.836,0.0,0.1678,0.0,0.2832,0.6216,0.3837,True,1,SYNTHETIC_SHOWCASE_ONLY
9000597,1995-11-24,gig_worker,14837.41,12,24693.19,5729.94,17189.83,63,0.8991,0.6094,0,0.6493,0.0,0.0674,0.0,0.4496,0.9336,0.1195,True,0,SYNTHETIC_SHOWCASE_ONLY
9000598,1996-11-24,small_merchant,76363.44,12,25903.35,9760.54,29281.63,131,0.8576,0.605,0,0.8815,84188.76,0.7879,19611.28,0.8429,0.8366,0.1933,True,0,SYNTHETIC_SHOWCASE_ONLY
9000599,1996-02-21,gig_worker,21653.54,9,12432.47,2367.65,7102.95,81,0.9668,0.8503,0,0.4599,0.0,0.6023,0.0,0.223,0.8282,0.0172,True,0,SYNTHETIC_SHOWCASE_ONLY
9000600,1996-03-19,gig_worker,39937.02,6,16528.98,4643.44,13930.33,36,0.713,0.8109,1,0.782,0.0,0.332,0.0,0.4089,0.8635,0.3698,True,1,SYNTHETIC_SHOWCASE_ONLY
9000601,1996-01-31,first_time_borrower,54521.94,12,22259.84,6870.67,20612.02,234,0.9387,0.7109,2,0.7249,0.0,0.0778,0.0,0.3037,0.7339,0.0895,True,0,SYNTHETIC_SHOWCASE_ONLY
9000602,1996-11-23,gig_worker,47118.11,24,20277.02,7135.22,21405.67,198,0.9147,0.8438,0,0.7144,0.0,0.4714,0.0,0.5379,0.6434,0.1979,True,0,SYNTHETIC_SHOWCASE_ONLY
9000603,1996-09-11,first_time_borrower,134060.43,36,29629.36,9619.41,28858.22,243,0.8412,0.8231,0,0.4859,0.0,0.5629,0.0,0.1856,0.6177,0.2767,True,0,SYNTHETIC_SHOWCASE_ONLY
9000604,1993-09-03,informal_worker,109684.39,6,37050.03,13880.58,41641.73,152,0.5951,0.6435,1,0.8911,0.0,0.0793,0.0,0.1173,0.7405,0.3838,True,1,SYNTHETIC_SHOWCASE_ONLY
9000605,1997-02-17,informal_worker,300000.0,6,83230.89,19263.11,57789.33,182,0.6975,0.719,0,0.9432,0.0,0.3328,0.0,0.1692,0.7477,0.2939,True,1,SYNTHETIC_SHOWCASE_ONLY
9000606,1995-09-06,informal_worker,105317.88,9,27732.26,7679.51,23038.52,60,0.4838,0.6098,2,0.8473,0.0,0.0857,0.0,0.3272,0.6685,0.5702,True,1,SYNTHETIC_SHOWCASE_ONLY
9000607,1994-08-13,small_merchant,102586.25,24,47827.36,13162.19,39486.56,233,0.9562,0.8272,0,0.8126,66054.7,0.8237,22699.87,0.5209,0.4184,0.0601,True,0,SYNTHETIC_SHOWCASE_ONLY
9000608,1995-07-28,informal_worker,52105.54,12,18799.26,7280.16,21840.49,109,0.4124,0.5546,2,0.9263,0.0,0.3965,0.0,0.5151,0.879,0.6039,True,1,SYNTHETIC_SHOWCASE_ONLY
9000609,1997-11-01,gig_worker,29014.71,12,12531.31,3142.61,9427.82,266,0.7462,0.9245,0,0.6488,0.0,0.2087,0.0,0.273,0.9222,0.1322,True,0,SYNTHETIC_SHOWCASE_ONLY
9000610,1997-04-15,first_time_borrower,100384.99,24,23643.77,5595.69,16787.08,239,0.5164,0.76,0,0.7005,0.0,0.2857,0.0,0.512,0.5991,0.3631,True,0,SYNTHETIC_SHOWCASE_ONLY
9000611,1997-03-03,small_merchant,18537.06,24,13004.53,3713.85,11141.56,12,0.7232,0.7862,0,0.735,25121.38,0.8894,16864.04,0.752,0.5503,0.3897,True,0,SYNTHETIC_SHOWCASE_ONLY
9000612,1995-04-26,gig_worker,133100.14,18,28197.9,5422.89,16268.67,194,0.6956,0.7435,0,0.69,0.0,0.1799,0.0,0.269,0.6479,0.4241,True,1,SYNTHETIC_SHOWCASE_ONLY
9000613,1996-12-02,informal_worker,60716.54,9,19251.45,4532.72,13598.16,229,0.7036,0.8926,0,0.6913,0.0,0.3134,0.0,0.4179,0.565,0.2988,True,1,SYNTHETIC_SHOWCASE_ONLY
9000614,1994-12-05,informal_worker,36073.88,12,10958.93,2615.8,7847.39,109,0.9699,0.7351,0,0.6464,0.0,0.2908,0.0,0.5893,0.6577,0.1421,True,0,SYNTHETIC_SHOWCASE_ONLY
9000615,1996-06-06,small_merchant,185151.73,12,64424.67,18380.09,55140.26,113,0.7136,0.8774,0,0.5738,94580.81,0.7948,64673.81,0.8486,0.8259,0.2788,True,0,SYNTHETIC_SHOWCASE_ONLY
9000616,1996-03-13,informal_worker,65756.7,18,21632.03,7169.81,21509.44,129,0.3483,0.6572,3,0.9168,0.0,0.4737,0.0,0.3508,0.5327,0.6306,True,1,SYNTHETIC_SHOWCASE_ONLY
9000617,1994-04-02,gig_worker,45134.38,24,12757.86,4521.93,13565.78,159,0.4873,0.8486,1,0.3968,0.0,0.1452,0.0,0.2863,0.625,0.4726,True,0,SYNTHETIC_SHOWCASE_ONLY
9000618,1994-05-02,informal_worker,150051.47,9,43091.55,17443.92,52331.77,88,0.6852,0.7661,1,0.814,0.0,0.4724,0.0,0.383,0.7232,0.2915,True,1,SYNTHETIC_SHOWCASE_ONLY
9000619,1993-04-22,gig_worker,30438.56,24,19736.5,5511.19,16533.56,213,0.6978,0.7445,0,0.5526,0.0,0.3341,0.0,0.1828,0.5853,0.281,True,1,SYNTHETIC_SHOWCASE_ONLY
9000620,1993-09-13,gig_worker,149444.02,12,47251.49,18564.51,55693.53,257,0.5031,0.7859,1,0.8004,0.0,0.4397,0.0,0.4599,0.8356,0.3709,True,1,SYNTHETIC_SHOWCASE_ONLY
9000621,1995-03-03,gig_worker,42540.15,24,19691.27,7312.52,21937.56,99,0.6456,0.6313,1,0.8409,0.0,0.262,0.0,0.1528,0.62,0.2445,True,0,SYNTHETIC_SHOWCASE_ONLY
9000622,1995-05-23,small_merchant,73494.56,6,21597.41,6119.41,18358.24,109,0.8741,0.6639,0,0.4688,58860.4,0.8771,4980.04,0.7202,0.8415,0.0436,True,1,SYNTHETIC_SHOWCASE_ONLY
9000623,1993-10-29,small_merchant,99466.48,12,33040.16,11382.52,34147.56,66,0.6818,0.8203,2,0.6166,46715.08,0.7943,17063.72,0.5125,0.8524,0.3843,True,1,SYNTHETIC_SHOWCASE_ONLY
9000624,1995-02-01,small_merchant,51763.18,6,37223.85,7596.01,22788.03,87,0.8074,0.8438,1,0.8987,160040.41,0.8113,49112.09,0.3039,0.4725,0.2182,True,0,SYNTHETIC_SHOWCASE_ONLY
9000625,1996-01-09,gig_worker,155194.62,24,40490.88,16147.06,48441.17,68,0.5946,0.9248,0,0.9763,0.0,0.5582,0.0,0.1087,0.4353,0.5116,True,0,SYNTHETIC_SHOWCASE_ONLY
9000626,1994-03-01,gig_worker,70021.9,6,26819.49,9368.07,28104.22,102,0.5957,0.8801,0,0.7978,0.0,0.2473,0.0,0.5731,0.8517,0.3421,True,0,SYNTHETIC_SHOWCASE_ONLY
9000627,1994-09-10,small_merchant,109212.49,12,36087.28,14629.8,43889.39,52,0.581,0.7904,0,0.736,143689.41,0.8844,29350.87,0.746,0.7423,0.4774,True,0,SYNTHETIC_SHOWCASE_ONLY
9000628,1994-11-03,gig_worker,142559.93,24,40049.1,7746.62,23239.87,277,0.8892,0.8535,2,0.6029,0.0,0.1011,0.0,0.3702,0.4353,0.1184,True,0,SYNTHETIC_SHOWCASE_ONLY
9000629,1995-07-12,informal_worker,107060.23,24,30829.67,8292.04,24876.12,56,0.7305,0.9718,0,0.6784,0.0,0.6719,0.0,0.4027,0.5957,0.2372,True,1,SYNTHETIC_SHOWCASE_ONLY
9000630,1994-11-01,first_time_borrower,101849.47,18,26146.85,8491.27,25473.82,138,0.9184,0.8671,1,0.7676,0.0,0.4215,0.0,0.1786,0.416,0.0746,True,0,SYNTHETIC_SHOWCASE_ONLY
9000631,1996-09-07,small_merchant,21123.35,24,13991.68,3337.16,10011.47,60,0.7412,0.6872,1,0.7918,22639.25,0.5532,2273.7,0.824,0.6686,0.2266,True,0,SYNTHETIC_SHOWCASE_ONLY
9000632,1994-08-22,first_time_borrower,40530.42,18,37330.4,14085.17,42255.52,267,0.4172,0.754,0,0.869,0.0,0.0993,0.0,0.0906,0.8187,0.5248,True,0,SYNTHETIC_SHOWCASE_ONLY
9000633,1995-03-04,gig_worker,101272.41,18,28572.59,6911.24,20733.71,151,0.7197,0.9928,0,0.982,0.0,0.1181,0.0,0.5432,0.8853,0.3494,True,0,SYNTHETIC_SHOWCASE_ONLY
9000634,1994-11-24,gig_worker,37612.96,12,22958.06,5108.52,15325.55,108,0.477,0.7372,1,0.9506,0.0,0.574,0.0,0.1282,0.8423,0.441,True,0,SYNTHETIC_SHOWCASE_ONLY
9000635,1993-12-01,informal_worker,57094.57,6,51703.86,11551.19,34653.58,16,0.8117,0.7449,3,0.8243,0.0,0.1525,0.0,0.4218,0.7797,0.119,True,0,SYNTHETIC_SHOWCASE_ONLY
9000636,1996-06-06,informal_worker,16613.09,12,14109.44,4928.68,14786.05,24,0.6845,0.4518,1,0.8341,0.0,0.1042,0.0,0.4507,0.4103,0.3028,True,0,SYNTHETIC_SHOWCASE_ONLY
9000637,1994-03-06,first_time_borrower,121824.17,6,61641.91,15670.06,47010.19,121,0.7808,0.8931,0,0.7984,0.0,0.6829,0.0,0.342,0.62,0.2216,True,0,SYNTHETIC_SHOWCASE_ONLY
9000638,1994-06-27,gig_worker,137510.13,12,27702.24,10630.44,31891.33,252,0.7448,0.7506,1,0.4316,0.0,0.1341,0.0,0.309,0.547,0.2014,True,1,SYNTHETIC_SHOWCASE_ONLY
9000639,1996-12-18,informal_worker,42130.1,12,32609.81,10295.58,30886.75,215,0.8366,0.6831,2,0.934,0.0,0.5671,0.0,0.2621,0.4664,0.169,True,0,SYNTHETIC_SHOWCASE_ONLY
9000640,1997-09-29,small_merchant,44325.01,9,23163.63,5032.57,15097.71,222,0.5929,0.7782,1,0.8889,46371.41,0.8087,13197.08,0.5558,0.652,0.4,True,1,SYNTHETIC_SHOWCASE_ONLY
9000641,1996-05-09,small_merchant,58506.7,24,12578.76,3184.99,9554.98,63,0.4132,0.8477,0,0.5965,40755.42,0.8737,12486.6,0.5639,0.7913,0.5014,True,0,SYNTHETIC_SHOWCASE_ONLY
9000642,1997-08-01,gig_worker,126698.21,24,26185.13,10705.12,32115.36,269,0.8277,0.7629,0,0.867,0.0,0.468,0.0,0.798,0.7988,0.1819,True,0,SYNTHETIC_SHOWCASE_ONLY
9000643,1997-04-09,first_time_borrower,52836.15,18,32880.58,7769.86,23309.57,88,0.8537,0.7612,0,0.5968,0.0,0.6561,0.0,0.2906,0.518,0.3163,True,0,SYNTHETIC_SHOWCASE_ONLY
9000644,1995-05-29,gig_worker,173308.59,36,38736.9,7914.06,23742.18,113,0.5793,0.9871,0,0.6724,0.0,0.1505,0.0,0.4897,0.6012,0.3636,True,0,SYNTHETIC_SHOWCASE_ONLY
9000645,1996-11-07,first_time_borrower,30839.38,12,25461.02,4833.16,14499.47,71,0.8103,0.536,6,0.8943,0.0,0.1931,0.0,0.4219,0.5215,0.2292,True,1,SYNTHETIC_SHOWCASE_ONLY
9000646,1994-08-23,informal_worker,38617.03,12,9774.58,2030.48,6091.45,97,0.9357,0.8822,1,0.7346,0.0,0.4564,0.0,0.2759,0.3778,0.0879,True,0,SYNTHETIC_SHOWCASE_ONLY
9000647,1995-04-21,informal_worker,8780.16,12,13359.22,3426.52,10279.56,243,0.4999,0.8179,1,0.7706,0.0,0.1567,0.0,0.0238,0.5416,0.466,True,1,SYNTHETIC_SHOWCASE_ONLY
9000648,1995-09-05,informal_worker,179128.19,18,74976.44,19304.52,57913.56,114,0.81,0.6828,1,0.898,0.0,0.3894,0.0,0.1883,0.7569,0.1402,True,0,SYNTHETIC_SHOWCASE_ONLY
9000649,1997-10-20,first_time_borrower,27980.13,12,16573.21,3211.85,9635.55,179,0.9179,0.8383,0,0.9245,0.0,0.3377,0.0,0.1441,0.724,0.0698,True,0,SYNTHETIC_SHOWCASE_ONLY
9000650,1997-03-30,gig_worker,205384.07,24,55544.71,16047.32,48141.96,142,0.7052,0.6599,0,0.6804,0.0,0.266,0.0,0.2808,0.6893,0.3147,True,0,SYNTHETIC_SHOWCASE_ONLY
9000651,1995-06-13,gig_worker,11993.09,12,17882.86,6646.16,19938.48,226,0.8418,0.9049,1,0.717,0.0,0.2639,0.0,0.0869,0.6445,0.1551,True,0,SYNTHETIC_SHOWCASE_ONLY
9000652,1996-04-06,informal_worker,67864.38,18,25652.11,5514.54,16543.61,237,0.5526,0.8512,0,0.9675,0.0,0.3403,0.0,0.2948,0.6917,0.4546,True,1,SYNTHETIC_SHOWCASE_ONLY
9000653,1994-01-05,small_merchant,138559.33,18,37799.83,11413.19,34239.57,97,0.9671,0.7872,0,0.7904,93349.09,0.6698,13037.58,0.5089,0.8032,0.0,True,0,SYNTHETIC_SHOWCASE_ONLY
9000654,1997-01-08,gig_worker,15214.07,12,18887.7,7844.99,23534.97,203,0.2055,0.8128,0,0.7152,0.0,0.5388,0.0,0.187,0.9726,0.6943,True,1,SYNTHETIC_SHOWCASE_ONLY
9000655,1995-10-07,gig_worker,273493.72,24,60127.53,12762.39,38287.17,122,0.7334,0.952,0,0.4352,0.0,0.2816,0.0,0.2526,0.4839,0.278,True,0,SYNTHETIC_SHOWCASE_ONLY
9000656,1995-08-31,small_merchant,63568.73,24,29036.51,8942.33,26827.0,116,0.7061,0.6622,1,0.9612,53053.54,0.947,19639.16,0.7633,0.6654,0.3179,True,0,SYNTHETIC_SHOWCASE_ONLY
9000657,1996-10-31,gig_worker,46361.14,24,34932.34,11606.13,34818.4,234,0.5044,0.8668,0,0.9603,0.0,0.419,0.0,0.1593,0.8722,0.5647,True,0,SYNTHETIC_SHOWCASE_ONLY
9000658,1996-03-01,gig_worker,39203.72,18,24624.78,6794.65,20383.95,77,0.7751,0.8547,2,0.4004,0.0,0.2266,0.0,0.0418,0.839,0.3428,True,1,SYNTHETIC_SHOWCASE_ONLY
9000659,1993-05-13,first_time_borrower,80328.27,12,38412.78,9440.38,28321.14,269,0.6779,0.8389,1,0.9294,0.0,0.252,0.0,0.429,0.6515,0.4234,True,0,SYNTHETIC_SHOWCASE_ONLY
9000660,1994-06-11,small_merchant,87990.13,12,59741.39,21553.13,64659.38,244,0.6475,0.8741,1,0.5396,171494.14,0.939,68161.98,0.5765,0.7625,0.2929,True,0,SYNTHETIC_SHOWCASE_ONLY
9000661,1993-11-19,first_time_borrower,74835.6,24,26289.96,8325.48,24976.43,160,0.8422,0.8511,0,0.6552,0.0,0.2016,0.0,0.1066,0.4425,0.2046,True,0,SYNTHETIC_SHOWCASE_ONLY
9000662,1996-09-03,first_time_borrower,217411.29,12,64229.76,20496.86,61490.59,107,0.6225,0.7221,0,0.8743,0.0,0.4711,0.0,0.2445,0.6723,0.3445,True,0,SYNTHETIC_SHOWCASE_ONLY
9000663,1993-03-06,gig_worker,52340.07,12,20876.8,6839.51,20518.54,175,0.8518,0.6814,0,0.6752,0.0,0.1289,0.0,0.3387,0.7504,0.163,True,0,SYNTHETIC_SHOWCASE_ONLY
9000664,1994-01-05,informal_worker,100163.34,9,40405.69,14042.74,42128.21,219,0.8145,0.9658,0,0.8206,0.0,0.1843,0.0,0.4979,0.5256,0.2411,True,0,SYNTHETIC_SHOWCASE_ONLY
9000665,1995-12-27,informal_worker,143035.78,18,35409.47,11397.66,34192.99,150,0.6642,0.6997,0,0.5134,0.0,0.0241,0.0,0.3239,0.7287,0.3425,True,1,SYNTHETIC_SHOWCASE_ONLY
9000666,1996-06-22,informal_worker,32263.53,6,16764.86,3847.78,11543.34,176,0.4872,0.7074,1,0.8739,0.0,0.2163,0.0,0.2233,0.8264,0.5664,True,1,SYNTHETIC_SHOWCASE_ONLY
9000667,1995-07-09,gig_worker,103633.3,36,31026.24,11045.61,33136.83,88,0.901,0.9085,0,0.6216,0.0,0.2757,0.0,0.4485,0.3796,0.1544,True,0,SYNTHETIC_SHOWCASE_ONLY
9000668,1997-04-21,gig_worker,127257.08,9,28099.17,11207.96,33623.89,207,0.6668,0.9906,0,0.7286,0.0,0.3458,0.0,0.6578,0.5412,0.4613,True,1,SYNTHETIC_SHOWCASE_ONLY
9000669,1997-08-05,gig_worker,29274.41,12,18590.9,4027.26,12081.78,34,0.9136,0.5996,1,0.628,0.0,0.2218,0.0,0.2853,0.626,0.0077,True,0,SYNTHETIC_SHOWCASE_ONLY
9000670,1993-08-30,informal_worker,110640.47,12,33249.7,10262.63,30787.88,222,0.8593,0.656,1,0.8246,0.0,0.7647,0.0,0.415,0.653,0.0864,True,0,SYNTHETIC_SHOWCASE_ONLY
9000671,1997-10-06,first_time_borrower,143307.88,12,30036.81,9987.16,29961.48,163,0.6194,0.8522,1,0.8305,0.0,0.3449,0.0,0.3167,0.9234,0.4475,True,1,SYNTHETIC_SHOWCASE_ONLY
9000672,1996-01-27,informal_worker,79260.53,12,27041.23,10584.37,31753.11,20,0.7306,0.9049,0,0.6749,0.0,0.1949,0.0,0.5931,0.8529,0.1878,True,0,SYNTHETIC_SHOWCASE_ONLY
9000673,1996-03-07,informal_worker,132712.58,24,27093.32,8594.47,25783.4,52,0.8966,0.9479,0,0.9258,0.0,0.3601,0.0,0.3892,0.5689,0.1295,True,0,SYNTHETIC_SHOWCASE_ONLY
9000674,1993-06-23,first_time_borrower,52672.1,9,26816.02,6799.02,20397.07,73,0.8227,0.8613,0,0.4934,0.0,0.1093,0.0,0.1062,0.7818,0.1761,True,0,SYNTHETIC_SHOWCASE_ONLY
9000675,1996-02-10,informal_worker,72354.47,12,23469.66,7066.14,21198.41,117,0.6264,0.8444,2,0.8102,0.0,0.5826,0.0,0.1654,0.9094,0.4405,True,1,SYNTHETIC_SHOWCASE_ONLY
9000676,1996-08-18,gig_worker,58946.24,9,29943.88,10589.08,31767.25,143,0.691,0.6093,1,0.6192,0.0,0.103,0.0,0.1772,0.7726,0.304,True,0,SYNTHETIC_SHOWCASE_ONLY
9000677,1995-11-27,first_time_borrower,12669.66,12,20555.44,5145.01,15435.02,191,0.8778,0.7313,0,0.6646,0.0,0.2898,0.0,0.3334,0.8215,0.0857,True,0,SYNTHETIC_SHOWCASE_ONLY
9000678,1993-06-04,small_merchant,300000.0,36,100230.55,39212.3,117636.89,177,0.8071,0.9338,0,0.7388,274657.81,0.3402,52101.25,0.7457,0.4655,0.2591,True,0,SYNTHETIC_SHOWCASE_ONLY
9000679,1995-08-14,gig_worker,23577.41,12,14235.3,4875.49,14626.48,149,0.7741,0.8156,0,0.6489,0.0,0.1068,0.0,0.0337,0.5405,0.2305,True,0,SYNTHETIC_SHOWCASE_ONLY
9000680,1997-09-06,small_merchant,103235.65,24,21147.7,4741.37,14224.12,231,0.5776,0.7952,2,0.7964,65071.04,0.8457,22070.62,0.5038,0.5507,0.4089,True,1,SYNTHETIC_SHOWCASE_ONLY
9000681,1996-08-13,first_time_borrower,76291.86,12,21964.96,8505.38,25516.13,70,0.8747,0.9324,1,0.7419,0.0,0.2737,0.0,0.111,0.8105,0.0739,True,0,SYNTHETIC_SHOWCASE_ONLY
9000682,1993-09-08,gig_worker,300000.0,12,74562.77,26247.16,78741.47,257,0.9359,0.9308,0,0.7473,0.0,0.1169,0.0,0.5481,0.4724,0.1247,True,0,SYNTHETIC_SHOWCASE_ONLY
9000683,1997-10-19,small_merchant,72145.98,24,14858.02,4058.45,12175.35,276,0.9717,0.7389,4,0.5967,42470.84,0.6669,18254.87,0.664,0.659,0.0,True,1,SYNTHETIC_SHOWCASE_ONLY
9000684,1997-10-17,gig_worker,106436.52,6,34351.55,9910.26,29730.79,129,0.8523,0.7879,1,0.9505,0.0,0.5093,0.0,0.067,0.8278,0.1927,True,1,SYNTHETIC_SHOWCASE_ONLY
9000685,1993-11-06,gig_worker,157685.09,24,31545.59,8031.86,24095.59,246,0.6903,0.8534,1,0.7743,0.0,0.4359,0.0,0.1787,0.6207,0.3453,True,0,SYNTHETIC_SHOWCASE_ONLY
9000686,1997-01-02,gig_worker,130669.75,18,32862.55,8806.56,26419.69,53,0.6012,0.943,0,0.8211,0.0,0.1675,0.0,0.1796,0.706,0.405,True,1,SYNTHETIC_SHOWCASE_ONLY
9000687,1995-01-13,informal_worker,147231.81,12,50685.97,20237.09,60711.27,51,0.3425,0.8147,1,0.6913,0.0,0.2527,0.0,0.5593,0.6281,0.5168,True,1,SYNTHETIC_SHOWCASE_ONLY
9000688,1995-12-21,first_time_borrower,174746.75,36,50189.34,11697.6,35092.81,253,0.5956,0.8953,0,0.7079,0.0,0.2757,0.0,0.3476,0.8696,0.4356,True,1,SYNTHETIC_SHOWCASE_ONLY
9000689,1995-03-24,gig_worker,32805.94,12,22550.23,5913.92,17741.76,180,0.915,0.796,2,0.4978,0.0,0.8695,0.0,0.3532,0.7252,0.125,True,0,SYNTHETIC_SHOWCASE_ONLY
9000690,1996-11-30,gig_worker,19931.61,36,30732.87,11301.16,33903.48,102,0.6375,0.8968,1,0.8782,0.0,0.7883,0.0,0.1347,0.6034,0.4537,True,0,SYNTHETIC_SHOWCASE_ONLY
9000691,1997-12-25,gig_worker,19796.07,36,11443.66,4268.85,12806.55,170,0.8062,0.7927,1,0.861,0.0,0.3337,0.0,0.3228,0.5994,0.2745,True,0,SYNTHETIC_SHOWCASE_ONLY
9000692,1996-12-22,gig_worker,73817.31,12,29363.99,7363.47,22090.4,271,0.6907,0.7443,0,0.7675,0.0,0.2813,0.0,0.3884,0.6682,0.2492,True,0,SYNTHETIC_SHOWCASE_ONLY
9000693,1997-08-28,small_merchant,30668.48,12,19126.78,3961.09,11883.26,36,0.8581,0.8905,0,0.7667,47841.13,0.7975,20388.98,0.5569,0.7319,0.0639,True,0,SYNTHETIC_SHOWCASE_ONLY
9000694,1997-09-24,informal_worker,73271.89,24,25603.8,10575.79,31727.38,21,0.5251,0.714,0,0.9216,0.0,0.4479,0.0,0.3108,0.5835,0.4036,True,0,SYNTHETIC_SHOWCASE_ONLY
9000695,1993-06-14,informal_worker,43577.73,12,12468.76,4050.99,12152.96,13,0.7954,0.932,0,0.7619,0.0,0.2199,0.0,0.3821,0.7423,0.2443,True,0,SYNTHETIC_SHOWCASE_ONLY
9000696,1994-04-08,small_merchant,118528.41,24,34006.21,11381.91,34145.72,16,0.881,0.5482,2,0.887,121834.08,0.869,34586.23,0.5098,0.6471,0.179,True,0,SYNTHETIC_SHOWCASE_ONLY
9000697,1996-08-11,small_merchant,56212.5,9,12401.92,3633.98,10901.93,147,0.5577,0.8376,0,0.971,34518.09,0.8249,4610.1,0.7674,0.7763,0.4187,True,1,SYNTHETIC_SHOWCASE_ONLY
9000698,1995-12-14,gig_worker,145872.32,12,30065.58,10102.12,30306.35,121,0.5694,0.8539,2,0.9366,0.0,0.4099,0.0,0.7277,0.8351,0.386,True,1,SYNTHETIC_SHOWCASE_ONLY
9000699,1993-04-02,gig_worker,70230.69,18,15541.0,5564.16,16692.47,176,0.8061,0.8043,2,0.5817,0.0,0.1816,0.0,0.2293,0.7194,0.1563,True,0,SYNTHETIC_SHOWCASE_ONLY
9000700,1993-06-23,first_time_borrower,61990.41,24,18622.62,5223.87,15671.61,227,0.9152,0.8327,2,0.6436,0.0,0.2508,0.0,0.5138,0.5835,0.0111,True,0,SYNTHETIC_SHOWCASE_ONLY
9000701,1995-08-09,informal_worker,73369.59,24,48738.82,15603.29,46809.87,197,0.6483,0.9019,0,0.8522,0.0,0.3629,0.0,0.121,0.6316,0.3142,True,0,SYNTHETIC_SHOWCASE_ONLY
9000702,1996-01-31,first_time_borrower,176407.95,18,37129.25,8816.44,26449.31,276,0.8717,0.739,1,0.5281,0.0,0.5951,0.0,0.3682,0.3708,0.1389,True,0,SYNTHETIC_SHOWCASE_ONLY
9000703,1993-11-03,first_time_borrower,66565.36,12,48609.65,12340.73,37022.18,35,0.7459,0.8951,0,0.6173,0.0,0.4123,0.0,0.1923,0.1938,0.1724,True,0,SYNTHETIC_SHOWCASE_ONLY
9000704,1993-11-09,informal_worker,74960.21,12,59197.16,11891.8,35675.39,275,0.5664,0.8994,0,0.7329,0.0,0.4012,0.0,0.4714,0.6399,0.4382,True,0,SYNTHETIC_SHOWCASE_ONLY
9000705,1993-08-25,first_time_borrower,38591.83,12,19321.95,3963.44,11890.33,180,0.9834,0.9272,0,0.658,0.0,0.5229,0.0,0.2249,0.829,0.0473,True,0,SYNTHETIC_SHOWCASE_ONLY
9000706,1995-10-29,small_merchant,179608.91,12,57495.74,21200.96,63602.87,180,0.7298,0.876,1,0.777,218568.4,0.7893,10538.74,0.7621,0.7289,0.2216,True,0,SYNTHETIC_SHOWCASE_ONLY
9000707,1993-01-15,gig_worker,49862.7,12,13856.6,5161.7,15485.1,65,0.9548,0.83,0,0.895,0.0,0.1325,0.0,0.5942,0.7781,0.0528,True,0,SYNTHETIC_SHOWCASE_ONLY
9000708,1995-11-12,gig_worker,26377.82,18,40058.17,16181.9,48545.69,136,0.9589,0.8828,0,0.7141,0.0,0.3187,0.0,0.4322,0.5308,0.0419,True,0,SYNTHETIC_SHOWCASE_ONLY
9000709,1995-05-20,gig_worker,88899.31,12,22096.13,8341.31,25023.93,96,0.8678,0.9471,0,0.8333,0.0,0.4296,0.0,0.1105,0.5812,0.1578,True,0,SYNTHETIC_SHOWCASE_ONLY
9000710,1995-05-01,gig_worker,24545.63,6,17915.4,5214.42,15643.27,209,0.8965,0.7498,1,0.8737,0.0,0.4558,0.0,0.5787,0.951,0.0627,True,0,SYNTHETIC_SHOWCASE_ONLY
9000711,1996-05-25,small_merchant,71620.91,24,37605.49,7732.14,23196.42,67,0.5753,0.8543,0,0.7471,62630.89,0.8395,4736.92,0.5845,0.8535,0.4885,True,0,SYNTHETIC_SHOWCASE_ONLY
9000712,1995-08-13,informal_worker,88897.37,6,44070.09,17087.2,51261.6,225,0.6431,0.7453,1,0.6297,0.0,0.3094,0.0,0.4489,0.568,0.2703,True,1,SYNTHETIC_SHOWCASE_ONLY
9000713,1996-08-21,informal_worker,89620.08,36,43446.63,9877.14,29631.41,230,0.3584,0.7347,4,0.8346,0.0,0.1607,0.0,0.4647,0.8298,0.7446,True,1,SYNTHETIC_SHOWCASE_ONLY
9000714,1996-10-26,informal_worker,122479.38,12,31041.88,9985.91,29957.73,15,0.6199,0.8344,2,0.6163,0.0,0.1403,0.0,0.2168,0.4445,0.519,True,1,SYNTHETIC_SHOWCASE_ONLY
9000715,1997-08-08,gig_worker,23272.71,6,29830.88,11826.05,35478.14,55,0.7023,0.7349,1,0.8316,0.0,0.208,0.0,0.1582,0.9165,0.3266,True,0,SYNTHETIC_SHOWCASE_ONLY
9000716,1996-12-30,informal_worker,52811.88,24,36056.98,8020.66,24061.97,105,0.8782,0.9921,0,0.958,0.0,0.0916,0.0,0.2778,0.7581,0.1755,True,0,SYNTHETIC_SHOWCASE_ONLY
9000717,1995-08-04,small_merchant,22618.5,18,32395.23,10119.08,30357.24,140,0.8198,0.8645,0,0.6388,139206.13,0.696,9818.72,0.5345,0.3344,0.1288,True,0,SYNTHETIC_SHOWCASE_ONLY
9000718,1995-06-18,gig_worker,146124.7,24,36308.62,9958.8,29876.41,62,0.9218,0.812,0,0.7367,0.0,0.4021,0.0,0.2379,0.9605,0.1757,True,0,SYNTHETIC_SHOWCASE_ONLY
9000719,1994-03-07,gig_worker,152190.68,12,30880.48,6241.45,18724.34,274,0.6374,0.8081,1,0.7414,0.0,0.5977,0.0,0.0561,0.3939,0.3061,True,1,SYNTHETIC_SHOWCASE_ONLY
9000720,1995-12-31,small_merchant,146947.76,12,41961.01,10052.25,30156.75,84,0.6618,0.9291,0,0.6442,178358.7,0.8551,32673.09,0.4814,0.5254,0.3278,True,0,SYNTHETIC_SHOWCASE_ONLY
9000721,1993-09-12,gig_worker,40986.24,18,12821.77,3081.26,9243.79,205,0.5737,0.766,1,0.66,0.0,0.252,0.0,0.2368,0.738,0.5518,True,0,SYNTHETIC_SHOWCASE_ONLY
9000722,1997-08-28,informal_worker,120816.02,12,26290.12,10078.37,30235.12,229,0.6111,0.7934,1,0.7759,0.0,0.3617,0.0,0.1641,0.7033,0.4077,True,1,SYNTHETIC_SHOWCASE_ONLY
9000723,1997-03-24,informal_worker,24811.99,18,14410.52,3199.51,9598.53,190,0.757,0.7997,4,0.8749,0.0,0.0593,0.0,0.1533,0.8102,0.2931,True,1,SYNTHETIC_SHOWCASE_ONLY
9000724,1993-08-07,informal_worker,28537.5,12,31977.15,13027.61,39082.84,93,0.8443,0.573,2,0.5851,0.0,0.0405,0.0,0.0802,0.716,0.1453,True,1,SYNTHETIC_SHOWCASE_ONLY
9000725,1996-12-06,gig_worker,175124.29,12,61579.62,21252.54,63757.61,174,0.7499,0.8315,1,0.6413,0.0,0.3877,0.0,0.1506,0.7223,0.2675,True,0,SYNTHETIC_SHOWCASE_ONLY
9000726,1993-08-02,informal_worker,38927.64,9,22301.27,7090.53,21271.59,279,0.6572,0.8489,1,0.7981,0.0,0.1972,0.0,0.356,0.6311,0.4018,True,1,SYNTHETIC_SHOWCASE_ONLY
9000727,1996-08-09,informal_worker,76931.68,24,29763.58,5762.76,17288.28,135,0.74,0.8524,1,0.4651,0.0,0.2185,0.0,0.2126,0.5935,0.3153,True,0,SYNTHETIC_SHOWCASE_ONLY
9000728,1993-06-10,gig_worker,104982.55,12,40258.38,15217.66,45652.98,53,0.7823,0.8569,1,0.5164,0.0,0.459,0.0,0.2421,0.4972,0.2082,True,0,SYNTHETIC_SHOWCASE_ONLY
9000729,1995-06-11,informal_worker,20785.88,36,10378.1,1908.12,5724.37,184,0.6683,0.5047,0,0.6942,0.0,0.0048,0.0,0.2638,0.5534,0.288,True,1,SYNTHETIC_SHOWCASE_ONLY
9000730,1996-04-16,small_merchant,59709.23,12,21793.06,8887.64,26662.91,120,0.5278,0.6059,0,0.5636,32387.63,0.8165,724.48,0.5362,0.7361,0.4125,True,1,SYNTHETIC_SHOWCASE_ONLY
9000731,1996-08-23,small_merchant,75802.15,12,33353.81,7722.01,23166.04,231,0.3041,0.872,0,0.8891,143078.95,0.8926,31980.17,0.5625,0.7722,0.6953,True,1,SYNTHETIC_SHOWCASE_ONLY
9000732,1995-02-04,gig_worker,7682.23,12,7000.0,1512.9,4538.7,163,0.621,0.7977,0,0.7095,0.0,0.171,0.0,0.1655,0.5052,0.4169,True,0,SYNTHETIC_SHOWCASE_ONLY
9000733,1997-08-10,small_merchant,77325.64,24,17519.88,5485.41,16456.22,151,0.8819,0.9132,0,0.5831,54165.32,0.849,11369.39,0.2144,0.508,0.2695,True,1,SYNTHETIC_SHOWCASE_ONLY
9000734,1996-11-14,gig_worker,175046.36,24,47494.62,9993.09,29979.28,147,0.6389,0.9044,0,0.9195,0.0,0.3296,0.0,0.2535,0.4567,0.4326,True,0,SYNTHETIC_SHOWCASE_ONLY
9000735,1994-01-16,gig_worker,35425.58,18,45315.22,8788.37,26365.11,217,0.6646,0.8476,1,0.6257,0.0,0.1774,0.0,0.1035,0.5549,0.3828,True,0,SYNTHETIC_SHOWCASE_ONLY
9000736,1996-05-10,gig_worker,37179.25,12,33511.12,13652.47,40957.4,240,0.6294,0.5093,3,0.9052,0.0,0.1041,0.0,0.1617,0.8017,0.3397,True,1,SYNTHETIC_SHOWCASE_ONLY
9000737,1996-08-26,first_time_borrower,43817.09,24,42762.41,14455.46,43366.38,211,0.7141,0.9677,0,0.7068,0.0,0.0419,0.0,0.3562,0.6314,0.3434,True,1,SYNTHETIC_SHOWCASE_ONLY
9000738,1994-09-02,gig_worker,27061.5,12,31045.52,9876.82,29630.45,192,0.784,0.8135,0,0.9335,0.0,0.3355,0.0,0.4197,0.7985,0.1733,True,0,SYNTHETIC_SHOWCASE_ONLY
9000739,1996-09-10,small_merchant,31431.06,18,36554.13,7292.55,21877.66,139,0.474,0.9837,0,0.7924,155050.25,0.8718,37251.19,0.7952,0.7641,0.5727,True,0,SYNTHETIC_SHOWCASE_ONLY
9000740,1997-06-29,small_merchant,31072.89,24,24063.37,7267.82,21803.45,179,0.6753,0.5474,3,0.8679,108054.38,0.9856,6462.16,0.503,0.7339,0.3115,True,1,SYNTHETIC_SHOWCASE_ONLY
9000741,1997-02-01,first_time_borrower,128189.11,12,29600.6,11274.72,33824.15,275,0.6742,0.7818,0,0.5586,0.0,0.1801,0.0,0.3749,0.6121,0.2864,True,1,SYNTHETIC_SHOWCASE_ONLY
9000742,1996-10-24,small_merchant,87726.7,18,20669.66,6135.29,18405.88,232,0.7305,0.8915,0,0.9142,31359.73,0.8386,16687.05,0.5913,0.857,0.3309,True,0,SYNTHETIC_SHOWCASE_ONLY
9000743,1996-03-04,first_time_borrower,207756.52,24,51350.59,20314.33,60942.99,167,0.7199,0.7781,2,0.9214,0.0,0.457,0.0,0.3361,0.9079,0.2601,True,0,SYNTHETIC_SHOWCASE_ONLY
9000744,1994-05-09,gig_worker,192077.96,9,58122.51,21675.57,65026.7,267,0.8197,0.9008,0,0.9471,0.0,0.0894,0.0,0.2623,0.7097,0.2699,True,0,SYNTHETIC_SHOWCASE_ONLY
9000745,1996-12-23,gig_worker,205444.97,12,54302.09,20094.82,60284.46,203,0.8445,0.9631,0,0.7968,0.0,0.3158,0.0,0.1289,0.6161,0.1389,True,0,SYNTHETIC_SHOWCASE_ONLY
9000746,1994-10-28,small_merchant,88606.76,12,23018.82,6862.05,20586.16,129,0.9545,0.9258,0,0.9208,33102.31,0.9061,6806.67,0.5756,0.8586,0.1354,True,1,SYNTHETIC_SHOWCASE_ONLY
9000747,1995-08-30,small_merchant,79945.88,24,17714.67,5579.43,16738.28,103,0.6786,0.5363,3,0.8041,59189.51,0.9021,25558.53,0.4401,0.6841,0.2909,True,1,SYNTHETIC_SHOWCASE_ONLY
9000748,1994-07-29,informal_worker,197552.95,18,51684.19,11007.47,33022.4,174,0.8121,0.6565,3,0.8682,0.0,0.258,0.0,0.2504,0.466,0.0939,True,1,SYNTHETIC_SHOWCASE_ONLY
9000749,1994-07-26,first_time_borrower,139611.27,12,36353.12,9028.48,27085.43,208,0.6146,0.7075,2,0.8883,0.0,0.2733,0.0,0.4631,0.4854,0.3548,True,1,SYNTHETIC_SHOWCASE_ONLY
9000750,1993-10-15,small_merchant,135656.67,12,32783.49,8821.89,26465.66,217,0.6785,0.932,0,0.8902,57327.02,0.8577,42011.91,0.6626,0.7281,0.3002,True,0,SYNTHETIC_SHOWCASE_ONLY
9000751,1997-10-22,first_time_borrower,62962.17,6,20657.14,8452.72,25358.15,190,0.5734,0.9111,0,0.9228,0.0,0.2928,0.0,0.4554,0.7199,0.4205,True,1,SYNTHETIC_SHOWCASE_ONLY
9000752,1993-09-27,small_merchant,52803.01,6,34347.29,10453.93,31361.79,175,0.8678,0.6768,0,0.791,60294.13,0.9391,44332.51,0.414,0.6693,0.2613,True,0,SYNTHETIC_SHOWCASE_ONLY
9000753,1993-06-07,gig_worker,16165.16,12,16631.04,6221.2,18663.59,115,0.9258,0.6849,1,0.69,0.0,0.3149,0.0,0.2455,0.706,0.0251,True,0,SYNTHETIC_SHOWCASE_ONLY
9000754,1997-09-06,small_merchant,92768.32,9,37960.81,8629.65,25888.96,19,0.7921,0.8985,0,0.6285,51998.54,0.7464,46497.9,0.5534,0.8949,0.2769,True,1,SYNTHETIC_SHOWCASE_ONLY
9000755,1995-10-11,gig_worker,54460.8,9,54275.35,12840.69,38522.06,103,0.757,0.6567,0,0.6663,0.0,0.31,0.0,0.3223,0.7293,0.1997,True,0,SYNTHETIC_SHOWCASE_ONLY
9000756,1995-03-11,informal_worker,82389.18,18,61258.73,16095.77,48287.32,138,0.3258,0.8286,0,0.9549,0.0,0.2158,0.0,0.2011,0.5489,0.613,True,0,SYNTHETIC_SHOWCASE_ONLY
9000757,1996-09-08,gig_worker,27732.11,18,39342.13,12177.15,36531.46,46,0.8571,0.9316,1,0.8149,0.0,0.2629,0.0,0.3195,0.4361,0.1463,True,0,SYNTHETIC_SHOWCASE_ONLY
9000758,1994-12-01,small_merchant,27705.53,6,14423.14,2786.13,8358.39,195,0.5811,0.97,0,0.5143,39034.58,0.7708,10763.18,0.5599,0.7694,0.5214,True,0,SYNTHETIC_SHOWCASE_ONLY
9000759,1993-08-22,small_merchant,149845.41,18,30781.78,6049.46,18148.37,151,0.9517,0.6141,1,0.8439,121801.23,0.9778,3077.86,0.6681,0.6165,0.0,True,0,SYNTHETIC_SHOWCASE_ONLY
9000760,1996-08-25,gig_worker,177299.5,9,78198.6,32332.56,96997.69,176,0.6209,0.6564,0,0.9112,0.0,0.2755,0.0,0.2489,0.4467,0.4028,True,1,SYNTHETIC_SHOWCASE_ONLY
9000761,1993-11-18,gig_worker,30631.99,12,18453.81,6280.52,18841.56,245,0.7589,0.8522,1,0.9016,0.0,0.3064,0.0,0.2268,0.6804,0.2805,True,0,SYNTHETIC_SHOWCASE_ONLY
9000762,1995-10-07,informal_worker,64642.34,36,27215.79,5408.57,16225.7,192,0.837,0.3852,1,0.4718,0.0,0.0471,0.0,0.3801,0.4792,0.1748,True,1,SYNTHETIC_SHOWCASE_ONLY
9000763,1997-09-29,gig_worker,106280.75,18,55185.28,17952.55,53857.64,219,0.8575,0.8359,0,0.6388,0.0,0.552,0.0,0.385,0.4299,0.1366,True,0,SYNTHETIC_SHOWCASE_ONLY
9000764,1997-09-06,small_merchant,134237.3,6,37653.61,8840.15,26520.45,144,0.9129,0.9003,0,0.7039,95208.74,0.6055,23911.63,0.5026,0.9042,0.0,True,0,SYNTHETIC_SHOWCASE_ONLY
9000765,1994-10-21,small_merchant,300000.0,12,92082.01,20486.58,61459.74,63,0.6536,0.9874,0,0.9296,258749.57,0.8592,109487.75,0.6412,0.3187,0.3662,True,0,SYNTHETIC_SHOWCASE_ONLY
9000766,1996-11-25,gig_worker,14187.37,18,19696.23,4118.51,12355.53,200,0.7594,0.782,0,0.2312,0.0,0.1891,0.0,0.5104,0.8004,0.2878,True,0,SYNTHETIC_SHOWCASE_ONLY
9000767,1996-01-24,gig_worker,49619.22,12,17411.34,5528.33,16584.99,40,0.6703,0.9353,0,0.7479,0.0,0.6455,0.0,0.1864,0.6018,0.4158,True,1,SYNTHETIC_SHOWCASE_ONLY
9000768,1995-05-26,informal_worker,38259.74,36,50389.6,17636.16,52908.49,56,0.4611,0.8801,0,0.6242,0.0,0.4944,0.0,0.5628,0.5758,0.4291,True,0,SYNTHETIC_SHOWCASE_ONLY
9000769,1993-09-13,first_time_borrower,56467.03,12,15771.16,5556.91,16670.74,38,0.8847,0.7051,0,0.7425,0.0,0.1475,0.0,0.3146,0.7539,0.2508,True,1,SYNTHETIC_SHOWCASE_ONLY
9000770,1994-11-19,gig_worker,120186.76,6,25476.49,4736.26,14208.79,176,0.9652,0.7874,1,0.6628,0.0,0.4195,0.0,0.0208,0.6883,0.1195,True,1,SYNTHETIC_SHOWCASE_ONLY
9000771,1996-04-05,first_time_borrower,124613.38,18,27131.47,10534.81,31604.42,246,0.9134,0.9633,0,0.5221,0.0,0.36,0.0,0.3646,0.6192,0.0509,True,0,SYNTHETIC_SHOWCASE_ONLY
9000772,1997-12-07,informal_worker,69294.18,18,46038.57,14475.52,43426.57,190,0.8315,0.8195,3,0.8147,0.0,0.2141,0.0,0.2921,0.636,0.2426,True,1,SYNTHETIC_SHOWCASE_ONLY
9000773,1993-01-09,informal_worker,145430.35,12,37601.85,10847.39,32542.17,77,0.4774,0.8373,1,0.8621,0.0,0.4019,0.0,0.2133,0.7194,0.578,True,1,SYNTHETIC_SHOWCASE_ONLY
9000774,1996-08-03,informal_worker,142596.08,36,34868.91,12342.02,37026.05,24,0.5106,0.8804,1,0.6604,0.0,0.3372,0.0,0.4937,0.7848,0.4659,True,0,SYNTHETIC_SHOWCASE_ONLY
9000775,1997-03-26,informal_worker,101633.49,36,23081.64,6864.54,20593.61,249,0.7884,0.6931,0,0.615,0.0,0.1952,0.0,0.2254,0.7105,0.2782,True,0,SYNTHETIC_SHOWCASE_ONLY
9000776,1997-10-03,informal_worker,87406.94,9,50169.46,20479.79,61439.38,279,0.902,0.8591,0,0.8657,0.0,0.5056,0.0,0.5612,0.337,0.0506,True,0,SYNTHETIC_SHOWCASE_ONLY
9000777,1995-02-13,small_merchant,300000.0,6,150000.0,46249.69,138749.07,240,0.7647,0.817,0,0.7509,548796.6,0.835,91431.15,0.6653,0.9288,0.2451,True,1,SYNTHETIC_SHOWCASE_ONLY
9000778,1993-08-05,small_merchant,61438.31,12,39017.88,9755.61,29266.82,54,0.9258,0.7536,1,0.8126,78657.99,0.6135,14982.85,0.6791,0.4521,0.0,True,0,SYNTHETIC_SHOWCASE_ONLY
9000779,1994-05-10,small_merchant,20764.99,18,29372.16,9793.92,29381.76,57,0.4654,0.5921,2,0.6384,95563.67,0.6384,13928.49,0.5142,0.482,0.6129,True,1,SYNTHETIC_SHOWCASE_ONLY
9000780,1997-04-03,gig_worker,52556.82,18,15017.71,3026.73,9080.19,82,0.6033,0.8895,1,0.8578,0.0,0.0716,0.0,0.5209,0.3544,0.3584,True,0,SYNTHETIC_SHOWCASE_ONLY
9000781,1997-05-23,informal_worker,51515.36,12,20619.01,5237.85,15713.54,123,0.8038,0.8344,0,0.8824,0.0,0.1797,0.0,0.2066,0.6157,0.1423,True,0,SYNTHETIC_SHOWCASE_ONLY
9000782,1996-03-09,gig_worker,42749.86,36,25270.14,6685.42,20056.25,231,0.6131,0.7647,3,0.7385,0.0,0.1209,0.0,0.2105,0.7051,0.4048,True,1,SYNTHETIC_SHOWCASE_ONLY
9000783,1993-08-13,gig_worker,93740.5,12,21662.8,4602.08,13806.25,63,0.5659,0.8158,2,0.9633,0.0,0.5641,0.0,0.0723,0.6689,0.425,True,1,SYNTHETIC_SHOWCASE_ONLY
9000784,1993-08-11,gig_worker,77269.23,24,27784.75,10067.89,30203.67,144,0.904,0.8304,0,0.7019,0.0,0.2212,0.0,0.4556,0.3242,0.0515,True,0,SYNTHETIC_SHOWCASE_ONLY
9000785,1995-05-24,gig_worker,300000.0,24,65736.36,17852.88,53558.64,271,0.3882,0.6772,0,0.7069,0.0,0.3603,0.0,0.2747,0.7104,0.5525,True,1,SYNTHETIC_SHOWCASE_ONLY
9000786,1995-12-11,informal_worker,208424.93,9,50949.99,15540.83,46622.5,269,0.8271,0.912,1,0.8773,0.0,0.1092,0.0,0.241,0.8892,0.1592,True,0,SYNTHETIC_SHOWCASE_ONLY
9000787,1993-03-01,informal_worker,114792.79,12,25944.63,5890.19,17670.56,252,0.7566,0.9275,0,0.7414,0.0,0.3739,0.0,0.2823,0.7257,0.2368,True,0,SYNTHETIC_SHOWCASE_ONLY
9000788,1996-06-06,small_merchant,62751.96,12,15677.56,5442.68,16328.05,275,0.8284,0.7112,1,0.7984,41198.76,0.802,20462.09,0.4452,0.4092,0.1864,True,0,SYNTHETIC_SHOWCASE_ONLY
9000789,1995-09-22,gig_worker,56719.58,36,53204.39,21760.44,65281.31,40,0.9592,0.7068,2,0.6603,0.0,0.3156,0.0,0.0966,0.7414,0.0,True,0,SYNTHETIC_SHOWCASE_ONLY
9000790,1993-01-23,small_merchant,24234.18,12,27348.41,6793.24,20379.71,32,0.8373,0.8589,0,0.8332,69483.9,0.9603,25055.23,0.5057,0.5626,0.1549,True,0,SYNTHETIC_SHOWCASE_ONLY
9000791,1993-06-24,small_merchant,56557.16,24,12225.02,4241.98,12725.94,99,0.9374,0.8095,0,0.7265,37980.12,0.8119,11099.01,0.7238,0.8879,0.0643,True,0,SYNTHETIC_SHOWCASE_ONLY
9000792,1995-04-10,informal_worker,47617.15,12,39415.97,12592.31,37776.93,54,0.6508,0.8321,2,0.9859,0.0,0.2048,0.0,0.2489,0.4512,0.4554,True,1,SYNTHETIC_SHOWCASE_ONLY
9000793,1996-08-12,small_merchant,106346.48,12,45811.45,12968.07,38904.21,191,0.7507,0.7025,3,0.7584,70883.17,0.7629,28991.74,0.584,0.548,0.1292,True,1,SYNTHETIC_SHOWCASE_ONLY
9000794,1997-02-16,small_merchant,28694.67,36,8738.76,2568.87,7706.61,56,0.8604,0.9322,0,0.5858,12327.3,0.5492,11567.94,0.8049,0.5675,0.0123,True,0,SYNTHETIC_SHOWCASE_ONLY
9000795,1995-02-27,small_merchant,28882.12,12,18848.22,6602.12,19806.36,19,0.6356,0.9166,0,0.8544,66582.09,0.6194,21385.2,0.5567,0.8231,0.4461,True,0,SYNTHETIC_SHOWCASE_ONLY
9000796,1994-06-24,first_time_borrower,42254.43,24,26554.16,9916.72,29750.15,98,0.8462,0.9456,0,0.9478,0.0,0.2335,0.0,0.2839,0.8042,0.238,True,0,SYNTHETIC_SHOWCASE_ONLY
9000797,1997-11-04,informal_worker,105623.5,12,39835.95,13387.5,40162.51,61,0.654,0.7631,0,0.8968,0.0,0.705,0.0,0.1698,0.7551,0.4399,True,1,SYNTHETIC_SHOWCASE_ONLY
9000798,1995-04-18,small_merchant,47827.74,9,21859.73,6252.83,18758.5,109,0.7191,0.8077,1,0.7816,65992.77,0.8495,6512.09,0.8873,0.5835,0.3106,True,1,SYNTHETIC_SHOWCASE_ONLY
9000799,1994-07-30,small_merchant,67173.72,6,18779.7,7319.6,21958.81,178,0.8097,0.6911,2,0.7511,24171.68,0.7219,20686.46,0.505,0.5812,0.2432,True,1,SYNTHETIC_SHOWCASE_ONLY
9000800,1995-03-19,gig_worker,36930.42,12,39695.81,14730.16,44190.47,196,0.9514,0.8036,0,0.7248,0.0,0.3038,0.0,0.3267,0.758,0.0599,True,0,SYNTHETIC_SHOWCASE_ONLY
9000801,1993-01-23,first_time_borrower,61510.41,24,22363.04,4386.47,13159.4,110,0.6586,0.8452,1,0.6897,0.0,0.2502,0.0,0.1848,0.5906,0.3534,True,0,SYNTHETIC_SHOWCASE_ONLY
9000802,1994-07-06,small_merchant,49641.23,12,36320.81,7847.12,23541.37,245,0.8683,0.7866,1,0.3975,45127.77,0.764,51477.17,0.5345,0.4558,0.1312,True,0,SYNTHETIC_SHOWCASE_ONLY
9000803,1995-07-31,gig_worker,53696.17,12,16422.9,5914.0,17742.0,110,0.6294,0.8199,0,0.4723,0.0,0.4651,0.0,0.249,0.8115,0.3468,True,1,SYNTHETIC_SHOWCASE_ONLY
9000804,1997-08-05,first_time_borrower,16259.05,9,14630.15,4156.63,12469.89,80,0.6194,0.7222,0,0.8711,0.0,0.3384,0.0,0.2381,0.827,0.4087,True,0,SYNTHETIC_SHOWCASE_ONLY
9000805,1996-09-10,informal_worker,59128.35,18,40234.86,13125.61,39376.82,224,0.575,0.8987,0,0.7564,0.0,0.3262,0.0,0.4083,0.78,0.5593,True,0,SYNTHETIC_SHOWCASE_ONLY
9000806,1996-11-27,gig_worker,130766.32,24,31608.12,11530.27,34590.8,105,0.7888,0.9286,0,0.9114,0.0,0.2585,0.0,0.158,0.6875,0.0907,True,0,SYNTHETIC_SHOWCASE_ONLY
9000807,1995-09-22,gig_worker,71269.17,18,43596.78,17067.35,51202.06,93,0.8417,0.6256,3,0.6803,0.0,0.2097,0.0,0.189,0.1553,0.1571,True,0,SYNTHETIC_SHOWCASE_ONLY
9000808,1993-07-21,gig_worker,83332.28,36,21683.68,5582.7,16748.1,104,0.9449,0.9856,0,0.7506,0.0,0.2776,0.0,0.3341,0.8894,0.087,True,0,SYNTHETIC_SHOWCASE_ONLY
9000809,1994-12-15,informal_worker,34437.99,6,19116.54,5059.05,15177.15,168,0.3997,0.747,0,0.5819,0.0,0.1909,0.0,0.0796,0.4615,0.6171,True,1,SYNTHETIC_SHOWCASE_ONLY
9000810,1997-12-26,gig_worker,87922.4,6,53804.09,9890.81,29672.42,144,0.5768,0.8183,1,0.7969,0.0,0.2407,0.0,0.4633,0.3738,0.3896,True,1,SYNTHETIC_SHOWCASE_ONLY
9000811,1993-03-22,first_time_borrower,25830.88,18,13479.69,4441.88,13325.65,23,0.6454,0.9112,3,0.6435,0.0,0.3433,0.0,0.3519,0.4165,0.322,True,1,SYNTHETIC_SHOWCASE_ONLY
9000812,1997-05-25,first_time_borrower,228527.82,12,51055.11,13363.86,40091.58,96,0.7329,0.5682,0,0.7358,0.0,0.3008,0.0,0.3442,0.6139,0.2985,True,1,SYNTHETIC_SHOWCASE_ONLY
9000813,1996-06-03,small_merchant,123891.97,24,52775.48,18274.34,54823.03,81,0.6955,0.8677,1,0.6784,203374.1,0.7441,54520.15,0.7574,0.6572,0.2921,True,1,SYNTHETIC_SHOWCASE_ONLY
9000814,1994-06-03,informal_worker,70767.13,24,42311.02,8359.13,25077.38,277,0.7872,0.5584,0,0.8105,0.0,0.2296,0.0,0.3455,0.5751,0.3048,True,0,SYNTHETIC_SHOWCASE_ONLY
9000815,1996-11-21,gig_worker,59600.03,9,20126.89,6099.15,18297.46,179,0.7711,0.9007,1,0.8342,0.0,0.1598,0.0,0.2482,0.6269,0.2794,True,0,SYNTHETIC_SHOWCASE_ONLY
9000816,1997-03-09,gig_worker,43458.2,36,18921.01,4009.84,12029.53,252,0.766,0.8632,0,0.4846,0.0,0.5273,0.0,0.2039,0.4407,0.1533,True,0,SYNTHETIC_SHOWCASE_ONLY
9000817,1993-03-20,informal_worker,103203.94,6,25314.51,7517.82,22553.47,54,0.6006,0.5911,4,0.9054,0.0,0.1702,0.0,0.1582,0.8543,0.3377,True,1,SYNTHETIC_SHOWCASE_ONLY
9000818,1993-07-14,gig_worker,74558.2,24,15038.08,4001.58,12004.73,231,0.3524,0.6458,0,0.6691,0.0,0.5056,0.0,0.4683,0.5245,0.598,True,0,SYNTHETIC_SHOWCASE_ONLY
9000819,1996-04-30,gig_worker,51476.34,12,17647.45,3533.43,10600.28,52,0.6011,0.7251,0,0.84,0.0,0.3168,0.0,0.279,0.8097,0.4221,True,1,SYNTHETIC_SHOWCASE_ONLY
9000820,1997-12-30,small_merchant,98735.5,18,38155.77,11157.44,33472.31,166,0.8097,0.8873,1,0.8336,71521.1,0.8413,9473.64,0.4168,0.8512,0.2421,True,0,SYNTHETIC_SHOWCASE_ONLY
9000821,1993-02-13,gig_worker,80662.57,9,38240.38,7696.21,23088.63,188,0.834,0.9018,0,0.6639,0.0,0.1108,0.0,0.2864,0.6807,0.1881,True,0,SYNTHETIC_SHOWCASE_ONLY
9000822,1996-04-30,small_merchant,82607.87,36,16918.52,3893.46,11680.37,69,0.6964,0.6601,1,0.8034,33155.65,0.8284,22787.14,0.7462,0.8553,0.3628,True,0,SYNTHETIC_SHOWCASE_ONLY
9000823,1993-09-07,informal_worker,105608.84,36,38734.98,12317.95,36953.85,184,0.5705,0.6671,0,0.8924,0.0,0.0305,0.0,0.0815,0.6653,0.5458,True,0,SYNTHETIC_SHOWCASE_ONLY
9000824,1996-04-02,informal_worker,48166.31,18,34822.72,9957.97,29873.91,82,0.8112,0.8184,1,0.6083,0.0,0.2375,0.0,0.1427,0.7035,0.1416,True,0,SYNTHETIC_SHOWCASE_ONLY
9000825,1996-02-13,informal_worker,281160.06,18,57797.75,21789.52,65368.55,137,0.355,0.7456,0,0.9561,0.0,0.3365,0.0,0.6398,0.6494,0.6596,True,1,SYNTHETIC_SHOWCASE_ONLY
9000826,1993-06-15,first_time_borrower,177646.87,18,36796.03,7588.08,22764.23,272,0.8557,0.5863,2,0.739,0.0,0.5145,0.0,0.144,0.4802,0.1141,True,1,SYNTHETIC_SHOWCASE_ONLY
9000827,1996-05-28,small_merchant,117151.35,18,46540.52,9803.21,29409.62,71,0.9162,0.5664,1,0.4146,114424.9,0.6398,32287.44,0.6443,0.9096,0.059,True,0,SYNTHETIC_SHOWCASE_ONLY
9000828,1997-06-26,first_time_borrower,75058.73,18,35205.48,11100.42,33301.26,44,0.8151,0.838,2,0.6229,0.0,0.1941,0.0,0.1796,0.7477,0.0924,True,0,SYNTHETIC_SHOWCASE_ONLY
9000829,1997-04-26,small_merchant,161066.18,18,44816.24,13852.3,41556.9,275,0.4052,0.9079,0,0.6001,196950.04,0.8968,55093.01,0.4708,0.8677,0.5963,True,1,SYNTHETIC_SHOWCASE_ONLY
9000830,1993-02-22,gig_worker,64114.07,24,15095.37,3465.06,10395.19,130,0.8565,0.7555,3,0.7872,0.0,0.2642,0.0,0.1448,0.7517,0.2012,True,0,SYNTHETIC_SHOWCASE_ONLY
9000831,1994-03-26,first_time_borrower,73779.23,18,26410.65,5109.88,15329.63,96,0.8576,0.9399,0,0.3782,0.0,0.4206,0.0,0.5235,0.7286,0.1907,True,0,SYNTHETIC_SHOWCASE_ONLY
9000832,1994-03-16,gig_worker,56489.2,12,27480.94,8946.5,26839.51,187,0.7773,0.625,0,0.8882,0.0,0.1134,0.0,0.1954,0.7185,0.2129,True,0,SYNTHETIC_SHOWCASE_ONLY
9000833,1995-04-08,gig_worker,47976.88,36,24908.39,9004.82,27014.47,37,0.7519,0.7371,0,0.662,0.0,0.5556,0.0,0.0393,0.6676,0.3658,True,0,SYNTHETIC_SHOWCASE_ONLY
9000834,1993-09-19,gig_worker,70581.29,12,34649.04,11959.72,35879.16,59,0.5033,0.8896,1,0.7766,0.0,0.5855,0.0,0.0817,0.6254,0.4504,True,1,SYNTHETIC_SHOWCASE_ONLY
9000835,1997-04-10,small_merchant,42497.72,9,37966.6,15721.82,47165.46,219,0.947,0.9516,0,0.9673,135297.42,0.8029,33098.83,0.6343,0.6375,0.0265,True,0,SYNTHETIC_SHOWCASE_ONLY
9000836,1996-11-19,small_merchant,136080.12,36,33800.92,13222.27,39666.82,107,0.7278,0.8272,0,0.8602,90165.82,0.6643,27022.69,0.6386,0.6507,0.1798,True,0,SYNTHETIC_SHOWCASE_ONLY
9000837,1997-01-16,small_merchant,27310.17,12,25720.07,9308.42,27925.27,39,0.6807,0.9561,0,0.8227,59596.36,0.7051,37930.83,0.3353,0.8316,0.3962,True,0,SYNTHETIC_SHOWCASE_ONLY
9000838,1993-12-28,first_time_borrower,46273.45,9,19669.2,5428.44,16285.31,27,0.7079,0.904,0,0.6445,0.0,0.2391,0.0,0.2853,0.4536,0.2222,True,0,SYNTHETIC_SHOWCASE_ONLY
9000839,1993-01-27,gig_worker,202622.7,18,47410.98,18125.22,54375.65,25,0.6131,0.9022,0,0.8253,0.0,0.2191,0.0,0.1086,0.6176,0.4378,True,0,SYNTHETIC_SHOWCASE_ONLY
9000840,1997-07-21,small_merchant,78756.73,24,33117.98,9044.47,27133.4,194,0.7763,0.7852,1,0.7257,57904.45,0.8895,20416.79,0.4839,0.596,0.0361,True,0,SYNTHETIC_SHOWCASE_ONLY
9000841,1994-06-12,small_merchant,32574.12,6,17171.82,5770.72,17312.16,201,0.5925,0.7879,2,0.8473,45717.54,0.3853,11885.71,0.3032,0.3469,0.3952,True,1,SYNTHETIC_SHOWCASE_ONLY
9000842,1996-04-13,first_time_borrower,121761.75,18,25514.18,10068.56,30205.69,163,0.6982,0.8095,1,0.644,0.0,0.1423,0.0,0.27,0.4664,0.1824,True,0,SYNTHETIC_SHOWCASE_ONLY
9000843,1997-07-19,gig_worker,14028.23,6,12126.83,4240.14,12720.43,80,0.721,0.8826,2,0.697,0.0,0.141,0.0,0.4511,0.7866,0.3013,True,1,SYNTHETIC_SHOWCASE_ONLY
9000844,1993-03-08,gig_worker,127968.29,12,28479.44,8050.17,24150.5,115,0.6918,0.6627,2,0.7614,0.0,0.0836,0.0,0.2062,0.82,0.417,True,1,SYNTHETIC_SHOWCASE_ONLY
9000845,1993-01-10,small_merchant,22227.28,12,25456.78,5584.76,16754.29,262,0.7979,0.7788,1,0.641,44390.94,0.5819,10429.09,0.7246,0.643,0.1575,True,0,SYNTHETIC_SHOWCASE_ONLY
9000846,1993-01-10,informal_worker,51420.32,9,21252.2,5681.92,17045.75,100,0.9238,0.8293,0,0.793,0.0,0.2215,0.0,0.1933,0.7021,0.0293,True,0,SYNTHETIC_SHOWCASE_ONLY
9000847,1993-10-13,informal_worker,202463.95,36,59908.15,15426.12,46278.37,105,0.8444,0.8088,2,0.6234,0.0,0.6118,0.0,0.311,0.9011,0.0947,True,0,SYNTHETIC_SHOWCASE_ONLY
9000848,1993-04-05,informal_worker,35817.29,18,16074.76,5115.9,15347.7,163,0.9693,0.885,2,0.4979,0.0,0.3736,0.0,0.1489,0.5652,0.0959,True,0,SYNTHETIC_SHOWCASE_ONLY
9000849,1997-02-06,informal_worker,116029.78,24,39301.91,14091.8,42275.39,177,0.4224,0.8151,0,0.7033,0.0,0.1213,0.0,0.2787,0.4678,0.5156,True,0,SYNTHETIC_SHOWCASE_ONLY
9000850,1996-01-12,small_merchant,119784.36,36,79983.83,28150.26,84450.79,129,0.6629,0.9135,1,0.3748,137644.18,0.7964,15622.49,0.1854,0.4642,0.3605,True,1,SYNTHETIC_SHOWCASE_ONLY
9000851,1997-11-25,gig_worker,145751.74,36,46959.86,12577.97,37733.92,197,0.7399,0.9679,0,0.7898,0.0,0.4441,0.0,0.2596,0.7599,0.1837,True,0,SYNTHETIC_SHOWCASE_ONLY
9000852,1997-01-03,gig_worker,32876.15,24,27579.31,9560.06,28680.18,112,0.8222,0.7199,0,0.9319,0.0,0.0972,0.0,0.5246,0.5553,0.2472,True,0,SYNTHETIC_SHOWCASE_ONLY
9000853,1997-10-25,gig_worker,66654.8,12,16246.08,6498.94,19496.82,214,0.9086,0.8645,0,0.7237,0.0,0.2574,0.0,0.4105,0.728,0.1847,True,0,SYNTHETIC_SHOWCASE_ONLY
9000854,1994-03-12,small_merchant,46142.22,24,14561.99,4767.08,14301.25,117,0.5707,0.8734,0,0.6619,55197.19,0.887,2269.37,0.2612,0.6518,0.4335,True,0,SYNTHETIC_SHOWCASE_ONLY
9000855,1994-06-10,small_merchant,62519.33,18,22980.81,9373.68,28121.04,184,0.5886,0.6877,0,0.9438,68469.72,0.8148,22734.02,0.7544,0.7646,0.4503,True,0,SYNTHETIC_SHOWCASE_ONLY
9000856,1997-04-01,small_merchant,16923.89,12,20134.69,4711.15,14133.46,219,0.8573,0.8822,0,0.968,78280.9,0.9084,3194.81,0.6614,0.8382,0.1073,True,0,SYNTHETIC_SHOWCASE_ONLY
9000857,1994-03-24,small_merchant,55483.56,12,19822.59,7695.95,23087.86,137,0.6292,0.8496,0,0.5259,74165.29,0.761,19438.85,0.8303,0.6972,0.3814,True,1,SYNTHETIC_SHOWCASE_ONLY
9000858,1993-04-15,small_merchant,73729.87,12,23940.56,9437.12,28311.35,29,0.8876,0.8464,0,0.7524,52892.15,0.933,26096.72,0.3606,0.6515,0.1293,True,0,SYNTHETIC_SHOWCASE_ONLY
9000859,1996-05-06,informal_worker,47158.05,12,26658.98,11009.11,33027.32,146,0.9599,0.9223,0,0.8447,0.0,0.5597,0.0,0.0976,0.9337,0.1128,True,0,SYNTHETIC_SHOWCASE_ONLY
9000860,1997-01-02,informal_worker,126578.08,24,35343.21,13602.97,40808.9,118,0.5594,0.8576,1,0.9172,0.0,0.1571,0.0,0.0675,0.8547,0.4249,True,0,SYNTHETIC_SHOWCASE_ONLY
9000861,1997-11-03,small_merchant,14495.06,18,15457.01,3899.44,11698.32,94,0.6417,0.9141,0,0.8633,46772.03,0.3798,15679.43,0.7217,0.7955,0.3851,True,1,SYNTHETIC_SHOWCASE_ONLY
9000862,1997-08-22,small_merchant,30639.01,12,20180.72,6549.56,19648.67,81,0.4213,0.6011,3,0.939,31335.92,0.7806,11705.06,0.7554,0.8534,0.48,True,1,SYNTHETIC_SHOWCASE_ONLY
9000863,1993-08-08,informal_worker,99722.47,9,25934.18,9357.18,28071.55,55,0.6038,0.7684,0,0.9537,0.0,0.0984,0.0,0.1403,0.7405,0.3145,True,1,SYNTHETIC_SHOWCASE_ONLY
9000864,1996-11-10,informal_worker,31808.57,24,25492.18,9491.42,28474.26,56,0.4634,0.5328,1,0.6626,0.0,0.1155,0.0,0.2249,0.7461,0.5614,True,1,SYNTHETIC_SHOWCASE_ONLY
9000865,1997-03-26,small_merchant,113605.12,12,67605.4,15595.77,46787.31,86,0.7558,0.9147,0,0.9382,279095.27,0.7452,83225.05,0.608,0.7697,0.2433,True,0,SYNTHETIC_SHOWCASE_ONLY
9000866,1996-06-28,small_merchant,108422.82,12,31302.03,12664.35,37993.06,144,0.7377,0.9305,1,0.7525,131482.67,0.8252,17370.39,0.6971,0.6124,0.2603,True,0,SYNTHETIC_SHOWCASE_ONLY
9000867,1997-02-05,informal_worker,49131.36,24,12905.86,3718.92,11156.77,96,0.4242,0.9194,0,0.9381,0.0,0.0919,0.0,0.2955,0.9421,0.5562,True,0,SYNTHETIC_SHOWCASE_ONLY
9000868,1997-03-11,informal_worker,28288.07,24,34224.15,14073.2,42219.6,93,0.8794,0.8922,0,0.6547,0.0,0.2025,0.0,0.3229,0.3108,0.1187,True,0,SYNTHETIC_SHOWCASE_ONLY
9000869,1995-03-27,gig_worker,42095.8,18,36383.78,8298.39,24895.18,259,0.8058,0.9226,0,0.9468,0.0,0.2012,0.0,0.0259,0.4784,0.1786,True,0,SYNTHETIC_SHOWCASE_ONLY
9000870,1993-03-15,small_merchant,67578.51,18,26367.79,9402.65,28207.96,262,0.9452,0.8737,1,0.6508,51056.11,0.839,2227.59,0.5438,0.8657,0.1449,True,0,SYNTHETIC_SHOWCASE_ONLY
9000871,1995-04-14,first_time_borrower,50174.89,12,15639.1,4930.32,14790.95,173,0.7073,0.7651,0,0.9159,0.0,0.169,0.0,0.0835,0.7499,0.2485,True,0,SYNTHETIC_SHOWCASE_ONLY
9000872,1994-01-04,gig_worker,169065.81,36,65109.52,16489.7,49469.09,249,0.8033,0.8394,0,0.4935,0.0,0.1629,0.0,0.2264,0.8592,0.1997,True,0,SYNTHETIC_SHOWCASE_ONLY
9000873,1993-07-27,first_time_borrower,57754.19,18,16754.39,4076.88,12230.65,269,0.6711,0.8163,1,0.902,0.0,0.2778,0.0,0.2811,0.7336,0.3877,True,0,SYNTHETIC_SHOWCASE_ONLY
9000874,1993-08-17,gig_worker,150971.37,24,38450.63,7058.33,21174.99,30,0.7324,0.8009,0,0.7777,0.0,0.1739,0.0,0.3587,0.8439,0.2684,True,0,SYNTHETIC_SHOWCASE_ONLY
9000875,1996-06-27,small_merchant,147267.3,9,30822.0,9625.88,28877.65,202,0.7482,0.7644,0,0.7932,73481.27,0.8577,13265.06,0.7567,0.7566,0.286,True,1,SYNTHETIC_SHOWCASE_ONLY
9000876,1995-07-11,small_merchant,79930.23,18,37359.74,8473.21,25419.64,213,0.9395,0.6427,1,0.9052,75506.1,0.8464,51203.52,0.6462,0.4767,0.1141,True,0,SYNTHETIC_SHOWCASE_ONLY
9000877,1995-09-13,gig_worker,83709.67,12,63528.99,23827.8,71483.39,40,0.8712,0.685,0,0.6834,0.0,0.5339,0.0,0.2792,0.5395,0.1632,True,0,SYNTHETIC_SHOWCASE_ONLY
9000878,1996-09-22,first_time_borrower,64600.58,12,36663.85,7987.55,23962.65,258,0.7954,0.8492,1,0.8089,0.0,0.1904,0.0,0.4384,0.6325,0.0885,True,0,SYNTHETIC_SHOWCASE_ONLY
9000879,1995-09-29,small_merchant,26808.71,24,21414.02,5682.3,17046.91,85,0.5967,0.7113,3,0.8893,39019.31,0.6245,19194.03,0.6141,0.4986,0.3154,True,0,SYNTHETIC_SHOWCASE_ONLY
9000880,1996-02-25,first_time_borrower,111158.38,24,47611.81,13562.72,40688.16,47,0.6808,0.9409,1,0.722,0.0,0.3444,0.0,0.6203,0.435,0.4033,True,0,SYNTHETIC_SHOWCASE_ONLY
9000881,1993-06-07,gig_worker,91814.71,12,20682.27,7331.88,21995.63,167,0.8956,0.8353,0,0.931,0.0,0.3561,0.0,0.1124,0.3557,0.1262,True,0,SYNTHETIC_SHOWCASE_ONLY
9000882,1997-04-04,first_time_borrower,64421.97,24,30286.81,6358.44,19075.33,275,0.8915,0.7476,2,0.7727,0.0,0.0855,0.0,0.1913,0.6572,0.228,True,1,SYNTHETIC_SHOWCASE_ONLY
9000883,1995-03-31,first_time_borrower,18887.8,12,15052.2,3606.64,10819.92,195,0.6689,0.5648,3,0.8709,0.0,0.5218,0.0,0.2552,0.6975,0.3432,True,1,SYNTHETIC_SHOWCASE_ONLY
9000884,1993-10-11,small_merchant,49441.84,18,17051.35,6245.64,18736.91,225,0.7201,0.9451,0,0.7518,66883.85,0.9124,11735.39,0.7181,0.7162,0.3238,True,0,SYNTHETIC_SHOWCASE_ONLY
9000885,1997-01-25,gig_worker,142478.82,9,28699.22,11176.64,33529.92,126,0.7242,0.9476,0,0.6046,0.0,0.1257,0.0,0.1887,0.7843,0.3075,True,1,SYNTHETIC_SHOWCASE_ONLY
9000886,1996-09-03,informal_worker,47710.86,12,33411.03,6444.42,19333.27,249,0.5173,0.8542,0,0.6596,0.0,0.4007,0.0,0.0848,0.6299,0.5194,True,0,SYNTHETIC_SHOWCASE_ONLY
9000887,1993-04-07,small_merchant,49749.37,24,12367.31,3421.76,10265.29,245,0.8725,0.972,0,0.7801,40623.71,0.5484,13686.14,0.5846,0.8781,0.2075,True,0,SYNTHETIC_SHOWCASE_ONLY
9000888,1993-12-19,first_time_borrower,150114.15,6,35548.66,14504.16,43512.48,264,0.6898,0.8839,0,0.7765,0.0,0.5319,0.0,0.2326,0.8703,0.3201,True,1,SYNTHETIC_SHOWCASE_ONLY
9000889,1993-01-29,small_merchant,44702.63,36,18894.65,5668.12,17004.36,17,0.7614,0.8616,1,0.7984,81907.5,0.7854,14702.2,0.4199,0.7563,0.2,True,0,SYNTHETIC_SHOWCASE_ONLY
9000890,1994-05-10,gig_worker,172127.08,12,51751.57,18596.37,55789.1,26,0.8325,0.8403,0,0.5878,0.0,0.5396,0.0,0.4782,0.5812,0.1369,True,1,SYNTHETIC_SHOWCASE_ONLY
9000891,1993-07-02,gig_worker,59176.77,24,23647.6,5541.7,16625.1,215,0.5484,0.8497,1,0.6833,0.0,0.439,0.0,0.2554,0.4423,0.4588,True,0,SYNTHETIC_SHOWCASE_ONLY
9000892,1996-07-20,informal_worker,28642.76,9,16327.75,6594.96,19784.88,141,0.8119,0.6134,2,0.719,0.0,0.497,0.0,0.5342,0.5912,0.1422,True,0,SYNTHETIC_SHOWCASE_ONLY
9000893,1995-08-13,first_time_borrower,71865.76,18,29037.58,12080.14,36240.43,198,0.9632,0.8689,0,0.732,0.0,0.1396,0.0,0.3326,0.5555,0.0424,True,0,SYNTHETIC_SHOWCASE_ONLY
9000894,1997-11-25,gig_worker,18384.44,36,18036.76,3495.45,10486.36,200,0.4657,0.8195,1,0.6794,0.0,0.1989,0.0,0.2909,0.5039,0.4784,True,1,SYNTHETIC_SHOWCASE_ONLY
9000895,1996-09-30,informal_worker,191042.06,18,51485.4,15727.54,47182.63,231,0.724,0.7972,0,0.6968,0.0,0.1819,0.0,0.3441,0.7816,0.2255,True,1,SYNTHETIC_SHOWCASE_ONLY
9000896,1996-01-22,first_time_borrower,118986.86,12,28007.13,11124.76,33374.29,188,0.8566,0.922,0,0.9814,0.0,0.1112,0.0,0.3275,0.6011,0.2769,True,0,SYNTHETIC_SHOWCASE_ONLY
9000897,1995-07-20,gig_worker,50832.75,24,26033.91,6299.65,18898.95,82,0.6424,0.5983,2,0.6286,0.0,0.3373,0.0,0.0891,0.7674,0.4284,True,1,SYNTHETIC_SHOWCASE_ONLY
9000898,1993-04-10,gig_worker,115036.35,24,37198.52,10361.84,31085.52,58,0.2996,0.7821,1,0.8049,0.0,0.2189,0.0,0.4708,0.6581,0.5528,True,1,SYNTHETIC_SHOWCASE_ONLY
9000899,1993-05-09,informal_worker,28026.56,9,17284.84,4287.54,12862.63,204,0.7412,0.6793,1,0.695,0.0,0.1411,0.0,0.5547,0.419,0.3013,True,1,SYNTHETIC_SHOWCASE_ONLY
9000900,1996-01-31,informal_worker,17505.98,18,15080.62,5971.47,17914.41,55,0.9435,0.8274,1,0.6898,0.0,0.1641,0.0,0.3539,0.7934,0.0186,True,0,SYNTHETIC_SHOWCASE_ONLY
9000901,1993-01-08,gig_worker,119899.27,18,34063.05,13495.43,40486.28,76,0.7133,0.7607,2,0.8855,0.0,0.1072,0.0,0.1677,0.6354,0.3041,True,0,SYNTHETIC_SHOWCASE_ONLY
9000902,1993-03-19,first_time_borrower,19655.9,24,16516.54,4224.34,12673.03,135,0.7571,0.6128,1,0.8748,0.0,0.2613,0.0,0.1174,0.6208,0.1728,True,0,SYNTHETIC_SHOWCASE_ONLY
9000903,1994-02-05,small_merchant,66727.66,12,16513.85,5241.56,15724.67,220,0.5096,0.7359,2,0.5966,30669.16,0.9293,13902.38,0.5278,0.5524,0.389,True,1,SYNTHETIC_SHOWCASE_ONLY
9000904,1997-06-03,first_time_borrower,75132.52,12,41839.77,7988.09,23964.27,202,0.7844,0.8687,0,0.6638,0.0,0.0898,0.0,0.2467,0.6877,0.2403,True,0,SYNTHETIC_SHOWCASE_ONLY
9000905,1995-04-19,first_time_borrower,151360.91,36,36025.8,12339.99,37019.98,25,0.5364,0.9614,0,0.8141,0.0,0.1315,0.0,0.3257,0.7301,0.4776,True,0,SYNTHETIC_SHOWCASE_ONLY
9000906,1996-07-19,informal_worker,34073.26,18,15338.5,5831.42,17494.25,165,0.5086,0.7635,0,0.8473,0.0,0.3537,0.0,0.0712,0.627,0.5387,True,1,SYNTHETIC_SHOWCASE_ONLY
9000907,1995-01-22,small_merchant,46239.54,18,20801.38,4421.51,13264.53,277,0.5312,0.8002,0,0.9238,58243.16,0.9059,104.74,0.2569,0.5492,0.3949,True,0,SYNTHETIC_SHOWCASE_ONLY
9000908,1993-11-13,gig_worker,70812.53,36,18145.33,6528.14,19584.43,53,0.9024,0.818,0,0.8477,0.0,0.2673,0.0,0.2038,0.8214,0.0996,True,0,SYNTHETIC_SHOWCASE_ONLY
9000909,1994-11-09,small_merchant,186878.82,12,65682.84,21598.23,64794.68,141,0.4367,0.9015,0,0.5664,260204.18,0.9685,55226.37,0.8048,0.4248,0.4645,True,1,SYNTHETIC_SHOWCASE_ONLY
9000910,1993-06-17,gig_worker,64201.93,12,43253.99,9442.48,28327.44,232,0.25,0.7715,0,0.8125,0.0,0.1198,0.0,0.1279,0.8953,0.7027,True,1,SYNTHETIC_SHOWCASE_ONLY
9000911,1996-11-07,informal_worker,99333.95,24,22878.53,5995.83,17987.48,71,0.6323,0.8304,0,0.8991,0.0,0.1926,0.0,0.3408,0.4667,0.2685,True,0,SYNTHETIC_SHOWCASE_ONLY
9000912,1993-12-02,gig_worker,77411.11,24,36920.91,9716.99,29150.97,125,0.7739,0.6484,2,0.7378,0.0,0.179,0.0,0.2294,0.3736,0.1753,True,0,SYNTHETIC_SHOWCASE_ONLY
9000913,1994-11-19,small_merchant,15365.66,36,14603.12,3886.26,11658.77,45,0.8914,0.5154,2,0.8684,59628.16,0.2971,14263.61,0.7075,0.7614,0.2092,True,0,SYNTHETIC_SHOWCASE_ONLY
9000914,1997-11-25,gig_worker,49273.78,18,20273.9,5489.28,16467.85,112,0.5157,0.7294,1,0.5982,0.0,0.1458,0.0,0.5979,0.7734,0.4237,True,1,SYNTHETIC_SHOWCASE_ONLY
9000915,1995-12-17,gig_worker,92029.7,12,29445.43,7736.37,23209.11,78,0.8445,0.9799,0,0.6736,0.0,0.3237,0.0,0.4718,0.8243,0.1573,True,0,SYNTHETIC_SHOWCASE_ONLY
9000916,1995-04-18,gig_worker,114226.56,12,34788.1,7863.59,23590.77,215,0.7018,0.8046,2,0.7069,0.0,0.5017,0.0,0.31,0.5763,0.1958,True,1,SYNTHETIC_SHOWCASE_ONLY
9000917,1995-09-19,informal_worker,114274.09,9,26720.31,9433.83,28301.5,148,0.8832,0.7706,1,0.6677,0.0,0.0361,0.0,0.5019,0.539,0.0375,True,0,SYNTHETIC_SHOWCASE_ONLY
9000918,1996-12-02,informal_worker,94057.75,36,31539.82,10791.58,32374.73,229,0.8339,0.8891,0,0.3762,0.0,0.2457,0.0,0.3024,0.5389,0.1395,True,0,SYNTHETIC_SHOWCASE_ONLY
9000919,1994-04-10,gig_worker,46060.93,9,29072.89,8714.96,26144.89,147,0.4158,0.7907,2,0.4222,0.0,0.2151,0.0,0.1231,0.7968,0.522,True,1,SYNTHETIC_SHOWCASE_ONLY
9000920,1996-03-08,first_time_borrower,45334.3,18,25885.61,5097.03,15291.1,244,0.9552,0.8334,1,0.7214,0.0,0.1867,0.0,0.0437,0.7421,0.0,True,0,SYNTHETIC_SHOWCASE_ONLY
9000921,1997-05-13,first_time_borrower,25351.18,12,24289.75,6961.1,20883.31,36,0.5546,0.7422,2,0.8126,0.0,0.0818,0.0,0.2928,0.6694,0.518,True,1,SYNTHETIC_SHOWCASE_ONLY
9000922,1995-11-12,small_merchant,87581.19,9,22819.09,4819.68,14459.04,242,0.8946,0.7918,0,0.704,79322.93,0.8488,19454.58,0.671,0.5339,0.0693,True,0,SYNTHETIC_SHOWCASE_ONLY
9000923,1995-03-27,informal_worker,33367.48,12,31297.38,12395.64,37186.93,37,0.6813,0.7608,1,0.7619,0.0,0.0521,0.0,0.2627,0.8128,0.1758,True,0,SYNTHETIC_SHOWCASE_ONLY
9000924,1993-09-23,small_merchant,111367.11,18,34103.36,11185.64,33556.92,73,0.797,0.9859,0,0.9057,45106.06,0.9342,3707.71,0.6595,0.8092,0.113,True,0,SYNTHETIC_SHOWCASE_ONLY
9000925,1994-03-30,gig_worker,99368.59,6,30796.99,7311.08,21933.24,100,0.6363,0.9259,0,0.7476,0.0,0.2779,0.0,0.0704,0.5319,0.3879,True,1,SYNTHETIC_SHOWCASE_ONLY
9000926,1997-09-24,small_merchant,64504.07,36,15902.53,3773.49,11320.48,160,0.9169,0.243,2,0.6734,69798.09,0.72,6575.78,0.877,0.6104,0.1747,True,1,SYNTHETIC_SHOWCASE_ONLY
9000927,1995-09-16,gig_worker,16093.17,36,17334.85,4861.94,14585.82,150,0.7611,0.9517,0,0.6853,0.0,0.1273,0.0,0.4347,0.817,0.33,True,0,SYNTHETIC_SHOWCASE_ONLY
9000928,1994-07-05,first_time_borrower,50619.05,9,33908.57,8993.72,26981.15,195,0.5464,0.8309,0,0.5729,0.0,0.0301,0.0,0.208,0.6407,0.4367,True,1,SYNTHETIC_SHOWCASE_ONLY
9000929,1995-02-03,first_time_borrower,261155.2,24,56747.28,19154.96,57464.87,33,0.7586,0.7119,3,0.7968,0.0,0.2476,0.0,0.2439,0.9162,0.2808,True,1,SYNTHETIC_SHOWCASE_ONLY
9000930,1995-11-22,first_time_borrower,93925.79,12,30125.26,6012.15,18036.44,133,0.8043,0.7088,0,0.6589,0.0,0.4113,0.0,0.0944,0.7165,0.2208,True,1,SYNTHETIC_SHOWCASE_ONLY
9000931,1995-09-09,small_merchant,60064.74,6,22979.53,8648.63,25945.88,161,0.816,0.8078,0,0.9523,93050.49,0.335,5402.77,0.6614,0.6206,0.1482,True,1,SYNTHETIC_SHOWCASE_ONLY
9000932,1996-07-01,small_merchant,121296.67,12,31183.46,9064.17,27192.51,137,0.4477,0.921,0,0.9154,130820.58,0.7655,45043.65,0.4321,0.66,0.5546,True,1,SYNTHETIC_SHOWCASE_ONLY
9000933,1994-04-16,first_time_borrower,74164.94,24,16224.63,4071.09,12213.26,127,0.6194,0.7825,2,0.2962,0.0,0.7031,0.0,0.0957,0.6794,0.2577,True,1,SYNTHETIC_SHOWCASE_ONLY
9000934,1996-03-31,gig_worker,92226.08,18,52483.42,14404.57,43213.71,183,0.6757,0.7142,0,0.8991,0.0,0.6261,0.0,0.2649,0.5291,0.2491,True,0,SYNTHETIC_SHOWCASE_ONLY
9000935,1995-03-20,gig_worker,139842.27,12,30623.56,11224.01,33672.03,79,0.6762,0.6985,0,0.5876,0.0,0.0963,0.0,0.4989,0.9204,0.3493,True,1,SYNTHETIC_SHOWCASE_ONLY
9000936,1997-09-14,small_merchant,21893.95,24,20304.96,5347.7,16043.09,119,0.4473,0.5856,1,0.7791,74496.83,0.5138,12450.5,0.758,0.7223,0.6213,True,1,SYNTHETIC_SHOWCASE_ONLY
9000937,1993-10-16,small_merchant,126690.39,24,25845.66,5915.23,17745.68,219,0.8456,0.9091,0,0.2983,94181.34,0.8781,18871.95,0.782,0.5892,0.1876,True,0,SYNTHETIC_SHOWCASE_ONLY
9000938,1993-09-29,small_merchant,28815.18,24,21741.59,6334.76,19004.27,197,0.7237,0.718,0,0.8131,55068.12,0.6094,6997.13,0.5231,0.9155,0.318,True,0,SYNTHETIC_SHOWCASE_ONLY
9000939,1995-04-23,gig_worker,93092.99,18,52552.15,20752.25,62256.74,214,0.5776,0.5969,0,0.9145,0.0,0.1324,0.0,0.3816,0.715,0.3847,True,1,SYNTHETIC_SHOWCASE_ONLY
9000940,1995-07-18,informal_worker,26045.24,24,25409.66,5020.81,15062.43,123,0.7241,0.7131,1,0.8444,0.0,0.3764,0.0,0.3697,0.7769,0.3175,True,0,SYNTHETIC_SHOWCASE_ONLY
9000941,1996-06-15,gig_worker,124779.97,18,30167.95,11646.48,34939.45,200,0.7318,0.6674,1,0.6064,0.0,0.2267,0.0,0.5973,0.7285,0.2073,True,1,SYNTHETIC_SHOWCASE_ONLY
9000942,1995-01-08,gig_worker,181827.45,9,36877.19,9080.94,27242.82,228,0.5045,0.9086,0,0.8492,0.0,0.4537,0.0,0.4992,0.5991,0.5695,True,1,SYNTHETIC_SHOWCASE_ONLY
9000943,1997-07-27,gig_worker,37412.65,24,19621.71,7715.33,23146.0,170,0.7333,0.6659,1,0.8143,0.0,0.2866,0.0,0.0626,0.4865,0.2571,True,1,SYNTHETIC_SHOWCASE_ONLY
9000944,1995-05-16,small_merchant,62461.25,12,30728.33,5735.16,17205.47,161,0.8055,0.75,1,0.5083,102783.38,0.8783,38327.44,0.6582,0.8283,0.1234,True,0,SYNTHETIC_SHOWCASE_ONLY
9000945,1993-08-25,first_time_borrower,58375.07,24,31942.38,8164.84,24494.53,165,0.7148,0.9446,0,0.6064,0.0,0.4435,0.0,0.2536,0.461,0.3866,True,0,SYNTHETIC_SHOWCASE_ONLY
9000946,1993-08-06,small_merchant,17014.7,18,13279.83,5382.73,16148.2,80,0.6007,0.802,0,0.8844,31545.73,0.8667,6176.48,0.4324,0.5999,0.4122,True,0,SYNTHETIC_SHOWCASE_ONLY
9000947,1997-11-13,informal_worker,128490.14,12,31610.8,7295.17,21885.5,22,0.7531,0.7082,1,0.8348,0.0,0.3791,0.0,0.4978,0.828,0.1608,True,0,SYNTHETIC_SHOWCASE_ONLY
9000948,1993-09-02,informal_worker,23753.15,9,27391.66,7101.84,21305.51,233,0.5776,0.8108,1,0.6341,0.0,0.2282,0.0,0.2422,0.2479,0.452,True,1,SYNTHETIC_SHOWCASE_ONLY
9000949,1997-09-27,small_merchant,144786.12,24,29802.38,7508.87,22526.61,254,0.6944,0.6939,0,0.5185,39774.54,0.4942,10579.59,0.9676,0.8556,0.3681,True,1,SYNTHETIC_SHOWCASE_ONLY
9000950,1994-05-23,first_time_borrower,133305.72,24,28482.98,6368.36,19105.09,178,0.8223,0.9282,0,0.8885,0.0,0.1577,0.0,0.0858,0.625,0.2229,True,0,SYNTHETIC_SHOWCASE_ONLY
9000951,1993-06-20,informal_worker,35550.17,24,31709.17,7482.43,22447.29,133,0.709,0.7569,1,0.4452,0.0,0.038,0.0,0.0583,0.8692,0.2659,True,0,SYNTHETIC_SHOWCASE_ONLY
9000952,1994-07-11,small_merchant,155881.99,18,53203.77,17787.5,53362.51,118,0.8082,0.7845,0,0.8142,124514.66,0.7156,69497.21,0.509,0.4371,0.1465,True,0,SYNTHETIC_SHOWCASE_ONLY
9000953,1996-01-28,gig_worker,78977.91,12,15895.58,3690.31,11070.93,43,0.4471,0.7498,3,0.6323,0.0,0.272,0.0,0.4237,0.6376,0.5259,True,1,SYNTHETIC_SHOWCASE_ONLY
9000954,1995-02-21,gig_worker,103388.91,12,23759.24,7105.62,21316.85,81,0.8129,0.9224,1,0.7991,0.0,0.1563,0.0,0.1892,0.7138,0.3257,True,0,SYNTHETIC_SHOWCASE_ONLY
9000955,1996-12-05,first_time_borrower,144463.53,24,38558.69,10032.53,30097.6,83,0.6971,0.7973,1,0.7808,0.0,0.4822,0.0,0.2089,0.711,0.2792,True,0,SYNTHETIC_SHOWCASE_ONLY
9000956,1996-01-21,informal_worker,24648.07,12,35270.57,7009.15,21027.45,101,0.7847,0.6471,0,0.6896,0.0,0.274,0.0,0.5185,0.6586,0.1555,True,0,SYNTHETIC_SHOWCASE_ONLY
9000957,1995-01-02,first_time_borrower,31447.35,24,34908.11,9713.69,29141.06,168,0.8773,0.8123,1,0.8416,0.0,0.2717,0.0,0.2907,0.7165,0.131,True,0,SYNTHETIC_SHOWCASE_ONLY
9000958,1996-03-04,first_time_borrower,300000.0,12,104995.93,41529.65,124588.96,242,0.5069,0.5358,1,0.5985,0.0,0.2827,0.0,0.5882,0.8284,0.4614,True,1,SYNTHETIC_SHOWCASE_ONLY
9000959,1997-11-09,gig_worker,84837.81,6,37599.46,13205.13,39615.4,87,0.831,0.8295,2,0.9004,0.0,0.1804,0.0,0.049,0.6532,0.0969,True,0,SYNTHETIC_SHOWCASE_ONLY
9000960,1995-01-22,informal_worker,170629.09,18,48185.33,19650.47,58951.41,224,0.8775,0.9417,0,0.5967,0.0,0.044,0.0,0.6187,0.5315,0.0729,True,0,SYNTHETIC_SHOWCASE_ONLY
9000961,1993-10-08,small_merchant,93084.35,18,24162.7,6451.34,19354.01,163,0.6964,0.8347,0,0.8405,106819.49,0.7515,7101.96,0.805,0.4844,0.263,True,0,SYNTHETIC_SHOWCASE_ONLY
9000962,1995-01-17,informal_worker,42725.51,18,17384.98,5205.83,15617.48,157,0.8532,0.7281,3,0.7471,0.0,0.3787,0.0,0.1166,0.8324,0.0,True,0,SYNTHETIC_SHOWCASE_ONLY
9000963,1997-03-15,gig_worker,29638.12,12,24078.81,5567.48,16702.44,164,0.7012,0.9374,0,0.7848,0.0,0.2238,0.0,0.3678,0.6033,0.4318,True,0,SYNTHETIC_SHOWCASE_ONLY
9000964,1994-02-02,gig_worker,90693.64,24,39407.08,12457.18,37371.53,181,0.4856,0.9764,0,0.7149,0.0,0.1736,0.0,0.0905,0.5754,0.6398,True,0,SYNTHETIC_SHOWCASE_ONLY
9000965,1997-09-30,informal_worker,150877.94,18,34038.15,14038.17,42114.5,72,0.8453,0.9153,0,0.8484,0.0,0.3073,0.0,0.5247,0.6859,0.194,True,0,SYNTHETIC_SHOWCASE_ONLY
9000966,1995-12-11,informal_worker,69888.81,24,33979.76,10582.86,31748.59,262,0.6062,0.7924,1,0.8843,0.0,0.2223,0.0,0.36,0.8612,0.332,True,0,SYNTHETIC_SHOWCASE_ONLY
9000967,1996-01-04,informal_worker,22121.26,18,25262.45,9587.33,28761.98,144,0.798,0.9408,1,0.6289,0.0,0.3397,0.0,0.3014,0.5818,0.2166,True,0,SYNTHETIC_SHOWCASE_ONLY
9000968,1994-08-02,small_merchant,112797.05,12,23401.01,6756.37,20269.1,168,0.9004,0.7849,0,0.7155,44338.47,0.9846,35029.43,0.5689,0.4665,0.1914,True,0,SYNTHETIC_SHOWCASE_ONLY
9000969,1997-08-08,small_merchant,92333.87,18,25684.12,7393.52,22180.57,119,0.827,0.893,0,0.4784,32370.08,0.8984,19792.54,0.3757,0.779,0.1419,True,0,SYNTHETIC_SHOWCASE_ONLY
9000970,1993-03-07,first_time_borrower,118131.54,18,39644.52,12380.82,37142.46,173,0.8212,0.766,1,0.8283,0.0,0.1777,0.0,0.5059,0.8548,0.3349,True,1,SYNTHETIC_SHOWCASE_ONLY
9000971,1994-06-30,small_merchant,178077.52,18,41919.61,16208.83,48626.49,236,0.7206,0.8301,2,0.7258,188193.7,0.7779,57299.04,0.508,0.7455,0.4064,True,0,SYNTHETIC_SHOWCASE_ONLY
9000972,1995-02-03,small_merchant,41615.17,18,17274.1,5103.97,15311.92,109,0.6471,0.7252,2,0.9147,48747.81,0.9853,1912.21,0.6361,0.8825,0.3024,True,1,SYNTHETIC_SHOWCASE_ONLY
9000973,1995-05-22,small_merchant,199214.52,9,40371.7,10376.66,31129.99,89,0.8735,0.8364,0,0.3244,81056.87,0.7933,9192.29,0.6414,0.6158,0.1072,True,1,SYNTHETIC_SHOWCASE_ONLY
9000974,1995-05-16,small_merchant,89602.31,36,20488.39,5987.86,17963.59,15,0.4182,0.8619,0,0.8934,38401.12,0.6869,25381.34,0.5477,0.8511,0.6465,True,1,SYNTHETIC_SHOWCASE_ONLY
9000975,1993-09-28,small_merchant,64328.49,12,35067.93,11177.7,33533.1,93,0.5515,0.7577,1,0.6518,127108.34,0.8434,16467.43,0.4988,0.7691,0.4658,True,1,SYNTHETIC_SHOWCASE_ONLY
9000976,1994-02-16,small_merchant,57010.35,12,25535.28,7553.03,22659.08,86,0.7382,0.9066,1,0.9639,48920.33,0.7548,24219.47,0.4325,0.678,0.2666,True,1,SYNTHETIC_SHOWCASE_ONLY
9000977,1993-06-23,first_time_borrower,107653.13,24,59369.64,21102.21,63306.63,197,0.7684,0.8404,2,0.6761,0.0,0.1102,0.0,0.1938,0.7271,0.3202,True,0,SYNTHETIC_SHOWCASE_ONLY
9000978,1995-11-12,first_time_borrower,80206.6,12,22908.97,9266.97,27800.91,246,0.8486,0.734,0,0.9372,0.0,0.2628,0.0,0.1151,0.8063,0.1586,True,0,SYNTHETIC_SHOWCASE_ONLY
9000979,1994-10-03,first_time_borrower,104120.37,36,30506.45,9353.95,28061.84,23,0.6886,0.7153,1,0.9367,0.0,0.3574,0.0,0.0851,0.9312,0.2819,True,0,SYNTHETIC_SHOWCASE_ONLY
9000980,1995-10-31,small_merchant,108607.88,12,37463.58,8573.72,25721.17,179,0.8248,0.8252,0,0.9295,60175.14,0.7458,47426.54,0.6488,0.7752,0.176,True,0,SYNTHETIC_SHOWCASE_ONLY
9000981,1995-12-13,small_merchant,89266.0,12,18406.51,4884.09,14652.26,253,0.7605,0.7666,1,0.9478,64258.77,0.8811,23067.39,0.3081,0.6413,0.2824,True,1,SYNTHETIC_SHOWCASE_ONLY
9000982,1996-07-05,informal_worker,72407.33,6,27037.73,10299.05,30897.16,225,0.8093,0.9572,1,0.7844,0.0,0.4217,0.0,0.2319,0.6293,0.1523,True,0,SYNTHETIC_SHOWCASE_ONLY
9000983,1995-09-26,first_time_borrower,99739.34,6,24636.86,8561.86,25685.58,44,0.9268,0.8402,1,0.8238,0.0,0.3167,0.0,0.2247,0.8634,0.024,True,0,SYNTHETIC_SHOWCASE_ONLY
9000984,1996-03-29,small_merchant,76484.21,9,21880.02,4413.99,13241.97,230,0.3451,0.812,0,0.8212,31112.59,0.8014,28723.72,0.4721,0.6138,0.7313,True,1,SYNTHETIC_SHOWCASE_ONLY
9000985,1995-12-09,informal_worker,65296.11,6,22672.15,9168.63,27505.89,192,0.4881,0.8408,3,0.782,0.0,0.2431,0.0,0.2852,0.4022,0.3662,True,1,SYNTHETIC_SHOWCASE_ONLY
9000986,1996-04-06,informal_worker,37493.9,12,47749.64,15476.68,46430.03,98,0.91,0.8575,0,0.7524,0.0,0.3551,0.0,0.5006,0.7806,0.0953,True,0,SYNTHETIC_SHOWCASE_ONLY
9000987,1996-01-31,informal_worker,73380.25,12,21007.93,5627.66,16882.99,199,0.5628,0.8961,1,0.6779,0.0,0.2031,0.0,0.3331,0.8586,0.4217,True,1,SYNTHETIC_SHOWCASE_ONLY
9000988,1994-08-01,informal_worker,125950.33,12,36747.87,10276.35,30829.04,127,0.3756,0.8242,1,0.7644,0.0,0.3254,0.0,0.1069,0.5857,0.6831,True,1,SYNTHETIC_SHOWCASE_ONLY
9000989,1994-03-26,gig_worker,37430.65,12,32564.09,13531.54,40594.61,243,0.4516,0.9323,0,0.7508,0.0,0.3147,0.0,0.5362,0.6338,0.5633,True,1,SYNTHETIC_SHOWCASE_ONLY
9000990,1996-12-08,small_merchant,58740.83,6,14319.96,3609.87,10829.61,126,0.836,0.7926,2,0.9145,49788.35,0.9926,19764.86,0.8244,0.5857,0.2331,True,1,SYNTHETIC_SHOWCASE_ONLY
9000991,1994-09-18,informal_worker,95370.12,6,35924.01,12537.24,37611.71,220,0.602,0.8677,0,0.9247,0.0,0.3429,0.0,0.4051,0.5643,0.3106,True,1,SYNTHETIC_SHOWCASE_ONLY
9000992,1995-09-30,gig_worker,28786.35,12,14206.76,3626.2,10878.59,143,0.6954,0.3263,7,0.9276,0.0,0.1282,0.0,0.3306,0.562,0.2908,True,1,SYNTHETIC_SHOWCASE_ONLY
9000993,1993-12-26,first_time_borrower,159941.41,12,37852.18,7169.74,21509.22,193,0.735,0.7341,3,0.7566,0.0,0.2174,0.0,0.3431,0.9308,0.2294,True,1,SYNTHETIC_SHOWCASE_ONLY
9000994,1995-02-27,informal_worker,46332.09,9,21949.68,9020.54,27061.62,163,0.6796,0.7354,1,0.7688,0.0,0.3461,0.0,0.5618,0.6756,0.4567,True,1,SYNTHETIC_SHOWCASE_ONLY
9000995,1995-08-26,gig_worker,93787.94,12,28112.68,9886.98,29660.93,141,0.7225,0.88,0,0.7884,0.0,0.1583,0.0,0.1823,0.5447,0.1425,True,0,SYNTHETIC_SHOWCASE_ONLY
9000996,1996-02-18,informal_worker,49926.95,36,15043.56,6255.45,18766.36,25,0.8186,0.893,0,0.9002,0.0,0.2472,0.0,0.0764,0.8138,0.1625,True,0,SYNTHETIC_SHOWCASE_ONLY
9000997,1995-08-20,informal_worker,24715.77,12,29694.09,12308.53,36925.6,92,0.9249,0.8524,0,0.9053,0.0,0.3163,0.0,0.1212,0.5998,0.0438,True,0,SYNTHETIC_SHOWCASE_ONLY
9000998,1994-10-21,informal_worker,107500.15,9,43690.94,13377.71,40133.14,219,0.887,0.8937,1,0.8315,0.0,0.0732,0.0,0.6449,0.7452,0.1248,True,0,SYNTHETIC_SHOWCASE_ONLY
9000999,1997-10-23,small_merchant,30036.98,18,19008.02,6001.58,18004.75,50,0.8243,0.7879,0,0.4047,30559.77,0.7138,22827.9,0.7454,0.5561,0.2766,True,0,SYNTHETIC_SHOWCASE_ONLY
9001000,1995-07-26,first_time_borrower,30923.89,18,20921.23,5465.93,16397.78,220,0.9123,0.9421,0,0.9464,0.0,0.5202,0.0,0.1444,0.7272,0.1145,True,0,SYNTHETIC_SHOWCASE_ONLY
9001001,1997-01-15,small_merchant,121265.37,6,34828.03,11878.41,35635.23,162,0.7912,0.8733,1,0.8378,90232.73,0.6877,33907.99,0.5181,0.7496,0.2049,True,1,SYNTHETIC_SHOWCASE_ONLY
9001002,1996-09-07,small_merchant,22918.68,24,35248.44,14409.08,43227.24,100,0.8017,0.8605,0,0.8903,146264.42,0.7348,14128.28,0.5042,0.7117,0.0755,True,0,SYNTHETIC_SHOWCASE_ONLY
9001003,1995-10-17,gig_worker,42336.47,24,8704.14,3235.7,9707.09,200,0.5017,0.5817,3,0.7608,0.0,0.4829,0.0,0.0809,0.4512,0.5961,True,1,SYNTHETIC_SHOWCASE_ONLY
9001004,1997-06-07,informal_worker,172367.88,36,73670.29,16158.12,48474.36,243,0.477,0.8003,1,0.7843,0.0,0.2565,0.0,0.2003,0.7322,0.5282,True,1,SYNTHETIC_SHOWCASE_ONLY
9001005,1993-08-23,informal_worker,69095.51,36,36086.19,14256.64,42769.93,174,0.8654,0.9449,1,0.7057,0.0,0.6043,0.0,0.1277,0.7777,0.1055,True,0,SYNTHETIC_SHOWCASE_ONLY
9001006,1997-08-09,small_merchant,181842.01,18,39123.58,9397.22,28191.67,155,0.412,0.8922,0,0.5602,132907.11,0.7064,10282.74,0.7227,0.6775,0.5136,True,1,SYNTHETIC_SHOWCASE_ONLY
9001007,1997-04-02,small_merchant,71647.5,24,26135.78,8887.2,26661.6,275,0.6425,0.7814,0,0.6345,55632.62,0.8626,36459.41,0.3307,0.6856,0.4312,True,0,SYNTHETIC_SHOWCASE_ONLY
9001008,1995-07-09,informal_worker,37957.81,12,11491.81,2403.48,7210.44,35,0.6809,0.9499,0,0.4346,0.0,0.1992,0.0,0.2876,0.8267,0.3811,True,1,SYNTHETIC_SHOWCASE_ONLY
9001009,1996-09-01,informal_worker,141742.27,24,38708.96,14919.82,44759.46,278,0.7676,0.8912,0,0.8716,0.0,0.0557,0.0,0.3045,0.6623,0.2665,True,0,SYNTHETIC_SHOWCASE_ONLY
9001010,1995-08-09,gig_worker,94657.36,18,21347.06,4335.53,13006.59,141,0.6064,0.864,0,0.7907,0.0,0.3841,0.0,0.2115,0.5607,0.3739,True,0,SYNTHETIC_SHOWCASE_ONLY
9001011,1994-05-06,first_time_borrower,42565.08,12,36353.55,10605.06,31815.19,268,0.7901,0.9192,1,0.757,0.0,0.5745,0.0,0.2325,0.5379,0.245,True,0,SYNTHETIC_SHOWCASE_ONLY
9001012,1996-12-31,informal_worker,24181.83,6,25208.47,6405.95,19217.84,159,0.9282,0.8701,0,0.5504,0.0,0.2344,0.0,0.0725,0.7269,0.084,True,0,SYNTHETIC_SHOWCASE_ONLY
9001013,1994-03-26,first_time_borrower,156077.31,18,31389.19,6302.3,18906.89,96,0.9499,0.8389,1,0.6679,0.0,0.1606,0.0,0.4532,0.157,0.0937,True,1,SYNTHETIC_SHOWCASE_ONLY
9001014,1994-07-29,first_time_borrower,12335.66,18,19301.95,6121.17,18363.5,254,0.6943,0.6604,2,0.8333,0.0,0.3366,0.0,0.233,0.8591,0.2265,True,0,SYNTHETIC_SHOWCASE_ONLY
9001015,1995-08-07,first_time_borrower,157554.96,24,42398.42,14546.87,43640.61,136,0.6119,0.6572,1,0.9229,0.0,0.1548,0.0,0.3505,0.7517,0.4513,True,0,SYNTHETIC_SHOWCASE_ONLY
9001016,1997-03-10,informal_worker,52053.45,12,15828.03,3905.39,11716.18,274,0.5921,0.8064,0,0.7589,0.0,0.0828,0.0,0.4312,0.6867,0.4834,True,1,SYNTHETIC_SHOWCASE_ONLY
9001017,1994-12-03,informal_worker,249396.62,24,82275.87,25145.63,75436.88,146,0.6316,0.7742,0,0.7884,0.0,0.1759,0.0,0.1439,0.5582,0.4074,True,0,SYNTHETIC_SHOWCASE_ONLY
9001018,1995-06-22,gig_worker,300000.0,6,81975.45,21852.74,65558.22,88,0.6873,0.8242,0,0.9313,0.0,0.2065,0.0,0.4416,0.669,0.2862,True,1,SYNTHETIC_SHOWCASE_ONLY
9001019,1993-03-18,small_merchant,300000.0,18,61307.39,19204.07,57612.2,185,0.6385,0.8733,0,0.6508,82498.98,0.629,46525.88,0.5919,0.4439,0.3724,True,1,SYNTHETIC_SHOWCASE_ONLY
9001020,1993-07-31,informal_worker,41642.95,12,51647.12,16898.6,50695.79,233,0.8226,0.877,0,0.8348,0.0,0.0567,0.0,0.3627,0.3974,0.2982,True,0,SYNTHETIC_SHOWCASE_ONLY
9001021,1993-04-13,small_merchant,88830.96,12,26886.42,5154.12,15462.37,138,0.7243,0.9026,0,0.698,52729.55,0.9405,15874.16,0.782,0.696,0.4332,True,0,SYNTHETIC_SHOWCASE_ONLY
9001022,1993-05-12,first_time_borrower,183997.35,12,49016.01,10398.56,31195.69,86,0.5638,0.8969,1,0.8699,0.0,0.4842,0.0,0.1027,0.5303,0.3483,True,1,SYNTHETIC_SHOWCASE_ONLY
9001023,1997-05-05,gig_worker,52033.31,12,26736.77,8517.25,25551.74,77,0.8806,0.6057,1,0.7056,0.0,0.1752,0.0,0.3131,0.5946,0.1016,True,0,SYNTHETIC_SHOWCASE_ONLY
9001024,1997-03-18,small_merchant,60155.13,12,13283.41,2519.91,7559.73,73,0.4208,0.9308,0,0.6597,34301.09,0.9816,11654.2,0.6687,0.6753,0.618,True,1,SYNTHETIC_SHOWCASE_ONLY
9001025,1997-02-09,small_merchant,150413.15,24,57612.59,13893.48,41680.45,37,0.8183,0.721,2,0.8352,205607.67,0.5739,35666.17,0.9142,0.2297,0.1672,True,0,SYNTHETIC_SHOWCASE_ONLY
9001026,1993-04-12,small_merchant,63718.51,12,48136.48,11656.98,34970.93,203,0.2209,0.8813,0,0.5822,167996.31,0.818,28548.35,0.6691,0.8641,0.7617,True,1,SYNTHETIC_SHOWCASE_ONLY
9001027,1993-05-22,gig_worker,120240.62,24,27581.95,10240.29,30720.87,83,0.5467,0.7739,1,0.7836,0.0,0.496,0.0,0.3558,0.66,0.4959,True,0,SYNTHETIC_SHOWCASE_ONLY
9001028,1994-05-28,gig_worker,73849.06,24,15550.86,3022.39,9067.18,136,0.8069,0.974,0,0.6116,0.0,0.3038,0.0,0.3715,0.8269,0.2394,True,0,SYNTHETIC_SHOWCASE_ONLY
9001029,1995-10-30,first_time_borrower,21933.05,6,21132.84,4923.37,14770.11,245,0.6289,0.8738,0,0.9415,0.0,0.1836,0.0,0.6913,0.9047,0.4309,True,0,SYNTHETIC_SHOWCASE_ONLY
9001030,1994-09-03,small_merchant,45646.45,24,11682.06,3248.93,9746.8,203,0.9209,0.9001,0,0.7442,15954.14,0.6883,6976.25,0.6047,0.2562,0.1331,True,0,SYNTHETIC_SHOWCASE_ONLY
9001031,1995-06-10,gig_worker,68139.34,24,44072.82,12912.58,38737.75,212,0.7738,0.6132,0,0.8396,0.0,0.4082,0.0,0.3235,0.6888,0.2023,True,0,SYNTHETIC_SHOWCASE_ONLY
9001032,1993-11-12,gig_worker,8165.44,24,12969.7,5339.8,16019.41,108,0.6907,0.6389,1,0.5832,0.0,0.1594,0.0,0.0517,0.6043,0.2486,True,1,SYNTHETIC_SHOWCASE_ONLY
9001033,1996-08-27,small_merchant,56126.73,24,32132.99,7954.2,23862.59,220,0.8516,0.9335,0,0.7739,98717.7,0.7661,39554.6,0.5286,0.6966,0.1807,True,0,SYNTHETIC_SHOWCASE_ONLY
9001034,1994-07-28,gig_worker,81456.69,18,18675.86,5060.39,15181.17,107,0.4354,0.7859,0,0.7211,0.0,0.3437,0.0,0.3401,0.6938,0.5342,True,1,SYNTHETIC_SHOWCASE_ONLY
9001035,1993-05-02,informal_worker,17239.93,36,14117.1,3880.46,11641.37,187,0.9761,0.793,1,0.7692,0.0,0.4929,0.0,0.1195,0.8489,0.0755,True,0,SYNTHETIC_SHOWCASE_ONLY
9001036,1996-09-18,informal_worker,36886.1,9,31393.94,12971.06,38913.17,176,0.799,0.7981,2,0.8154,0.0,0.3511,0.0,0.1018,0.6965,0.2226,True,0,SYNTHETIC_SHOWCASE_ONLY
9001037,1997-07-07,gig_worker,91883.73,6,23854.69,5354.3,16062.9,53,0.456,0.9174,0,0.8148,0.0,0.5203,0.0,0.4198,0.8171,0.6156,True,1,SYNTHETIC_SHOWCASE_ONLY
9001038,1993-01-27,informal_worker,99981.39,24,41868.56,13058.66,39175.99,244,0.8061,0.9573,1,0.705,0.0,0.4298,0.0,0.1713,0.905,0.1721,True,0,SYNTHETIC_SHOWCASE_ONLY
9001039,1995-03-09,gig_worker,19097.64,12,15237.42,5849.3,17547.89,204,0.7416,0.9295,0,0.8859,0.0,0.3823,0.0,0.1404,0.3492,0.2244,True,0,SYNTHETIC_SHOWCASE_ONLY
9001040,1997-02-19,small_merchant,31379.98,18,19466.47,7159.8,21479.39,58,0.6917,0.6957,0,0.6552,50588.13,0.8659,3701.8,0.5729,0.6681,0.365,True,0,SYNTHETIC_SHOWCASE_ONLY
9001041,1996-07-13,first_time_borrower,36459.71,12,8900.76,2248.25,6744.74,146,0.4502,0.6569,3,0.6801,0.0,0.1623,0.0,0.3153,0.8961,0.5886,True,1,SYNTHETIC_SHOWCASE_ONLY
9001042,1997-04-14,small_merchant,32799.13,12,9813.1,2511.16,7533.48,69,0.4011,0.6119,1,0.7302,16013.6,0.443,4054.5,0.7263,0.9235,0.6197,True,1,SYNTHETIC_SHOWCASE_ONLY
9001043,1995-01-29,first_time_borrower,262058.54,24,66376.09,18058.65,54175.96,120,0.5432,0.86,1,0.7589,0.0,0.3299,0.0,0.244,0.6784,0.5568,True,1,SYNTHETIC_SHOWCASE_ONLY
9001044,1994-11-11,gig_worker,78420.61,9,76121.57,24672.52,74017.57,116,0.5957,0.9253,0,0.8295,0.0,0.462,0.0,0.0799,0.7164,0.3967,True,0,SYNTHETIC_SHOWCASE_ONLY
9001045,1996-07-18,small_merchant,76571.82,12,29274.39,6767.96,20303.88,257,0.7028,0.83,0,0.4863,100650.82,0.9092,27300.3,0.5281,0.7429,0.2729,True,0,SYNTHETIC_SHOWCASE_ONLY
9001046,1993-10-08,small_merchant,77441.64,18,18854.78,4802.15,14406.44,109,0.6938,0.6783,2,0.5888,43661.49,0.908,3668.54,0.4628,0.422,0.2699,True,0,SYNTHETIC_SHOWCASE_ONLY
9001047,1994-03-14,small_merchant,42932.94,24,24262.91,9222.66,27667.99,61,0.8748,0.932,0,0.6695,67954.07,0.9422,8407.51,0.3459,0.8479,0.1011,True,0,SYNTHETIC_SHOWCASE_ONLY
9001048,1996-01-03,first_time_borrower,57253.65,24,42585.77,16071.75,48215.25,262,0.6369,0.5971,2,0.7301,0.0,0.3075,0.0,0.0398,0.8798,0.4491,True,1,SYNTHETIC_SHOWCASE_ONLY
9001049,1996-05-05,gig_worker,49869.37,12,21873.98,7998.03,23994.09,35,0.7729,0.8926,1,0.5037,0.0,0.4732,0.0,0.2374,0.7123,0.1794,True,1,SYNTHETIC_SHOWCASE_ONLY
9001050,1993-08-07,first_time_borrower,64864.8,24,31383.08,10200.26,30600.77,207,0.5423,0.9022,0,0.9058,0.0,0.4859,0.0,0.4645,0.2218,0.5051,True,0,SYNTHETIC_SHOWCASE_ONLY
9001051,1995-07-18,first_time_borrower,39408.21,18,27829.08,7233.1,21699.31,204,0.742,0.8416,0,0.5975,0.0,0.3399,0.0,0.3813,0.5693,0.3176,True,0,SYNTHETIC_SHOWCASE_ONLY
9001052,1994-10-29,small_merchant,102231.49,24,21309.96,4538.74,13616.23,99,0.7002,0.7555,1,0.9794,95499.74,0.684,13096.79,0.7105,0.4845,0.2406,True,1,SYNTHETIC_SHOWCASE_ONLY
9001053,1995-07-06,small_merchant,59283.6,6,21750.4,8988.36,26965.07,187,0.4744,0.5123,2,0.9253,75139.85,0.8478,25934.12,0.6629,0.7448,0.584,True,1,SYNTHETIC_SHOWCASE_ONLY
9001054,1997-10-17,small_merchant,105581.17,12,32233.25,11189.84,33569.53,58,0.6095,0.8639,0,0.7158,139244.35,0.6877,29826.78,0.3999,0.732,0.3,True,1,SYNTHETIC_SHOWCASE_ONLY
9001055,1993-05-20,gig_worker,19847.0,18,17519.21,6943.32,20829.96,51,0.8554,0.9017,1,0.6797,0.0,0.3191,0.0,0.4521,0.4728,0.1731,True,0,SYNTHETIC_SHOWCASE_ONLY
9001056,1997-12-23,informal_worker,114221.99,18,34779.72,13746.85,41240.55,238,0.8578,0.8612,0,0.6156,0.0,0.091,0.0,0.0835,0.6728,0.0637,True,0,SYNTHETIC_SHOWCASE_ONLY
9001057,1995-04-01,small_merchant,67953.83,9,22328.11,6567.09,19701.26,262,0.6332,0.7843,1,0.659,91002.75,0.7145,3401.24,0.6644,0.4007,0.372,True,1,SYNTHETIC_SHOWCASE_ONLY
9001058,1996-11-10,first_time_borrower,139911.12,18,29765.23,12205.63,36616.89,48,0.5233,0.7644,2,0.7819,0.0,0.0796,0.0,0.6477,0.7936,0.5382,True,1,SYNTHETIC_SHOWCASE_ONLY
9001059,1995-02-15,informal_worker,131350.85,18,54407.75,12720.32,38160.95,21,0.8079,0.7007,3,0.8277,0.0,0.6793,0.0,0.08,0.6504,0.1294,True,0,SYNTHETIC_SHOWCASE_ONLY
9001060,1994-07-22,small_merchant,104374.21,12,25828.34,8749.74,26249.23,71,0.6469,0.7875,2,0.583,95065.16,0.9118,24271.1,0.6225,0.633,0.4119,True,1,SYNTHETIC_SHOWCASE_ONLY
9001061,1996-11-08,informal_worker,84400.35,18,43541.33,9534.44,28603.32,141,0.8805,0.7706,1,0.6547,0.0,0.1839,0.0,0.1678,0.7929,0.2507,True,0,SYNTHETIC_SHOWCASE_ONLY
9001062,1996-06-09,small_merchant,37284.8,12,11846.46,3815.42,11446.25,57,0.6932,0.6366,0,0.4801,15648.6,0.7197,17433.32,0.878,0.867,0.2206,True,0,SYNTHETIC_SHOWCASE_ONLY
9001063,1993-09-21,first_time_borrower,104526.86,24,22341.15,6523.5,19570.49,23,0.5456,0.9823,0,0.7855,0.0,0.2008,0.0,0.2597,0.8483,0.3559,True,0,SYNTHETIC_SHOWCASE_ONLY
9001064,1996-07-12,gig_worker,95063.88,18,28374.62,7406.63,22219.88,276,0.6775,0.71,1,0.9002,0.0,0.3258,0.0,0.6759,0.6122,0.2286,True,1,SYNTHETIC_SHOWCASE_ONLY
9001065,1996-10-07,first_time_borrower,262846.36,18,70485.23,17032.96,51098.88,247,0.6681,0.8543,1,0.8992,0.0,0.1039,0.0,0.2866,0.6515,0.3228,True,1,SYNTHETIC_SHOWCASE_ONLY
9001066,1994-12-10,informal_worker,48681.77,36,10929.08,3222.58,9667.74,48,0.8053,0.9574,0,0.8316,0.0,0.148,0.0,0.3056,0.6197,0.2518,True,0,SYNTHETIC_SHOWCASE_ONLY
9001067,1997-08-18,first_time_borrower,124908.64,18,26736.34,5249.2,15747.61,133,0.3288,0.6991,0,0.849,0.0,0.2412,0.0,0.3002,0.7465,0.7018,True,1,SYNTHETIC_SHOWCASE_ONLY
9001068,1996-03-16,small_merchant,85435.4,12,56340.59,21556.0,64667.99,252,0.8238,0.9553,0,0.635,121574.69,0.8872,16260.37,0.4216,0.7428,0.0416,True,0,SYNTHETIC_SHOWCASE_ONLY
9001069,1994-09-02,first_time_borrower,28078.0,18,19209.3,7555.08,22665.24,155,0.7699,0.8174,2,0.9601,0.0,0.1111,0.0,0.4455,0.6991,0.2128,True,0,SYNTHETIC_SHOWCASE_ONLY
9001070,1993-01-20,small_merchant,76400.72,36,25280.72,5380.43,16141.28,99,0.865,0.6593,0,0.8079,54934.09,0.9367,21435.6,0.3071,0.2866,0.0845,True,0,SYNTHETIC_SHOWCASE_ONLY
9001071,1996-05-17,informal_worker,163518.11,6,32833.17,8647.77,25943.32,68,0.238,0.949,1,0.6548,0.0,0.5198,0.0,0.4126,0.5904,0.6634,True,1,SYNTHETIC_SHOWCASE_ONLY
9001072,1994-01-17,gig_worker,84334.59,18,30592.92,7591.65,22774.96,165,0.8063,0.7095,0,0.9049,0.0,0.2548,0.0,0.6466,0.6619,0.1438,True,0,SYNTHETIC_SHOWCASE_ONLY
9001073,1996-10-13,small_merchant,122061.85,9,59369.13,23079.04,69237.11,22,0.7261,0.7628,1,0.6786,184555.34,0.625,85619.68,0.6532,0.5243,0.2649,True,0,SYNTHETIC_SHOWCASE_ONLY
9001074,1995-08-17,small_merchant,102924.39,24,34725.42,7381.84,22145.51,28,0.6358,0.808,1,0.8702,82528.6,0.7443,27199.8,0.459,0.7982,0.324,True,1,SYNTHETIC_SHOWCASE_ONLY
9001075,1995-05-03,small_merchant,46781.69,18,52959.93,13836.75,41510.26,264,0.7785,0.9125,0,0.8022,171287.82,0.969,9390.31,0.4324,0.5686,0.1822,True,0,SYNTHETIC_SHOWCASE_ONLY
9001076,1993-10-27,small_merchant,32501.09,36,23556.47,7197.6,21592.81,242,0.7222,0.8725,0,0.575,41202.73,0.4751,14047.84,0.4048,0.8162,0.2179,True,0,SYNTHETIC_SHOWCASE_ONLY
9001077,1996-07-23,first_time_borrower,24633.0,18,19623.98,3883.98,11651.93,236,0.7389,0.9346,0,0.6674,0.0,0.318,0.0,0.7442,0.5864,0.2943,True,0,SYNTHETIC_SHOWCASE_ONLY
9001078,1993-10-30,gig_worker,18160.95,6,25124.85,6016.83,18050.49,59,0.8696,0.9973,0,0.6241,0.0,0.1706,0.0,0.222,0.4332,0.0865,True,0,SYNTHETIC_SHOWCASE_ONLY
9001079,1995-02-02,informal_worker,60640.28,18,16052.03,5465.01,16395.02,187,0.589,0.872,0,0.5873,0.0,0.2422,0.0,0.0464,0.44,0.3782,True,0,SYNTHETIC_SHOWCASE_ONLY
9001080,1997-03-08,gig_worker,71761.92,36,35314.38,13773.81,41321.44,51,0.7504,0.949,0,0.5627,0.0,0.5714,0.0,0.2766,0.4312,0.3211,True,0,SYNTHETIC_SHOWCASE_ONLY
9001081,1997-08-08,informal_worker,31212.42,12,23265.77,9346.22,28038.66,155,0.9605,0.9013,0,0.9332,0.0,0.2572,0.0,0.3903,0.6793,0.0724,True,0,SYNTHETIC_SHOWCASE_ONLY
9001082,1997-12-12,informal_worker,57882.94,9,20282.24,8342.48,25027.43,58,0.7736,0.6861,1,0.9539,0.0,0.2424,0.0,0.6654,0.5983,0.0888,True,0,SYNTHETIC_SHOWCASE_ONLY
9001083,1997-10-16,small_merchant,71967.81,24,35572.06,8008.79,24026.37,126,0.7081,0.7417,0,0.5838,54486.53,0.8423,7380.34,0.6038,0.5387,0.2846,True,0,SYNTHETIC_SHOWCASE_ONLY
9001084,1995-10-13,informal_worker,37666.81,18,16171.02,6419.62,19258.85,172,0.8854,0.9856,0,0.7473,0.0,0.1553,0.0,0.2297,0.4256,0.165,True,0,SYNTHETIC_SHOWCASE_ONLY
9001085,1994-01-02,first_time_borrower,80587.67,6,40530.13,12900.03,38700.09,171,0.7766,0.7699,0,0.4166,0.0,0.1385,0.0,0.1173,0.4441,0.2766,True,1,SYNTHETIC_SHOWCASE_ONLY
9001086,1997-03-13,informal_worker,13743.57,12,22255.8,8750.45,26251.36,243,0.8723,0.9589,0,0.8559,0.0,0.2798,0.0,0.3628,0.6951,0.0736,True,0,SYNTHETIC_SHOWCASE_ONLY
9001087,1997-01-03,small_merchant,177226.87,12,48841.03,13207.81,39623.44,73,0.7573,0.7414,1,0.6307,126230.57,0.8967,37188.69,0.697,0.6441,0.218,True,1,SYNTHETIC_SHOWCASE_ONLY
9001088,1997-12-14,small_merchant,25207.64,18,23189.29,5394.37,16183.12,269,0.5666,0.834,0,0.6849,94183.68,0.9271,20051.63,0.7256,0.6607,0.4699,True,1,SYNTHETIC_SHOWCASE_ONLY
9001089,1996-04-03,informal_worker,59317.99,12,37921.61,9678.71,29036.13,45,0.7603,0.8609,2,0.5625,0.0,0.2181,0.0,0.1365,0.6877,0.2051,True,0,SYNTHETIC_SHOWCASE_ONLY
9001090,1993-09-16,gig_worker,43869.83,18,30520.37,9149.46,27448.39,40,0.8819,0.9736,0,0.4835,0.0,0.1185,0.0,0.2766,0.883,0.0876,True,0,SYNTHETIC_SHOWCASE_ONLY
9001091,1995-07-08,informal_worker,82353.41,24,40015.92,8311.17,24933.51,86,0.7655,0.6162,0,0.943,0.0,0.3454,0.0,0.3742,0.7076,0.2537,True,0,SYNTHETIC_SHOWCASE_ONLY
9001092,1995-03-30,small_merchant,38516.33,12,29517.37,10994.57,32983.7,45,0.7548,0.8212,1,0.8413,120722.82,0.7854,33723.55,0.7202,0.5349,0.3221,True,1,SYNTHETIC_SHOWCASE_ONLY
9001093,1997-03-20,informal_worker,26797.09,18,12600.97,5161.25,15483.76,264,0.7287,0.7817,0,0.8411,0.0,0.8187,0.0,0.2313,0.8832,0.3056,True,0,SYNTHETIC_SHOWCASE_ONLY
9001094,1994-12-18,gig_worker,75903.78,12,45441.48,10457.02,31371.05,276,0.7662,0.9347,2,0.8318,0.0,0.4274,0.0,0.4749,0.685,0.2636,True,1,SYNTHETIC_SHOWCASE_ONLY
9001095,1994-08-24,gig_worker,23338.47,12,26846.0,11003.33,33009.98,31,0.8547,0.5911,0,0.7143,0.0,0.3551,0.0,0.285,0.765,0.1516,True,0,SYNTHETIC_SHOWCASE_ONLY
9001096,1993-05-27,first_time_borrower,181214.15,18,40901.72,8852.45,26557.36,92,0.6855,0.6959,1,0.9055,0.0,0.5427,0.0,0.1039,0.6804,0.1878,True,1,SYNTHETIC_SHOWCASE_ONLY
9001097,1997-03-06,first_time_borrower,75834.77,24,38998.49,12907.22,38721.66,175,0.6002,0.9667,0,0.7519,0.0,0.4503,0.0,0.1934,0.6082,0.3638,True,0,SYNTHETIC_SHOWCASE_ONLY
9001098,1996-10-11,first_time_borrower,19689.41,36,19317.71,4730.7,14192.09,59,0.9375,0.8238,0,0.7696,0.0,0.5619,0.0,0.0901,0.6484,0.0367,True,0,SYNTHETIC_SHOWCASE_ONLY
9001099,1993-03-17,first_time_borrower,52247.38,12,18049.22,4781.31,14343.92,274,0.7896,0.9805,0,0.649,0.0,0.2012,0.0,0.0859,0.6871,0.1057,True,0,SYNTHETIC_SHOWCASE_ONLY
9001100,1995-03-04,small_merchant,43812.41,9,38350.78,10871.46,32614.39,91,0.9352,0.8266,0,0.7531,170714.8,0.9687,18198.91,0.4315,0.7958,0.0747,True,0,SYNTHETIC_SHOWCASE_ONLY
9001101,1995-05-26,gig_worker,96867.28,12,24207.08,7972.13,23916.4,168,0.5077,0.7557,1,0.6312,0.0,0.2705,0.0,0.4509,0.8846,0.4561,True,1,SYNTHETIC_SHOWCASE_ONLY
9001102,1995-05-07,gig_worker,38225.84,18,43890.18,13795.66,41386.98,223,0.6703,0.5073,2,0.8799,0.0,0.2024,0.0,0.321,0.8325,0.1474,True,0,SYNTHETIC_SHOWCASE_ONLY
9001103,1997-08-05,small_merchant,67973.07,12,25704.55,10403.89,31211.68,90,0.7576,0.619,3,0.8368,55608.19,0.9285,3929.7,0.3919,0.7808,0.2421,True,1,SYNTHETIC_SHOWCASE_ONLY
9001104,1993-10-03,gig_worker,217496.48,24,45761.41,17447.26,52341.77,31,0.6336,0.8726,0,0.6701,0.0,0.1067,0.0,0.1182,0.3463,0.413,True,0,SYNTHETIC_SHOWCASE_ONLY
9001105,1994-07-14,first_time_borrower,44582.54,24,34308.42,14229.56,42688.69,105,0.6684,0.7166,2,0.8748,0.0,0.4461,0.0,0.4291,0.7251,0.3874,True,1,SYNTHETIC_SHOWCASE_ONLY
9001106,1993-11-27,gig_worker,47776.57,18,32150.64,7165.53,21496.59,99,0.9818,0.9355,0,0.7056,0.0,0.1407,0.0,0.2862,0.7842,0.0,True,0,SYNTHETIC_SHOWCASE_ONLY
9001107,1994-03-22,gig_worker,75859.55,12,23398.67,7159.15,21477.44,241,0.8334,0.9052,0,0.8673,0.0,0.291,0.0,0.2064,0.5331,0.1662,True,0,SYNTHETIC_SHOWCASE_ONLY
9001108,1997-07-15,gig_worker,153748.82,6,31304.75,10523.76,31571.28,42,0.8462,0.5388,0,0.3904,0.0,0.2813,0.0,0.2442,0.6486,0.0695,True,1,SYNTHETIC_SHOWCASE_ONLY
9001109,1997-09-14,gig_worker,114054.06,18,49638.85,16843.76,50531.27,263,0.7927,0.9315,0,0.8174,0.0,0.1951,0.0,0.349,0.8334,0.1103,True,0,SYNTHETIC_SHOWCASE_ONLY
9001110,1993-03-23,gig_worker,94228.74,18,27280.74,11356.22,34068.65,227,0.7673,0.6016,2,0.8245,0.0,0.1744,0.0,0.7019,0.6503,0.2721,True,1,SYNTHETIC_SHOWCASE_ONLY
9001111,1996-02-29,informal_worker,45894.2,24,36131.61,10043.8,30131.4,106,0.7759,0.6524,0,0.7553,0.0,0.1562,0.0,0.2732,0.4937,0.1966,True,0,SYNTHETIC_SHOWCASE_ONLY
9001112,1994-03-02,small_merchant,97976.3,18,28630.06,8011.95,24035.85,205,0.5751,0.8826,0,0.5909,43607.56,0.8095,3550.31,0.8393,0.6829,0.4916,True,1,SYNTHETIC_SHOWCASE_ONLY
9001113,1993-12-18,informal_worker,50881.99,9,29725.77,9504.88,28514.65,221,0.9725,0.8064,1,0.8255,0.0,0.3451,0.0,0.5235,0.7755,0.0,True,0,SYNTHETIC_SHOWCASE_ONLY
9001114,1994-06-18,first_time_borrower,211219.74,12,64035.76,17309.39,51928.16,184,0.937,0.7497,0,0.5686,0.0,0.2353,0.0,0.204,0.6213,0.1449,True,1,SYNTHETIC_SHOWCASE_ONLY
9001115,1993-12-21,informal_worker,49357.76,9,49850.82,17125.51,51376.52,201,0.8341,0.7619,2,0.9082,0.0,0.139,0.0,0.495,0.7105,0.0738,True,0,SYNTHETIC_SHOWCASE_ONLY
9001116,1995-06-15,informal_worker,84641.49,36,29087.79,6356.86,19070.59,250,0.8166,0.9005,0,0.837,0.0,0.1055,0.0,0.4827,0.7096,0.1699,True,0,SYNTHETIC_SHOWCASE_ONLY
9001117,1997-12-23,small_merchant,51040.97,24,31035.83,12570.74,37712.21,203,0.5431,0.8985,0,0.5522,45471.31,0.6785,7246.77,0.7603,0.4916,0.4511,True,0,SYNTHETIC_SHOWCASE_ONLY
9001118,1995-12-07,gig_worker,71959.73,24,19991.49,5502.28,16506.85,171,0.726,0.8487,0,0.9351,0.0,0.0874,0.0,0.4367,0.6533,0.2891,True,0,SYNTHETIC_SHOWCASE_ONLY
9001119,1996-08-13,small_merchant,100235.49,24,25769.15,5489.83,16469.49,226,0.7145,0.7186,1,0.7507,31274.84,0.5892,24628.33,0.4203,0.3937,0.3183,True,0,SYNTHETIC_SHOWCASE_ONLY
9001120,1995-06-20,first_time_borrower,140710.54,9,32482.95,8508.66,25525.97,147,0.8032,0.8221,0,0.6128,0.0,0.2203,0.0,0.1034,0.6926,0.2018,True,0,SYNTHETIC_SHOWCASE_ONLY
9001121,1993-01-26,informal_worker,209185.7,24,42119.0,16642.59,49927.78,161,0.503,0.6643,2,0.8002,0.0,0.0645,0.0,0.1435,0.6443,0.3851,True,1,SYNTHETIC_SHOWCASE_ONLY
9001122,1993-06-03,gig_worker,105156.31,24,40118.22,13922.2,41766.61,278,0.8483,0.9341,1,0.7609,0.0,0.3732,0.0,0.4667,0.6514,0.2357,True,0,SYNTHETIC_SHOWCASE_ONLY
9001123,1994-05-06,small_merchant,58374.61,12,16440.7,5705.25,17115.74,41,0.8052,0.8187,0,0.9307,49411.39,0.5973,23912.32,0.8537,0.791,0.2284,True,1,SYNTHETIC_SHOWCASE_ONLY
9001124,1994-03-21,first_time_borrower,30479.6,18,44752.9,15663.35,46990.05,161,0.6676,0.9021,1,0.6257,0.0,0.5199,0.0,0.0439,0.6826,0.2937,True,0,SYNTHETIC_SHOWCASE_ONLY
9001125,1997-03-15,informal_worker,122954.25,18,26831.94,6380.16,19140.48,28,0.9266,0.7474,0,0.7548,0.0,0.0742,0.0,0.69,0.717,0.035,True,0,SYNTHETIC_SHOWCASE_ONLY
9001126,1997-03-21,small_merchant,57695.33,24,17434.46,4118.43,12355.3,205,0.6922,0.5921,1,0.9703,50089.59,0.7698,6813.71,0.4076,0.6234,0.3196,True,0,SYNTHETIC_SHOWCASE_ONLY
9001127,1997-04-09,first_time_borrower,130497.63,9,53179.3,20040.09,60120.28,201,0.7865,0.5488,1,0.7936,0.0,0.1928,0.0,0.1016,0.5877,0.3808,True,1,SYNTHETIC_SHOWCASE_ONLY
9001128,1996-03-10,informal_worker,141918.08,24,56519.09,22669.76,68009.28,240,0.9178,0.8897,0,0.7429,0.0,0.0722,0.0,0.2407,0.8865,0.0,True,0,SYNTHETIC_SHOWCASE_ONLY
9001129,1995-10-13,informal_worker,125055.78,36,31778.92,7428.29,22284.88,162,0.5589,0.7973,2,0.8584,0.0,0.3994,0.0,0.4795,0.8215,0.4254,True,1,SYNTHETIC_SHOWCASE_ONLY
9001130,1996-03-31,gig_worker,167905.15,36,39347.22,11022.75,33068.25,228,0.9234,0.9311,0,0.8173,0.0,0.1994,0.0,0.458,0.7409,0.084,True,0,SYNTHETIC_SHOWCASE_ONLY
9001131,1995-01-13,gig_worker,168147.02,6,40470.78,16145.03,48435.08,96,0.8196,0.8745,0,0.6765,0.0,0.1187,0.0,0.5184,0.7745,0.0045,True,1,SYNTHETIC_SHOWCASE_ONLY
9001132,1996-05-08,first_time_borrower,155756.01,12,54717.04,15147.92,45443.75,234,0.8416,0.8573,0,0.8766,0.0,0.5468,0.0,0.0869,0.754,0.1059,True,0,SYNTHETIC_SHOWCASE_ONLY
9001133,1996-12-21,informal_worker,88680.82,24,39712.95,11291.6,33874.79,22,0.9718,0.601,3,0.7877,0.0,0.2036,0.0,0.4809,0.7062,0.0643,True,0,SYNTHETIC_SHOWCASE_ONLY
9001134,1996-10-25,small_merchant,70473.74,12,14804.25,3719.17,11157.5,97,0.929,0.7442,1,0.8751,48684.63,0.8042,13371.48,0.4681,0.3178,0.1064,True,0,SYNTHETIC_SHOWCASE_ONLY
9001135,1996-01-26,informal_worker,249107.15,6,73472.58,25438.63,76315.88,204,0.9693,0.9143,0,0.6413,0.0,0.1733,0.0,0.0761,0.7183,0.0416,True,1,SYNTHETIC_SHOWCASE_ONLY
9001136,1993-04-17,gig_worker,139726.5,24,46698.86,14748.37,44245.11,211,0.5865,0.8294,0,0.7143,0.0,0.417,0.0,0.2661,0.5811,0.4125,True,0,SYNTHETIC_SHOWCASE_ONLY
9001137,1996-08-16,first_time_borrower,70875.21,6,21925.12,5644.74,16934.22,162,0.7841,0.7922,0,0.7042,0.0,0.3497,0.0,0.1566,0.7611,0.3062,True,1,SYNTHETIC_SHOWCASE_ONLY
9001138,1994-11-01,gig_worker,57588.12,12,17081.3,4808.09,14424.26,72,0.9255,0.4534,1,0.858,0.0,0.4076,0.0,0.4808,0.5999,0.1462,True,0,SYNTHETIC_SHOWCASE_ONLY
9001139,1996-09-19,informal_worker,133344.69,36,35677.31,12008.07,36024.2,261,0.6569,0.6767,4,0.7376,0.0,0.4057,0.0,0.4301,0.5109,0.2192,True,1,SYNTHETIC_SHOWCASE_ONLY
9001140,1995-09-13,small_merchant,74330.83,12,24499.18,7173.86,21521.59,255,0.7099,0.9156,0,0.8353,39197.6,0.8543,36387.73,0.7952,0.901,0.2224,True,0,SYNTHETIC_SHOWCASE_ONLY
9001141,1997-05-29,gig_worker,146036.66,36,32805.7,12355.74,37067.21,15,0.9673,0.8794,0,0.8447,0.0,0.641,0.0,0.2074,0.6713,0.0824,True,0,SYNTHETIC_SHOWCASE_ONLY
9001142,1994-09-11,gig_worker,175337.81,12,40006.41,14263.91,42791.74,159,0.6406,0.854,0,0.7818,0.0,0.1446,0.0,0.4764,0.4148,0.4864,True,1,SYNTHETIC_SHOWCASE_ONLY
9001143,1997-08-28,informal_worker,54315.52,12,21334.22,6619.56,19858.68,119,0.853,0.7955,1,0.8641,0.0,0.484,0.0,0.1664,0.4007,0.2348,True,0,SYNTHETIC_SHOWCASE_ONLY
9001144,1997-03-23,gig_worker,21983.78,9,16386.74,3892.63,11677.9,38,0.7732,0.8097,1,0.99,0.0,0.197,0.0,0.1227,0.7875,0.2245,True,0,SYNTHETIC_SHOWCASE_ONLY
9001145,1994-08-28,gig_worker,105715.89,12,33696.61,13495.18,40485.53,223,0.7611,0.901,0,0.7254,0.0,0.3184,0.0,0.1254,0.5396,0.1628,True,1,SYNTHETIC_SHOWCASE_ONLY
9001146,1995-06-01,informal_worker,72206.29,12,21675.41,7599.38,22798.13,255,0.6711,0.9247,0,0.8477,0.0,0.1866,0.0,0.1877,0.52,0.4264,True,0,SYNTHETIC_SHOWCASE_ONLY
9001147,1995-08-29,small_merchant,87184.84,24,30034.01,11999.97,35999.91,105,0.687,0.9621,0,0.6797,96102.75,0.6277,15539.6,0.5291,0.579,0.27,True,0,SYNTHETIC_SHOWCASE_ONLY
9001148,1996-11-04,small_merchant,66393.38,36,14693.54,4641.03,13923.09,200,0.7956,0.7106,0,0.8738,38428.44,0.2943,7124.78,0.6609,0.6075,0.2369,True,0,SYNTHETIC_SHOWCASE_ONLY
9001149,1996-06-12,gig_worker,25038.21,6,24807.77,7412.87,22238.6,134,0.5651,0.927,0,0.6356,0.0,0.445,0.0,0.1479,0.5986,0.4001,True,0,SYNTHETIC_SHOWCASE_ONLY
9001150,1997-04-05,first_time_borrower,73585.66,9,39463.71,8830.49,26491.46,215,0.7704,0.9078,0,0.5919,0.0,0.3783,0.0,0.0188,0.4234,0.2441,True,0,SYNTHETIC_SHOWCASE_ONLY
9001151,1994-11-07,gig_worker,165142.35,18,37451.7,11262.23,33786.7,235,0.7597,0.9324,0,0.6639,0.0,0.5562,0.0,0.2448,0.8034,0.2879,True,0,SYNTHETIC_SHOWCASE_ONLY
9001152,1995-07-11,gig_worker,90780.12,18,19178.55,6836.27,20508.81,66,0.712,0.9186,0,0.865,0.0,0.4463,0.0,0.5804,0.6896,0.263,True,0,SYNTHETIC_SHOWCASE_ONLY
9001153,1995-02-26,small_merchant,39539.58,12,15981.59,3463.44,10390.33,81,0.4284,0.805,2,0.6967,41685.28,0.9351,7284.81,0.6032,0.611,0.5368,True,1,SYNTHETIC_SHOWCASE_ONLY
9001154,1997-07-19,gig_worker,40841.6,12,28212.67,10056.16,30168.47,68,0.9275,0.7023,3,0.8434,0.0,0.0292,0.0,0.6509,0.8255,0.0852,True,0,SYNTHETIC_SHOWCASE_ONLY
9001155,1994-07-11,small_merchant,89780.13,12,36653.18,12962.9,38888.7,196,0.6511,0.7657,0,0.5974,154475.4,0.8888,30954.07,0.7791,0.4651,0.3506,True,1,SYNTHETIC_SHOWCASE_ONLY
9001156,1995-12-09,gig_worker,88671.58,18,34011.16,9757.33,29272.0,126,0.7852,0.548,2,0.8344,0.0,0.489,0.0,0.2263,0.7214,0.2188,True,1,SYNTHETIC_SHOWCASE_ONLY
9001157,1993-08-08,gig_worker,63198.19,6,21897.4,4624.63,13873.88,109,0.8124,0.5514,1,0.9233,0.0,0.366,0.0,0.3429,0.8745,0.1084,True,1,SYNTHETIC_SHOWCASE_ONLY
9001158,1997-04-02,small_merchant,58376.49,24,32303.0,7390.17,22170.5,190,0.8852,0.9066,1,0.6692,73908.88,0.7338,37354.17,0.5628,0.653,0.0449,True,0,SYNTHETIC_SHOWCASE_ONLY
9001159,1994-12-03,first_time_borrower,113770.96,12,57589.2,16855.83,50567.48,64,0.7957,0.661,0,0.9204,0.0,0.2672,0.0,0.0632,0.7652,0.2701,True,0,SYNTHETIC_SHOWCASE_ONLY
9001160,1994-09-14,gig_worker,107664.84,12,30897.46,11976.22,35928.66,219,0.703,0.6877,3,0.6554,0.0,0.4525,0.0,0.1515,0.6337,0.2653,True,1,SYNTHETIC_SHOWCASE_ONLY
9001161,1995-12-01,gig_worker,42650.3,18,12785.27,4898.79,14696.38,100,0.7732,0.9307,0,0.6392,0.0,0.183,0.0,0.0473,0.9349,0.2491,True,1,SYNTHETIC_SHOWCASE_ONLY
9001162,1995-06-30,first_time_borrower,108449.27,12,30868.64,12778.59,38335.78,191,0.3662,0.9135,0,0.8906,0.0,0.1699,0.0,0.3871,0.5044,0.674,True,0,SYNTHETIC_SHOWCASE_ONLY
9001163,1997-03-29,first_time_borrower,168796.28,24,74686.84,16290.35,48871.04,24,0.9038,0.8848,0,0.9291,0.0,0.2895,0.0,0.2774,0.6312,0.0318,True,0,SYNTHETIC_SHOWCASE_ONLY
9001164,1995-08-29,informal_worker,31400.44,24,15093.39,5406.42,16219.25,140,0.9104,0.8453,1,0.7204,0.0,0.2902,0.0,0.2235,0.443,0.0732,True,0,SYNTHETIC_SHOWCASE_ONLY
9001165,1995-08-03,gig_worker,60973.35,24,28402.36,11659.75,34979.26,195,0.7403,0.9391,1,0.918,0.0,0.5034,0.0,0.0775,0.1686,0.2865,True,0,SYNTHETIC_SHOWCASE_ONLY
9001166,1993-07-11,small_merchant,120191.51,12,25117.47,8738.79,26216.37,83,0.9372,0.6751,0,0.6227,33113.39,0.9279,940.64,0.6312,0.5434,0.0,True,0,SYNTHETIC_SHOWCASE_ONLY
9001167,1993-02-10,gig_worker,68578.93,12,29318.78,9248.83,27746.48,205,0.7676,0.6648,1,0.8759,0.0,0.1645,0.0,0.0463,0.452,0.2177,True,0,SYNTHETIC_SHOWCASE_ONLY
9001168,1994-12-29,gig_worker,100415.07,12,30736.34,9061.94,27185.81,217,0.9842,0.6974,2,0.8528,0.0,0.3812,0.0,0.1059,0.5834,0.0,True,0,SYNTHETIC_SHOWCASE_ONLY
9001169,1997-12-28,small_merchant,140369.42,18,48394.74,14580.61,43741.82,148,0.8033,0.9066,0,0.8892,204854.41,0.8911,12455.77,0.4703,0.6511,0.1972,True,0,SYNTHETIC_SHOWCASE_ONLY
9001170,1997-08-03,small_merchant,129932.09,18,29162.99,7077.71,21233.12,196,0.9576,0.949,0,0.7003,83565.19,0.7633,18178.66,0.4944,0.8092,0.0,True,0,SYNTHETIC_SHOWCASE_ONLY
9001171,1996-02-23,small_merchant,114967.3,12,51691.28,20509.18,61527.53,119,0.711,0.8138,0,0.6446,170469.34,0.6072,4010.62,0.5489,0.5994,0.3651,True,1,SYNTHETIC_SHOWCASE_ONLY
9001172,1996-02-26,informal_worker,66427.19,9,26462.53,10888.23,32664.69,228,0.6239,0.8135,1,0.5306,0.0,0.3163,0.0,0.2326,0.6621,0.4222,True,1,SYNTHETIC_SHOWCASE_ONLY
9001173,1994-12-16,gig_worker,101970.25,12,23668.35,7002.76,21008.28,95,0.875,0.9127,1,0.5208,0.0,0.0921,0.0,0.3974,0.8377,0.2052,True,0,SYNTHETIC_SHOWCASE_ONLY
9001174,1993-11-21,small_merchant,26566.72,6,20307.63,8391.72,25175.17,34,0.4777,0.9088,0,0.8272,35887.02,0.5281,7770.23,0.5752,0.6796,0.5311,True,1,SYNTHETIC_SHOWCASE_ONLY
9001175,1993-01-16,informal_worker,37629.85,12,11704.84,2711.33,8133.98,17,0.7599,0.6957,0,0.9018,0.0,0.3211,0.0,0.3508,0.8768,0.2319,True,0,SYNTHETIC_SHOWCASE_ONLY
9001176,1994-09-11,first_time_borrower,75419.82,18,31963.02,13032.58,39097.73,234,0.9815,0.6494,0,0.8176,0.0,0.1877,0.0,0.2284,0.5678,0.0,True,0,SYNTHETIC_SHOWCASE_ONLY
9001177,1994-08-01,small_merchant,300000.0,36,75047.76,25295.64,75886.93,13,0.4841,0.8468,1,0.739,207822.1,0.7954,92265.3,0.6198,0.6878,0.4832,True,0,SYNTHETIC_SHOWCASE_ONLY
9001178,1993-12-16,small_merchant,131672.38,9,34888.51,9830.08,29490.25,93,0.8489,0.6586,1,0.4874,155349.54,0.8152,3872.76,0.7895,0.6427,0.0803,True,1,SYNTHETIC_SHOWCASE_ONLY
9001179,1994-04-19,gig_worker,25168.17,6,38933.04,14310.42,42931.27,39,0.6675,0.7334,1,0.7434,0.0,0.5418,0.0,0.0666,0.9336,0.3486,True,0,SYNTHETIC_SHOWCASE_ONLY
9001180,1993-02-15,gig_worker,98602.33,12,22964.5,8332.14,24996.42,225,0.4561,0.6514,1,0.7476,0.0,0.2582,0.0,0.083,0.7771,0.4628,True,1,SYNTHETIC_SHOWCASE_ONLY
9001181,1996-01-16,informal_worker,91985.58,9,24901.41,6112.77,18338.31,253,0.9024,0.9266,0,0.7307,0.0,0.1965,0.0,0.178,0.5715,0.077,True,0,SYNTHETIC_SHOWCASE_ONLY
9001182,1997-08-21,gig_worker,137817.81,24,44917.72,11019.28,33057.83,183,0.8053,0.8745,0,0.8566,0.0,0.0902,0.0,0.0872,0.8848,0.0232,True,0,SYNTHETIC_SHOWCASE_ONLY
9001183,1996-06-15,small_merchant,120354.62,6,73433.3,16962.91,50888.74,141,0.5806,0.9032,0,0.6709,164693.54,0.6562,58787.64,0.5362,0.8665,0.2115,True,0,SYNTHETIC_SHOWCASE_ONLY
9001184,1995-03-30,small_merchant,71890.35,36,57192.31,11179.3,33537.9,262,0.9753,0.8591,0,0.9587,104122.22,0.6556,4530.23,0.4923,0.4588,0.0658,True,0,SYNTHETIC_SHOWCASE_ONLY
9001185,1995-02-07,gig_worker,138675.61,24,41211.69,16934.78,50804.33,138,0.875,0.9045,0,0.8594,0.0,0.3363,0.0,0.4155,0.5539,0.0113,True,0,SYNTHETIC_SHOWCASE_ONLY
9001186,1994-07-16,gig_worker,72208.75,18,28476.43,10272.76,30818.28,137,0.6888,0.9576,0,0.8868,0.0,0.5213,0.0,0.4774,0.7942,0.2661,True,0,SYNTHETIC_SHOWCASE_ONLY
9001187,1993-09-18,small_merchant,135972.96,36,30965.37,8379.5,25138.5,133,0.7247,0.6019,2,0.6986,135651.86,0.7552,24381.57,0.7678,0.7019,0.2746,True,1,SYNTHETIC_SHOWCASE_ONLY
9001188,1995-12-29,first_time_borrower,34215.3,18,19502.08,7363.1,22089.3,260,0.6347,0.9195,0,0.7674,0.0,0.1983,0.0,0.11,0.4189,0.4089,True,0,SYNTHETIC_SHOWCASE_ONLY
9001189,1995-11-01,informal_worker,47577.26,36,13972.4,3478.8,10436.41,208,0.4123,0.9008,0,0.6933,0.0,0.2221,0.0,0.2775,0.7668,0.6207,True,1,SYNTHETIC_SHOWCASE_ONLY
9001190,1993-01-14,small_merchant,27631.89,12,16302.87,4666.13,13998.38,249,0.589,0.9682,0,0.9129,43634.94,0.9489,10663.33,0.5002,0.4976,0.4435,True,0,SYNTHETIC_SHOWCASE_ONLY
9001191,1995-01-29,gig_worker,97497.2,36,28677.38,9383.4,28150.2,244,0.5207,0.7557,1,0.4878,0.0,0.4334,0.0,0.2887,0.7331,0.4467,True,1,SYNTHETIC_SHOWCASE_ONLY
9001192,1994-05-23,informal_worker,19780.08,12,24338.23,4525.34,13576.02,218,0.333,0.7884,0,0.6487,0.0,0.6132,0.0,0.0919,0.407,0.621,True,1,SYNTHETIC_SHOWCASE_ONLY
9001193,1993-11-07,gig_worker,32135.22,12,13830.45,4999.38,14998.15,80,0.5027,0.8096,1,0.6838,0.0,0.3839,0.0,0.2087,0.6796,0.4969,True,1,SYNTHETIC_SHOWCASE_ONLY
9001194,1996-07-07,small_merchant,37398.82,36,27502.84,9831.98,29495.93,119,0.7476,0.9167,0,0.8342,121598.66,0.8002,22493.2,0.7238,0.7232,0.3127,True,0,SYNTHETIC_SHOWCASE_ONLY
9001195,1995-08-19,informal_worker,78488.92,12,24031.32,6895.0,20685.0,110,0.4379,0.8881,0,0.657,0.0,0.3493,0.0,0.62,0.6141,0.5165,True,0,SYNTHETIC_SHOWCASE_ONLY
9001196,1996-03-03,small_merchant,31790.92,12,15946.46,3765.48,11296.44,119,0.3172,0.8309,1,0.6552,27263.0,0.8676,23050.44,0.6106,0.5628,0.5249,True,1,SYNTHETIC_SHOWCASE_ONLY
9001197,1996-07-26,gig_worker,93643.78,6,23441.75,7641.77,22925.31,98,0.538,0.6021,1,0.7421,0.0,0.4885,0.0,0.271,0.7268,0.4319,True,1,SYNTHETIC_SHOWCASE_ONLY
9001198,1997-11-28,gig_worker,26503.64,9,24002.24,9218.65,27655.96,194,0.4598,0.7099,0,0.8223,0.0,0.3965,0.0,0.3035,0.7131,0.6615,True,1,SYNTHETIC_SHOWCASE_ONLY
9001199,1997-01-05,gig_worker,63464.9,12,20826.34,8567.55,25702.64,118,0.6562,0.6053,2,0.8934,0.0,0.394,0.0,0.0158,0.8453,0.234,True,0,SYNTHETIC_SHOWCASE_ONLY
9001200,1996-02-07,small_merchant,140324.39,12,43685.06,8405.07,25215.22,186,0.8434,0.546,1,0.9696,70300.94,0.8862,58127.04,0.7619,0.7594,0.2422,True,1,SYNTHETIC_SHOWCASE_ONLY
9001201,1997-05-25,first_time_borrower,7831.95,18,11232.5,2883.18,8649.54,211,0.7716,0.7198,2,0.8167,0.0,0.2765,0.0,0.4201,0.6189,0.0378,True,0,SYNTHETIC_SHOWCASE_ONLY
9001202,1995-05-22,gig_worker,8185.74,24,10794.33,2859.2,8577.61,251,0.7393,0.8911,1,0.4707,0.0,0.1511,0.0,0.5529,0.6821,0.1805,True,0,SYNTHETIC_SHOWCASE_ONLY
9001203,1997-12-04,small_merchant,54861.65,6,28044.2,10649.2,31947.59,222,0.7292,0.9565,0,0.8226,43843.21,0.653,29963.54,0.6338,0.7927,0.3243,True,0,SYNTHETIC_SHOWCASE_ONLY
9001204,1996-10-22,informal_worker,96174.88,24,29322.22,10250.13,30750.39,124,0.9657,0.7935,0,0.8411,0.0,0.3133,0.0,0.603,0.6393,0.0,True,0,SYNTHETIC_SHOWCASE_ONLY
9001205,1996-04-03,gig_worker,164387.62,18,33995.49,13469.83,40409.48,157,0.7956,0.4498,1,0.7072,0.0,0.4778,0.0,0.2208,0.7147,0.211,True,1,SYNTHETIC_SHOWCASE_ONLY
9001206,1997-07-08,gig_worker,21605.43,24,21617.37,8269.89,24809.68,212,0.8079,0.9013,0,0.6971,0.0,0.5937,0.0,0.6352,0.9098,0.1898,True,0,SYNTHETIC_SHOWCASE_ONLY
9001207,1995-07-30,small_merchant,66572.28,24,18022.14,5596.97,16790.9,146,0.6415,0.9035,0,0.3868,40739.69,0.7029,4266.12,0.3199,0.5742,0.4796,True,1,SYNTHETIC_SHOWCASE_ONLY
9001208,1996-08-08,informal_worker,101784.56,36,27901.84,10139.93,30419.8,92,0.6863,0.8,0,0.8812,0.0,0.0572,0.0,0.2187,0.8304,0.2579,True,0,SYNTHETIC_SHOWCASE_ONLY
9001209,1994-06-04,small_merchant,80316.8,9,22651.97,5378.08,16134.25,161,0.8324,0.9287,0,0.666,67778.57,0.6873,2372.23,0.7442,0.6542,0.2749,True,0,SYNTHETIC_SHOWCASE_ONLY
9001210,1997-10-25,informal_worker,169253.23,18,58951.72,15872.21,47616.63,253,0.777,0.9336,0,0.8966,0.0,0.1439,0.0,0.2892,0.6361,0.1817,True,0,SYNTHETIC_SHOWCASE_ONLY
9001211,1996-02-13,first_time_borrower,116324.72,36,23964.54,4866.42,14599.25,136,0.6986,0.8893,0,0.9361,0.0,0.4103,0.0,0.2558,0.9321,0.3059,True,0,SYNTHETIC_SHOWCASE_ONLY
9001212,1996-11-28,informal_worker,76637.05,24,27294.24,9481.98,28445.94,213,0.606,0.9287,0,0.6919,0.0,0.6718,0.0,0.582,0.8884,0.3714,True,0,SYNTHETIC_SHOWCASE_ONLY
9001213,1995-04-22,first_time_borrower,300000.0,9,91872.82,28641.27,85923.8,55,0.6589,0.8425,0,0.5035,0.0,0.4035,0.0,0.1467,0.6806,0.3666,True,0,SYNTHETIC_SHOWCASE_ONLY
9001214,1997-05-02,informal_worker,44756.65,18,25501.05,10275.09,30825.28,270,0.7802,0.6492,1,0.539,0.0,0.2466,0.0,0.0932,0.7989,0.1469,True,1,SYNTHETIC_SHOWCASE_ONLY
9001215,1993-05-16,first_time_borrower,151673.11,24,36567.5,10775.74,32327.21,224,0.7683,0.7547,1,0.6789,0.0,0.0617,0.0,0.5898,0.7671,0.2105,True,0,SYNTHETIC_SHOWCASE_ONLY
9001216,1993-07-28,first_time_borrower,190342.78,12,38184.63,12275.84,36827.52,28,0.848,0.5828,3,0.8843,0.0,0.4183,0.0,0.2433,0.4518,0.1338,True,1,SYNTHETIC_SHOWCASE_ONLY
9001217,1995-07-15,informal_worker,183146.24,18,39776.54,12516.74,37550.23,244,0.9649,0.9482,0,0.747,0.0,0.2457,0.0,0.3221,0.8413,0.1377,True,0,SYNTHETIC_SHOWCASE_ONLY
9001218,1996-08-30,informal_worker,62350.48,24,32173.99,6963.57,20890.71,278,0.7452,0.7532,3,0.4428,0.0,0.1166,0.0,0.2404,0.6957,0.1474,True,1,SYNTHETIC_SHOWCASE_ONLY
9001219,1997-01-17,first_time_borrower,132849.8,18,30730.27,6459.94,19379.83,278,0.466,0.9853,0,0.9088,0.0,0.3928,0.0,0.2849,0.8283,0.4301,True,0,SYNTHETIC_SHOWCASE_ONLY
9001220,1995-03-15,small_merchant,29943.6,12,29381.49,9509.53,28528.6,237,0.5282,0.9311,0,0.6586,121333.33,0.7014,20117.68,0.4912,0.6848,0.414,True,0,SYNTHETIC_SHOWCASE_ONLY
9001221,1996-04-01,informal_worker,76067.76,18,21236.63,4708.23,14124.69,157,0.5617,0.9134,0,0.9557,0.0,0.276,0.0,0.2928,0.6083,0.4264,True,0,SYNTHETIC_SHOWCASE_ONLY
9001222,1995-10-07,small_merchant,68922.29,18,32735.28,7833.42,23500.25,247,0.7763,0.9287,0,0.8079,138628.26,0.5582,31804.96,0.522,0.4833,0.2146,True,0,SYNTHETIC_SHOWCASE_ONLY
9001223,1997-10-22,first_time_borrower,259352.54,12,74139.95,14972.78,44918.34,247,0.7268,0.8634,0,0.6767,0.0,0.3847,0.0,0.5144,0.4377,0.2058,True,0,SYNTHETIC_SHOWCASE_ONLY
9001224,1996-04-09,small_merchant,120852.85,18,50065.48,17520.88,52562.65,208,0.8582,0.8256,0,0.8108,66478.34,0.9892,33292.3,0.7709,0.5433,0.0833,True,0,SYNTHETIC_SHOWCASE_ONLY
9001225,1995-02-01,informal_worker,20726.25,12,32397.63,10475.21,31425.63,274,0.8006,0.7877,2,0.8034,0.0,0.5237,0.0,0.6467,0.7381,0.2045,True,1,SYNTHETIC_SHOWCASE_ONLY
9001226,1997-11-06,informal_worker,68303.21,24,42224.59,16795.35,50386.04,219,0.5243,0.6566,2,0.823,0.0,0.2534,0.0,0.2581,0.5946,0.4462,True,1,SYNTHETIC_SHOWCASE_ONLY
9001227,1993-07-15,first_time_borrower,14509.98,24,18448.81,5450.94,16352.82,160,0.7695,0.4886,2,0.839,0.0,0.0972,0.0,0.7356,0.7108,0.265,True,0,SYNTHETIC_SHOWCASE_ONLY
9001228,1997-12-03,gig_worker,61277.47,24,24708.78,5638.81,16916.44,199,0.8623,0.943,0,0.8344,0.0,0.0662,0.0,0.4051,0.4771,0.1261,True,0,SYNTHETIC_SHOWCASE_ONLY
9001229,1993-10-09,informal_worker,189602.51,18,44131.44,8990.72,26972.15,276,0.4843,0.7597,0,0.84,0.0,0.1866,0.0,0.0876,0.5566,0.4587,True,1,SYNTHETIC_SHOWCASE_ONLY
9001230,1994-06-11,informal_worker,219947.01,12,57170.88,21282.89,63848.67,258,0.4225,0.7574,0,0.7388,0.0,0.1138,0.0,0.169,0.5739,0.4127,True,1,SYNTHETIC_SHOWCASE_ONLY
9001231,1997-02-09,first_time_borrower,78738.32,24,19340.26,6036.1,18108.29,113,0.4806,0.7968,1,0.7583,0.0,0.5233,0.0,0.5127,0.823,0.5679,True,0,SYNTHETIC_SHOWCASE_ONLY
9001232,1996-09-01,first_time_borrower,92166.32,6,22199.77,6926.57,20779.7,232,0.591,0.9274,1,0.9905,0.0,0.124,0.0,0.4806,0.5915,0.3878,True,1,SYNTHETIC_SHOWCASE_ONLY
9001233,1997-11-07,small_merchant,178429.35,18,79779.37,27657.02,82971.05,156,0.5686,0.394,3,0.8019,189448.69,0.697,109469.94,0.6777,0.5056,0.5139,True,1,SYNTHETIC_SHOWCASE_ONLY
9001234,1996-10-01,small_merchant,82884.97,6,29324.11,7319.61,21958.83,148,0.778,0.8203,0,0.567,73238.32,0.8177,1491.81,0.2289,0.6601,0.1468,True,1,SYNTHETIC_SHOWCASE_ONLY
9001235,1996-03-09,gig_worker,190610.23,18,67182.87,27861.45,83584.34,188,0.8441,0.807,0,0.942,0.0,0.5258,0.0,0.3497,0.5232,0.0742,True,0,SYNTHETIC_SHOWCASE_ONLY
9001236,1994-09-25,first_time_borrower,33956.94,24,30922.87,6698.92,20096.75,160,0.5715,0.5084,3,0.8234,0.0,0.0482,0.0,0.4445,0.4101,0.4568,True,1,SYNTHETIC_SHOWCASE_ONLY
9001237,1993-01-09,gig_worker,101841.55,12,31512.08,9814.76,29444.27,42,0.5776,0.7521,0,0.7444,0.0,0.4007,0.0,0.1952,0.892,0.4258,True,1,SYNTHETIC_SHOWCASE_ONLY
9001238,1993-08-15,informal_worker,91133.29,12,24181.04,5556.95,16670.86,40,0.3867,0.8678,1,0.8031,0.0,0.2242,0.0,0.2618,0.646,0.5726,True,1,SYNTHETIC_SHOWCASE_ONLY
9001239,1994-06-28,informal_worker,144747.24,9,44019.42,12898.15,38694.46,132,0.4936,0.9219,0,0.563,0.0,0.0861,0.0,0.3518,0.6496,0.5055,True,0,SYNTHETIC_SHOWCASE_ONLY
9001240,1993-03-16,small_merchant,208586.25,12,53728.19,21941.74,65825.23,44,0.8048,0.9343,0,0.8547,141511.86,0.8132,63410.36,0.6889,0.5975,0.1812,True,0,SYNTHETIC_SHOWCASE_ONLY
9001241,1995-07-17,gig_worker,19134.93,12,17037.27,6049.7,18149.11,240,0.691,0.7281,2,0.7393,0.0,0.1773,0.0,0.3468,0.8201,0.3282,True,1,SYNTHETIC_SHOWCASE_ONLY
9001242,1996-11-20,gig_worker,93390.94,24,23642.08,5006.9,15020.69,76,0.8106,0.8991,0,0.5425,0.0,0.4185,0.0,0.1995,0.6568,0.2491,True,0,SYNTHETIC_SHOWCASE_ONLY
9001243,1997-10-25,first_time_borrower,65851.12,24,43442.67,8806.28,26418.85,192,0.8267,0.479,1,0.8156,0.0,0.3595,0.0,0.6013,0.8184,0.1291,True,1,SYNTHETIC_SHOWCASE_ONLY
9001244,1995-06-14,small_merchant,117299.43,36,26311.9,5422.58,16267.75,155,0.5938,0.534,3,0.8227,76560.6,0.9479,12009.86,0.7866,0.7823,0.4011,True,1,SYNTHETIC_SHOWCASE_ONLY
9001245,1997-05-17,gig_worker,37069.78,9,22095.62,6636.93,19910.8,208,0.6075,0.6743,3,0.7791,0.0,0.2571,0.0,0.1422,0.7121,0.53,True,1,SYNTHETIC_SHOWCASE_ONLY
9001246,1997-12-05,informal_worker,125680.24,12,45457.81,14991.39,44974.18,188,0.773,0.6032,2,0.7885,0.0,0.2308,0.0,0.497,0.5542,0.2875,True,1,SYNTHETIC_SHOWCASE_ONLY
9001247,1997-04-20,gig_worker,130486.33,12,47553.82,14774.5,44323.51,112,0.7893,0.7296,0,0.818,0.0,0.1812,0.0,0.5448,0.4165,0.2395,True,0,SYNTHETIC_SHOWCASE_ONLY
9001248,1995-04-30,first_time_borrower,40231.12,18,22564.46,6178.51,18535.53,277,0.6042,0.8566,1,0.5389,0.0,0.2189,0.0,0.1996,0.763,0.3987,True,0,SYNTHETIC_SHOWCASE_ONLY
9001249,1994-08-17,small_merchant,67947.6,24,31004.75,10665.51,31996.54,245,0.6904,0.9788,0,0.9097,109232.8,0.8965,24695.57,0.7064,0.5193,0.4327,True,0,SYNTHETIC_SHOWCASE_ONLY
9001250,1997-11-21,gig_worker,22207.15,24,15676.09,6489.23,19467.69,141,0.9757,0.6555,1,0.9392,0.0,0.3575,0.0,0.1282,0.2334,0.0,True,0,SYNTHETIC_SHOWCASE_ONLY
9001251,1994-03-18,gig_worker,56627.55,18,18217.34,6556.17,19668.5,95,0.5344,0.8402,1,0.8222,0.0,0.4516,0.0,0.0694,0.5523,0.471,True,1,SYNTHETIC_SHOWCASE_ONLY
9001252,1995-01-22,small_merchant,137224.6,18,29719.51,9800.76,29402.28,276,0.9349,0.3472,3,0.7042,95014.5,0.8406,26118.7,0.8009,0.8109,0.0956,True,1,SYNTHETIC_SHOWCASE_ONLY
9001253,1993-05-16,small_merchant,56653.72,36,28425.3,11204.86,33614.57,56,0.8637,0.7195,0,0.7751,87690.99,0.5785,42343.92,0.8543,0.3524,0.0403,True,0,SYNTHETIC_SHOWCASE_ONLY
9001254,1996-12-20,informal_worker,49914.6,12,17603.61,3972.87,11918.6,49,0.7252,0.9102,2,0.6983,0.0,0.3209,0.0,0.0377,0.5813,0.2376,True,1,SYNTHETIC_SHOWCASE_ONLY
9001255,1996-04-01,small_merchant,87215.69,24,19856.61,4685.23,14055.68,89,0.7027,0.5371,1,0.4542,71069.47,0.9504,13746.06,0.5845,0.751,0.4957,True,1,SYNTHETIC_SHOWCASE_ONLY
9001256,1993-06-04,small_merchant,43511.51,24,16793.35,6597.89,19793.67,229,0.967,0.8185,0,0.8841,66191.0,0.7263,23898.74,0.2342,0.6791,0.0405,True,0,SYNTHETIC_SHOWCASE_ONLY
9001257,1994-02-10,gig_worker,148313.17,9,34835.37,12623.13,37869.39,23,0.8824,0.7487,0,0.6077,0.0,0.4004,0.0,0.1593,0.6521,0.1316,True,1,SYNTHETIC_SHOWCASE_ONLY
9001258,1995-10-12,gig_worker,27920.26,36,10888.83,3351.74,10055.22,28,0.7426,0.8832,0,0.8941,0.0,0.4594,0.0,0.3483,0.8099,0.2565,True,0,SYNTHETIC_SHOWCASE_ONLY
9001259,1995-09-14,first_time_borrower,43713.46,24,17229.92,6562.89,19688.68,144,0.9139,0.8811,0,0.8262,0.0,0.3725,0.0,0.1185,0.6644,0.0,True,0,SYNTHETIC_SHOWCASE_ONLY
9001260,1997-01-04,gig_worker,14791.79,24,11450.03,3474.55,10423.64,279,0.7203,0.9533,0,0.6407,0.0,0.3535,0.0,0.6367,0.7023,0.2518,True,0,SYNTHETIC_SHOWCASE_ONLY
9001261,1994-05-01,first_time_borrower,39370.44,9,34237.94,12874.89,38624.68,215,0.5462,0.9117,0,0.3362,0.0,0.3012,0.0,0.3148,0.5949,0.469,True,1,SYNTHETIC_SHOWCASE_ONLY
9001262,1997-08-16,small_merchant,38782.07,9,11785.76,4315.15,12945.44,159,0.6877,0.9485,0,0.8907,15524.16,0.6824,10928.88,0.6002,0.9319,0.272,True,1,SYNTHETIC_SHOWCASE_ONLY
9001263,1995-03-23,gig_worker,120549.55,24,28429.7,11059.53,33178.58,79,0.7748,0.8057,0,0.8742,0.0,0.0898,0.0,0.288,0.8714,0.2525,True,0,SYNTHETIC_SHOWCASE_ONLY
9001264,1997-02-11,gig_worker,73551.21,9,61508.54,20941.23,62823.69,22,0.7509,0.6875,0,0.7275,0.0,0.3435,0.0,0.0228,0.6714,0.1583,True,0,SYNTHETIC_SHOWCASE_ONLY
9001265,1994-03-12,gig_worker,287858.23,9,62517.89,22585.68,67757.05,107,0.9557,0.6243,1,0.5584,0.0,0.2408,0.0,0.1636,0.7264,0.0774,True,1,SYNTHETIC_SHOWCASE_ONLY
9001266,1993-03-09,informal_worker,25642.92,12,11767.82,4881.49,14644.47,121,0.8734,0.8585,0,0.6737,0.0,0.1484,0.0,0.3301,0.536,0.2079,True,0,SYNTHETIC_SHOWCASE_ONLY
9001267,1993-04-11,small_merchant,79847.4,6,32312.08,10026.62,30079.86,260,0.927,0.7505,2,0.8329,80297.97,0.9967,23096.74,0.6755,0.7969,0.064,True,1,SYNTHETIC_SHOWCASE_ONLY
9001268,1994-11-12,small_merchant,79000.53,24,17417.9,4582.62,13747.86,240,0.8532,0.5466,3,0.6846,62718.18,0.5744,9371.45,0.5311,0.5025,0.0784,True,1,SYNTHETIC_SHOWCASE_ONLY
9001269,1997-10-07,informal_worker,71753.87,18,15791.93,6483.63,19450.89,17,0.8058,0.9146,1,0.7779,0.0,0.5442,0.0,0.28,0.4211,0.1734,True,0,SYNTHETIC_SHOWCASE_ONLY
9001270,1993-03-30,informal_worker,77144.37,6,26515.75,7692.78,23078.33,57,0.3637,0.632,1,0.6454,0.0,0.5134,0.0,0.2828,0.9134,0.5769,True,1,SYNTHETIC_SHOWCASE_ONLY
9001271,1994-11-05,first_time_borrower,91779.82,18,50490.45,18597.53,55792.58,74,0.7114,0.763,2,0.5533,0.0,0.122,0.0,0.3894,0.8267,0.1758,True,1,SYNTHETIC_SHOWCASE_ONLY
9001272,1993-07-19,first_time_borrower,50651.73,6,37339.09,12603.27,37809.82,252,0.5894,0.9285,0,0.6705,0.0,0.498,0.0,0.3762,0.4223,0.5201,True,1,SYNTHETIC_SHOWCASE_ONLY
9001273,1997-08-29,informal_worker,35655.92,6,19864.55,7999.2,23997.61,133,0.8353,0.6545,1,0.8736,0.0,0.1213,0.0,0.3412,0.4398,0.0808,True,1,SYNTHETIC_SHOWCASE_ONLY
9001274,1996-05-18,informal_worker,158470.39,18,39276.28,9780.01,29340.02,194,0.7101,0.962,0,0.9703,0.0,0.1317,0.0,0.2949,0.8704,0.4062,True,0,SYNTHETIC_SHOWCASE_ONLY
9001275,1996-10-24,informal_worker,19343.82,18,9537.43,1836.6,5509.81,240,0.7677,0.9122,1,0.9213,0.0,0.2577,0.0,0.3944,0.8441,0.288,True,0,SYNTHETIC_SHOWCASE_ONLY
9001276,1996-07-26,small_merchant,71320.19,12,19507.33,5340.05,16020.16,135,0.8103,0.8398,1,0.9295,68013.88,0.6807,11979.05,0.5785,0.4294,0.2927,True,1,SYNTHETIC_SHOWCASE_ONLY
9001277,1996-04-14,informal_worker,27506.11,18,18854.22,5195.35,15586.06,23,0.6032,0.6672,1,0.8434,0.0,0.2168,0.0,0.0648,0.6188,0.3734,True,1,SYNTHETIC_SHOWCASE_ONLY
9001278,1996-11-13,gig_worker,78653.66,12,29072.67,6736.12,20208.36,220,0.8326,0.8008,2,0.9311,0.0,0.4286,0.0,0.3703,0.3316,0.1088,True,0,SYNTHETIC_SHOWCASE_ONLY
9001279,1993-01-15,informal_worker,54596.74,18,25402.49,7190.93,21572.78,190,0.7099,0.763,0,0.605,0.0,0.3264,0.0,0.1884,0.5951,0.2373,True,0,SYNTHETIC_SHOWCASE_ONLY
9001280,1997-04-30,first_time_borrower,73668.72,12,26161.75,7990.8,23972.39,76,0.8056,0.7486,0,0.621,0.0,0.2433,0.0,0.3535,0.7724,0.2145,True,0,SYNTHETIC_SHOWCASE_ONLY
9001281,1996-09-12,gig_worker,80017.16,24,25747.54,10319.51,30958.52,117,0.6332,0.5875,1,0.8046,0.0,0.0694,0.0,0.409,0.5563,0.3386,True,1,SYNTHETIC_SHOWCASE_ONLY
9001282,1996-09-12,first_time_borrower,140385.0,18,28302.78,10092.26,30276.77,36,0.5178,0.6428,0,0.7211,0.0,0.2508,0.0,0.4112,0.7715,0.4383,True,1,SYNTHETIC_SHOWCASE_ONLY
9001283,1994-12-20,first_time_borrower,165453.26,9,36287.28,14176.9,42530.71,142,0.6378,0.8527,1,0.8489,0.0,0.0863,0.0,0.4312,0.7425,0.4456,True,1,SYNTHETIC_SHOWCASE_ONLY
9001284,1997-01-02,gig_worker,110149.84,24,30080.69,8526.67,25580.02,147,0.5162,0.7329,0,0.7913,0.0,0.4232,0.0,0.2974,0.7839,0.4991,True,1,SYNTHETIC_SHOWCASE_ONLY
9001285,1994-11-29,small_merchant,31181.19,24,24427.65,7152.82,21458.47,73,0.5683,0.503,0,0.4957,61293.83,0.9704,31229.1,0.8905,0.6753,0.5813,True,1,SYNTHETIC_SHOWCASE_ONLY
9001286,1993-03-31,first_time_borrower,157678.9,6,33955.26,13364.16,40092.48,33,0.8542,0.9406,0,0.5647,0.0,0.1956,0.0,0.0641,0.4083,0.0962,True,1,SYNTHETIC_SHOWCASE_ONLY
9001287,1997-07-16,first_time_borrower,188460.22,18,41626.78,14739.43,44218.28,201,0.877,0.8599,0,0.9211,0.0,0.0928,0.0,0.7348,0.6454,0.0642,True,0,SYNTHETIC_SHOWCASE_ONLY
9001288,1994-03-05,gig_worker,96517.24,24,21441.15,7800.6,23401.81,230,0.629,0.8689,1,0.6494,0.0,0.072,0.0,0.0406,0.8457,0.2864,True,1,SYNTHETIC_SHOWCASE_ONLY
9001289,1993-07-06,small_merchant,73683.67,9,27212.9,8044.84,24134.51,119,0.8978,0.92,1,0.8483,53520.73,0.8132,33139.34,0.5664,0.5733,0.1028,True,0,SYNTHETIC_SHOWCASE_ONLY
9001290,1996-02-10,informal_worker,66078.66,36,48906.96,18614.56,55843.69,268,0.7536,0.7268,1,0.774,0.0,0.2338,0.0,0.0583,0.7283,0.3201,True,0,SYNTHETIC_SHOWCASE_ONLY
9001291,1994-03-03,gig_worker,64638.58,12,16492.07,4218.89,12656.68,190,0.6328,0.8884,1,0.7777,0.0,0.0985,0.0,0.0152,0.5138,0.4334,True,1,SYNTHETIC_SHOWCASE_ONLY
9001292,1997-04-16,small_merchant,153773.07,24,66583.82,19683.04,59049.13,43,0.674,0.7855,1,0.9188,265411.78,0.9088,37830.04,0.7065,0.6599,0.445,True,1,SYNTHETIC_SHOWCASE_ONLY
9001293,1995-03-22,gig_worker,31155.32,24,14722.99,4575.1,13725.29,70,0.8026,0.9506,0,0.7892,0.0,0.1641,0.0,0.5277,0.5718,0.2763,True,0,SYNTHETIC_SHOWCASE_ONLY
9001294,1993-01-09,gig_worker,55023.24,36,23722.63,9301.82,27905.47,274,0.8985,0.8148,0,0.8964,0.0,0.2754,0.0,0.2579,0.5982,0.0812,True,0,SYNTHETIC_SHOWCASE_ONLY
9001295,1997-10-04,small_merchant,54298.63,18,17745.17,4503.9,13511.7,47,0.7861,0.8967,1,0.8227,25934.37,0.5014,16330.45,0.5957,0.7561,0.2414,True,0,SYNTHETIC_SHOWCASE_ONLY
9001296,1995-07-29,informal_worker,165461.96,24,80030.63,29669.69,89009.07,124,0.4376,0.6902,3,0.6194,0.0,0.0938,0.0,0.2031,0.7314,0.6464,True,1,SYNTHETIC_SHOWCASE_ONLY
9001297,1994-04-26,informal_worker,79948.65,12,21990.19,8877.74,26633.21,51,0.82,0.6835,4,0.8478,0.0,0.6372,0.0,0.05,0.3942,0.1335,True,1,SYNTHETIC_SHOWCASE_ONLY
9001298,1996-05-21,informal_worker,75957.24,12,22016.69,6781.52,20344.55,171,0.433,0.776,0,0.8005,0.0,0.101,0.0,0.1698,0.6213,0.4994,True,0,SYNTHETIC_SHOWCASE_ONLY
9001299,1995-08-27,small_merchant,66532.82,24,23435.34,8755.31,26265.94,103,0.4258,0.6673,0,0.8889,34212.83,0.5629,7620.6,0.5385,0.4766,0.5946,True,1,SYNTHETIC_SHOWCASE_ONLY
9001300,1993-02-24,gig_worker,24550.66,12,29314.84,10594.88,31784.63,66,0.3612,0.7073,1,0.8441,0.0,0.1717,0.0,0.2739,0.6833,0.6294,True,1,SYNTHETIC_SHOWCASE_ONLY
9001301,1996-10-19,gig_worker,112902.9,24,23916.11,6003.9,18011.69,175,0.8481,0.8411,0,0.9493,0.0,0.1746,0.0,0.1339,0.7066,0.1917,True,0,SYNTHETIC_SHOWCASE_ONLY
9001302,1995-01-03,gig_worker,63348.6,6,26269.77,6290.73,18872.18,81,0.8262,0.879,0,0.9065,0.0,0.1047,0.0,0.0619,0.5015,0.1121,True,1,SYNTHETIC_SHOWCASE_ONLY
9001303,1996-07-01,small_merchant,18043.16,12,7000.0,2527.42,7582.26,204,0.3273,0.969,0,0.7968,9916.85,0.7548,2908.78,0.9449,0.602,0.6827,True,1,SYNTHETIC_SHOWCASE_ONLY
9001304,1997-06-24,gig_worker,75013.35,9,28778.86,10789.53,32368.59,21,0.8622,0.9606,0,0.6374,0.0,0.402,0.0,0.149,0.6725,0.1104,True,0,SYNTHETIC_SHOWCASE_ONLY
9001305,1996-01-20,gig_worker,62301.68,18,28240.35,6306.84,18920.53,200,0.7949,0.4924,4,0.8072,0.0,0.1,0.0,0.3458,0.3093,0.1812,True,1,SYNTHETIC_SHOWCASE_ONLY
9001306,1996-05-11,gig_worker,164477.72,9,46095.6,8839.59,26518.78,211,0.4431,0.9157,0,0.5167,0.0,0.3438,0.0,0.338,0.8632,0.5594,True,1,SYNTHETIC_SHOWCASE_ONLY
9001307,1994-04-10,informal_worker,34705.98,12,52486.38,20229.39,60688.18,274,0.9257,0.9352,0,0.8629,0.0,0.2622,0.0,0.3019,0.4952,0.0,True,0,SYNTHETIC_SHOWCASE_ONLY
9001308,1994-03-10,informal_worker,113696.51,36,25587.52,5698.44,17095.31,125,0.6131,0.6995,0,0.9243,0.0,0.217,0.0,0.272,0.7231,0.3502,True,0,SYNTHETIC_SHOWCASE_ONLY
9001309,1995-01-28,first_time_borrower,43531.35,24,41429.55,16076.23,48228.7,230,0.862,0.9403,0,0.528,0.0,0.3003,0.0,0.3469,0.6062,0.1059,True,0,SYNTHETIC_SHOWCASE_ONLY
9001310,1997-04-07,informal_worker,82486.73,24,16501.5,4540.47,13621.41,53,0.8514,0.9002,1,0.8374,0.0,0.1785,0.0,0.2282,0.8413,0.1621,True,0,SYNTHETIC_SHOWCASE_ONLY
9001311,1995-08-16,small_merchant,136119.04,9,40468.7,12348.38,37045.15,12,0.7195,0.913,1,0.6916,144771.3,0.9515,3482.4,0.2904,0.6398,0.215,True,0,SYNTHETIC_SHOWCASE_ONLY
9001312,1994-09-28,gig_worker,18964.12,12,21272.52,8092.93,24278.78,35,0.6805,0.6988,0,0.8887,0.0,0.5003,0.0,0.0814,0.7324,0.3256,True,1,SYNTHETIC_SHOWCASE_ONLY
9001313,1996-11-24,small_merchant,48752.89,24,15856.03,6153.78,18461.33,180,0.5016,0.8898,1,0.8569,32171.14,0.8024,19673.18,0.4753,0.7757,0.4119,True,0,SYNTHETIC_SHOWCASE_ONLY
9001314,1997-04-08,gig_worker,52706.42,6,25613.56,9025.19,27075.57,220,0.9396,0.6025,0,0.867,0.0,0.447,0.0,0.3711,0.632,0.0419,True,0,SYNTHETIC_SHOWCASE_ONLY
9001315,1997-07-07,small_merchant,262872.52,12,54840.63,18700.29,56100.87,110,0.6068,0.9546,0,0.8059,196090.57,0.6346,42343.9,0.6436,0.6816,0.2292,True,0,SYNTHETIC_SHOWCASE_ONLY
9001316,1994-06-30,small_merchant,119847.15,36,30541.52,8809.63,26428.88,174,0.564,0.9199,1,0.8441,54387.64,0.6425,7535.2,0.8496,0.3806,0.4754,True,0,SYNTHETIC_SHOWCASE_ONLY
9001317,1996-07-19,small_merchant,162568.75,9,57427.24,13874.86,41624.57,252,0.8083,0.9263,0,0.7782,146330.81,0.7798,51906.73,0.3623,0.7069,0.0683,True,0,SYNTHETIC_SHOWCASE_ONLY
9001318,1995-12-14,gig_worker,48691.54,36,19546.82,5776.08,17328.25,119,0.7281,0.7708,0,0.7069,0.0,0.0957,0.0,0.1843,0.6698,0.2267,True,1,SYNTHETIC_SHOWCASE_ONLY
9001319,1995-03-31,informal_worker,230665.57,12,46301.44,10969.23,32907.68,63,0.7945,0.919,0,0.8654,0.0,0.116,0.0,0.3771,0.8115,0.1834,True,0,SYNTHETIC_SHOWCASE_ONLY
9001320,1994-12-26,first_time_borrower,72406.96,12,20474.24,6174.54,18523.62,101,0.7297,0.8275,0,0.61,0.0,0.5249,0.0,0.3642,0.4937,0.3059,True,0,SYNTHETIC_SHOWCASE_ONLY
9001321,1993-07-29,informal_worker,89267.29,12,31198.26,9408.64,28225.93,56,0.7203,0.6836,2,0.8789,0.0,0.2863,0.0,0.4347,0.8743,0.2846,True,1,SYNTHETIC_SHOWCASE_ONLY
9001322,1994-05-17,informal_worker,73041.92,36,31069.05,11464.35,34393.06,138,0.8101,0.6892,0,0.8185,0.0,0.1384,0.0,0.019,0.5222,0.1879,True,0,SYNTHETIC_SHOWCASE_ONLY
9001323,1995-10-01,small_merchant,78011.15,18,38463.92,8063.22,24189.66,50,0.6945,0.842,0,0.5258,103581.06,0.5687,13420.93,0.7275,0.8729,0.3655,True,1,SYNTHETIC_SHOWCASE_ONLY
9001324,1997-06-07,gig_worker,116971.65,24,31581.14,10962.47,32887.4,266,0.3651,0.6433,1,0.8167,0.0,0.076,0.0,0.1682,0.5435,0.5646,True,1,SYNTHETIC_SHOWCASE_ONLY
9001325,1997-05-01,informal_worker,62575.93,12,19636.61,4369.97,13109.92,92,0.8212,0.9239,0,0.7634,0.0,0.3219,0.0,0.0411,0.8737,0.186,True,0,SYNTHETIC_SHOWCASE_ONLY
9001326,1993-12-09,small_merchant,185079.27,24,42723.62,17665.97,52997.92,96,0.2954,0.8067,1,0.7559,168860.83,0.7797,9480.51,0.6837,0.256,0.6485,True,1,SYNTHETIC_SHOWCASE_ONLY
9001327,1996-05-25,gig_worker,195162.18,18,64289.72,19702.42,59107.27,271,0.4839,0.8365,0,0.5597,0.0,0.252,0.0,0.4794,0.8413,0.2998,True,1,SYNTHETIC_SHOWCASE_ONLY
9001328,1993-06-04,small_merchant,66904.43,18,21157.17,7500.76,22502.28,51,0.7378,0.8384,1,0.9396,88059.89,0.7648,6813.3,0.5481,0.7668,0.3646,True,0,SYNTHETIC_SHOWCASE_ONLY
9001329,1996-05-17,first_time_borrower,31333.3,24,11603.34,3670.94,11012.81,150,0.809,0.8002,2,0.8279,0.0,0.7402,0.0,0.3588,0.713,0.1264,True,0,SYNTHETIC_SHOWCASE_ONLY
9001330,1994-09-17,informal_worker,140751.1,24,35583.35,13800.35,41401.06,124,0.7154,0.9728,0,0.8839,0.0,0.2415,0.0,0.0879,0.6055,0.2151,True,0,SYNTHETIC_SHOWCASE_ONLY
9001331,1995-04-02,small_merchant,57943.45,24,23884.7,8645.8,25937.41,29,0.7185,0.83,1,0.8025,74885.81,0.5824,4286.41,0.8277,0.6732,0.2624,True,0,SYNTHETIC_SHOWCASE_ONLY
9001332,1996-08-03,informal_worker,114332.86,9,26292.27,7163.62,21490.87,51,0.775,0.8977,0,0.8211,0.0,0.5179,0.0,0.1157,0.8991,0.1235,True,1,SYNTHETIC_SHOWCASE_ONLY
9001333,1995-02-15,small_merchant,74561.76,24,36567.86,14372.91,43118.73,79,0.8554,0.8866,0,0.8084,91616.22,0.8248,29485.39,0.6943,0.8236,0.0377,True,0,SYNTHETIC_SHOWCASE_ONLY
9001334,1997-01-14,small_merchant,82038.77,12,22491.47,5815.57,17446.72,137,0.5985,0.7782,0,0.5197,51132.09,0.6579,25757.18,0.6199,0.5151,0.3029,True,1,SYNTHETIC_SHOWCASE_ONLY
9001335,1995-09-02,gig_worker,111460.76,36,24610.07,9215.96,27647.89,185,0.8758,0.7155,1,0.7425,0.0,0.3169,0.0,0.4624,0.64,0.0882,True,0,SYNTHETIC_SHOWCASE_ONLY
9001336,1997-12-29,small_merchant,106315.88,12,26686.22,6523.24,19569.71,97,0.6854,0.8667,1,0.9293,97347.27,0.7135,33953.86,0.749,0.5952,0.209,True,0,SYNTHETIC_SHOWCASE_ONLY
9001337,1996-03-11,informal_worker,119483.39,9,56695.02,13909.26,41727.79,242,0.8733,0.8968,0,0.794,0.0,0.2173,0.0,0.2771,0.654,0.1885,True,0,SYNTHETIC_SHOWCASE_ONLY
9001338,1994-06-26,gig_worker,105330.32,12,28407.07,5411.73,16235.2,116,0.5587,0.6093,1,0.4699,0.0,0.1249,0.0,0.4542,0.5523,0.3679,True,1,SYNTHETIC_SHOWCASE_ONLY
9001339,1996-11-16,informal_worker,23375.22,18,15472.76,4350.82,13052.47,210,0.8534,0.5943,1,0.4742,0.0,0.187,0.0,0.5195,0.7731,0.1491,True,0,SYNTHETIC_SHOWCASE_ONLY
9001340,1995-01-15,gig_worker,13498.95,12,15771.16,3726.77,11180.3,120,0.2748,0.8767,0,0.825,0.0,0.3514,0.0,0.2895,0.9095,0.7448,True,1,SYNTHETIC_SHOWCASE_ONLY
9001341,1995-09-03,informal_worker,122197.85,24,29935.19,11655.33,34965.99,157,0.8079,0.945,0,0.7659,0.0,0.343,0.0,0.3908,0.8603,0.2405,True,0,SYNTHETIC_SHOWCASE_ONLY
9001342,1993-09-07,informal_worker,67656.9,24,16282.31,4026.5,12079.5,40,0.53,0.7135,2,0.6861,0.0,0.2399,0.0,0.0518,0.516,0.4621,True,1,SYNTHETIC_SHOWCASE_ONLY
9001343,1993-08-06,informal_worker,9271.11,12,13227.51,4674.71,14024.12,219,0.7151,0.9633,0,0.6129,0.0,0.1442,0.0,0.3231,0.5235,0.2838,True,0,SYNTHETIC_SHOWCASE_ONLY
9001344,1995-11-16,informal_worker,181212.54,18,37987.68,12342.29,37026.88,251,0.8875,0.7968,2,0.503,0.0,0.1533,0.0,0.3065,0.6841,0.0168,True,0,SYNTHETIC_SHOWCASE_ONLY
9001345,1993-12-07,first_time_borrower,99637.24,24,38891.03,9311.83,27935.48,145,0.9289,0.9568,0,0.9048,0.0,0.0518,0.0,0.2896,0.5247,0.1423,True,0,SYNTHETIC_SHOWCASE_ONLY
9001346,1997-12-27,small_merchant,107543.55,24,23464.74,9473.86,28421.57,152,0.7461,0.4979,0,0.9299,96169.05,0.8563,25226.6,0.8794,0.4989,0.2446,True,1,SYNTHETIC_SHOWCASE_ONLY
9001347,1997-04-12,informal_worker,131145.13,12,32238.49,8506.21,25518.62,69,0.8887,0.9158,1,0.781,0.0,0.1158,0.0,0.165,0.7857,0.0549,True,1,SYNTHETIC_SHOWCASE_ONLY
9001348,1996-07-03,informal_worker,139833.99,36,30646.02,12683.94,38051.81,45,0.7852,0.8327,0,0.6678,0.0,0.4151,0.0,0.1566,0.7231,0.3835,True,0,SYNTHETIC_SHOWCASE_ONLY
9001349,1996-09-03,gig_worker,159531.65,6,37388.6,11527.86,34583.58,223,0.7824,0.8539,1,0.6914,0.0,0.518,0.0,0.1974,0.4886,0.2632,True,1,SYNTHETIC_SHOWCASE_ONLY
9001350,1995-12-23,gig_worker,182869.43,18,37430.45,11400.26,34200.78,149,0.9613,0.4901,3,0.8389,0.0,0.4216,0.0,0.3707,0.7423,0.1064,True,0,SYNTHETIC_SHOWCASE_ONLY
9001351,1993-04-21,small_merchant,26997.88,24,8015.89,2967.57,8902.7,194,0.7649,0.9153,0,0.6747,26722.38,0.6832,3638.96,0.4964,0.9541,0.1701,True,0,SYNTHETIC_SHOWCASE_ONLY
9001352,1994-12-18,gig_worker,39914.13,12,24947.29,8059.67,24179.02,203,0.778,0.7203,0,0.5424,0.0,0.0776,0.0,0.1766,0.872,0.2688,True,1,SYNTHETIC_SHOWCASE_ONLY
9001353,1995-06-25,small_merchant,83080.48,6,35902.2,12148.84,36446.53,127,0.7557,0.8782,1,0.9332,112739.55,0.5441,33666.89,0.8454,0.7808,0.2354,True,0,SYNTHETIC_SHOWCASE_ONLY
9001354,1997-07-30,small_merchant,89862.42,24,22992.9,8585.85,25757.55,139,0.5763,0.836,0,0.7939,90251.2,0.9475,21998.22,0.6627,0.6475,0.2924,True,0,SYNTHETIC_SHOWCASE_ONLY
9001355,1994-02-05,informal_worker,36772.09,12,28490.82,5566.26,16698.79,25,0.961,0.624,0,0.7787,0.0,0.0572,0.0,0.1868,0.5492,0.0094,True,0,SYNTHETIC_SHOWCASE_ONLY
9001356,1995-06-27,gig_worker,188340.51,9,40146.71,15773.16,47319.48,212,0.5424,0.8102,2,0.8448,0.0,0.3932,0.0,0.3714,0.7209,0.4093,True,1,SYNTHETIC_SHOWCASE_ONLY
9001357,1994-09-21,informal_worker,43757.49,9,29109.04,7624.11,22872.32,208,0.7866,0.8031,0,0.8183,0.0,0.2201,0.0,0.4082,0.6374,0.1945,True,0,SYNTHETIC_SHOWCASE_ONLY
9001358,1993-09-03,small_merchant,257204.95,24,57743.21,18057.24,54171.72,182,0.7123,0.7428,2,0.7658,188583.77,0.719,19987.89,0.6062,0.7497,0.2695,True,1,SYNTHETIC_SHOWCASE_ONLY
9001359,1993-07-08,informal_worker,131219.03,12,48094.02,15677.61,47032.84,277,0.8965,0.8651,1,0.8297,0.0,0.0736,0.0,0.2683,0.7711,0.066,True,0,SYNTHETIC_SHOWCASE_ONLY
9001360,1994-10-30,gig_worker,113705.64,18,26450.99,8537.23,25611.69,260,0.7972,0.9361,0,0.7321,0.0,0.4529,0.0,0.5611,0.5451,0.0856,True,0,SYNTHETIC_SHOWCASE_ONLY
9001361,1993-05-31,small_merchant,122632.26,36,25460.86,9992.01,29976.03,30,0.8675,0.8957,0,0.6941,86048.77,0.7827,23579.44,0.6726,0.8334,0.1615,True,0,SYNTHETIC_SHOWCASE_ONLY
9001362,1993-05-03,gig_worker,17517.01,24,7128.13,2812.56,8437.69,215,0.561,0.4837,2,0.8297,0.0,0.052,0.0,0.3386,0.4681,0.4413,True,1,SYNTHETIC_SHOWCASE_ONLY
9001363,1994-10-03,informal_worker,87735.64,18,23938.39,5985.83,17957.48,112,0.8507,0.853,0,0.7746,0.0,0.1065,0.0,0.3466,0.4073,0.2043,True,0,SYNTHETIC_SHOWCASE_ONLY
9001364,1994-01-04,small_merchant,23362.01,18,14623.58,3958.18,11874.55,18,0.7162,0.872,2,0.8234,54214.31,0.6952,16346.59,0.6371,0.6969,0.1561,True,1,SYNTHETIC_SHOWCASE_ONLY
9001365,1995-10-11,first_time_borrower,128391.81,9,31136.93,7798.94,23396.82,165,0.5448,0.9127,1,0.7298,0.0,0.1485,0.0,0.5142,0.4999,0.5216,True,1,SYNTHETIC_SHOWCASE_ONLY
9001366,1993-02-02,small_merchant,126784.93,12,30131.84,11790.22,35370.65,233,0.7602,0.8496,1,0.777,113008.33,0.9514,19794.45,0.512,0.5362,0.3015,True,0,SYNTHETIC_SHOWCASE_ONLY
9001367,1994-07-06,small_merchant,74260.96,9,39103.63,16013.99,48041.97,228,0.8951,0.7695,0,0.8077,151668.84,0.876,52356.19,0.4792,0.5372,0.0237,True,0,SYNTHETIC_SHOWCASE_ONLY
9001368,1995-04-08,gig_worker,38658.9,9,54740.64,16217.65,48652.94,65,0.8653,0.5662,3,0.6898,0.0,0.1416,0.0,0.4287,0.8308,0.1542,True,1,SYNTHETIC_SHOWCASE_ONLY
9001369,1997-10-25,informal_worker,69048.32,9,27649.16,11159.34,33478.02,189,0.6465,0.9084,0,0.9316,0.0,0.2295,0.0,0.6969,0.6297,0.3948,True,0,SYNTHETIC_SHOWCASE_ONLY
9001370,1996-03-04,small_merchant,112778.77,18,83663.63,32848.91,98546.73,230,0.8118,0.9058,0,0.8855,227278.75,0.79,97510.68,0.5994,0.7638,0.1796,True,0,SYNTHETIC_SHOWCASE_ONLY
9001371,1997-05-28,small_merchant,131532.31,12,31305.11,6232.76,18698.27,129,0.6608,0.9919,0,0.3332,101593.91,0.9863,28073.87,0.7023,0.5563,0.4011,True,0,SYNTHETIC_SHOWCASE_ONLY
9001372,1994-09-19,gig_worker,26108.12,9,14928.93,3036.4,9109.2,43,0.7662,0.756,1,0.7255,0.0,0.4553,0.0,0.3566,0.918,0.363,True,1,SYNTHETIC_SHOWCASE_ONLY
9001373,1995-04-02,gig_worker,101598.41,24,21379.02,8262.21,24786.63,125,0.4904,0.8604,0,0.7677,0.0,0.5336,0.0,0.6218,0.6286,0.5346,True,0,SYNTHETIC_SHOWCASE_ONLY
9001374,1995-02-07,gig_worker,114160.23,9,23412.88,4995.64,14986.93,97,0.3435,0.7033,2,0.8348,0.0,0.3799,0.0,0.109,0.8785,0.6226,True,1,SYNTHETIC_SHOWCASE_ONLY
9001375,1997-06-09,first_time_borrower,171098.24,24,37204.34,14544.99,43634.97,107,0.729,0.8107,1,0.895,0.0,0.0662,0.0,0.1848,0.6354,0.264,True,1,SYNTHETIC_SHOWCASE_ONLY
9001376,1997-10-18,small_merchant,57545.4,12,17770.23,6550.12,19650.37,137,0.867,0.9565,0,0.7811,66727.71,0.4316,16959.92,0.4714,0.5607,0.2044,True,0,SYNTHETIC_SHOWCASE_ONLY
9001377,1997-10-24,gig_worker,43117.3,18,24268.42,9657.35,28972.04,231,0.4395,0.8152,0,0.8564,0.0,0.633,0.0,0.2437,0.7318,0.5536,True,1,SYNTHETIC_SHOWCASE_ONLY
9001378,1996-10-05,first_time_borrower,107606.4,6,25917.16,5097.95,15293.84,229,0.7211,0.7625,3,0.8416,0.0,0.4963,0.0,0.1852,0.8714,0.2741,True,1,SYNTHETIC_SHOWCASE_ONLY
9001379,1995-07-08,gig_worker,83256.4,6,22580.95,5278.39,15835.18,148,0.8008,0.9021,1,0.5411,0.0,0.3083,0.0,0.2113,0.8748,0.1579,True,1,SYNTHETIC_SHOWCASE_ONLY
9001380,1995-09-15,small_merchant,202517.31,24,41333.94,8911.18,26733.53,62,0.7108,0.9402,0,0.8038,87318.81,0.8401,44736.18,0.8053,0.6771,0.2982,True,0,SYNTHETIC_SHOWCASE_ONLY
9001381,1997-11-26,informal_worker,86087.42,12,38093.31,10081.91,30245.72,96,0.9278,0.7998,1,0.9271,0.0,0.1414,0.0,0.2497,0.6835,0.1965,True,0,SYNTHETIC_SHOWCASE_ONLY
9001382,1994-06-04,first_time_borrower,42084.54,6,49016.49,19210.36,57631.07,93,0.5925,0.834,0,0.8155,0.0,0.1595,0.0,0.4041,0.5557,0.418,True,0,SYNTHETIC_SHOWCASE_ONLY
9001383,1994-09-26,informal_worker,119262.78,12,23886.48,5690.73,17072.19,253,0.8725,0.6203,2,0.5287,0.0,0.1699,0.0,0.5171,0.6489,0.1898,True,1,SYNTHETIC_SHOWCASE_ONLY
9001384,1997-06-26,small_merchant,213860.11,18,49869.91,13417.88,40253.65,279,0.6003,0.5435,4,0.7655,65860.24,0.9565,67108.08,0.7393,0.7561,0.3387,True,1,SYNTHETIC_SHOWCASE_ONLY
9001385,1994-12-07,first_time_borrower,22907.36,9,14548.47,5666.92,17000.77,276,0.7803,0.6247,0,0.6093,0.0,0.0866,0.0,0.1404,0.6041,0.3539,True,1,SYNTHETIC_SHOWCASE_ONLY
9001386,1994-03-06,gig_worker,54536.75,18,14379.16,5711.43,17134.3,84,0.8243,0.6927,1,0.9572,0.0,0.147,0.0,0.5264,0.8664,0.1565,True,0,SYNTHETIC_SHOWCASE_ONLY
9001387,1995-10-21,first_time_borrower,9429.12,18,15636.06,6460.05,19380.15,100,0.6571,0.8321,1,0.8599,0.0,0.1162,0.0,0.2704,0.7647,0.3716,True,0,SYNTHETIC_SHOWCASE_ONLY
9001388,1994-08-18,first_time_borrower,85901.06,18,28124.08,10439.36,31318.08,239,0.2061,0.9655,0,0.7093,0.0,0.6304,0.0,0.0863,0.9388,0.8456,True,1,SYNTHETIC_SHOWCASE_ONLY
9001389,1997-06-15,first_time_borrower,109530.81,24,49866.33,12045.62,36136.85,59,0.8287,0.8173,0,0.69,0.0,0.711,0.0,0.0819,0.8388,0.1378,True,0,SYNTHETIC_SHOWCASE_ONLY
9001390,1997-07-18,gig_worker,47770.82,12,20971.75,4849.71,14549.13,87,0.6076,0.7823,0,0.8206,0.0,0.2153,0.0,0.5742,0.5704,0.5769,True,1,SYNTHETIC_SHOWCASE_ONLY
9001391,1994-07-13,gig_worker,37327.65,24,22273.37,7020.42,21061.25,206,0.6469,0.8659,0,0.8796,0.0,0.3137,0.0,0.4415,0.587,0.327,True,0,SYNTHETIC_SHOWCASE_ONLY
9001392,1995-08-25,informal_worker,45671.13,12,25242.17,5513.66,16540.97,165,0.5785,0.71,1,0.8984,0.0,0.331,0.0,0.2766,0.575,0.4266,True,0,SYNTHETIC_SHOWCASE_ONLY
9001393,1997-12-02,small_merchant,95859.34,12,36861.29,13717.23,41151.7,204,0.9336,0.648,2,0.8839,114904.56,0.942,17257.68,0.8213,0.7322,0.0,True,0,SYNTHETIC_SHOWCASE_ONLY
9001394,1996-09-17,small_merchant,37666.08,18,22263.41,5469.63,16408.88,182,0.7687,0.7171,0,0.7944,28135.5,0.5281,9301.2,0.865,0.6495,0.2662,True,0,SYNTHETIC_SHOWCASE_ONLY
9001395,1994-01-29,first_time_borrower,57489.66,18,21675.11,4084.96,12254.87,221,0.8075,0.7863,0,0.7824,0.0,0.0981,0.0,0.1291,0.6346,0.1802,True,0,SYNTHETIC_SHOWCASE_ONLY
9001396,1995-12-15,informal_worker,46096.76,6,14678.95,5061.96,15185.88,139,0.7619,0.6475,1,0.4617,0.0,0.1904,0.0,0.3567,0.5804,0.1975,True,1,SYNTHETIC_SHOWCASE_ONLY
9001397,1996-02-06,small_merchant,79351.63,36,21280.23,8816.13,26448.38,90,0.5769,0.943,0,0.4543,28989.58,0.8978,17599.64,0.8631,0.4398,0.4579,True,0,SYNTHETIC_SHOWCASE_ONLY
9001398,1996-04-08,small_merchant,176371.53,36,49273.49,11577.03,34731.09,207,0.7184,0.8719,0,0.8605,68135.08,0.8672,1996.84,0.5125,0.513,0.3638,True,0,SYNTHETIC_SHOWCASE_ONLY
9001399,1993-02-15,gig_worker,48692.53,12,29249.11,8227.83,24683.48,27,0.6966,0.7674,1,0.8121,0.0,0.0443,0.0,0.3412,0.4648,0.2243,True,0,SYNTHETIC_SHOWCASE_ONLY
9001400,1994-07-01,gig_worker,15163.12,18,19630.3,7050.95,21152.86,88,0.8809,0.793,1,0.8466,0.0,0.1859,0.0,0.2455,0.4009,0.0828,True,0,SYNTHETIC_SHOWCASE_ONLY
9001401,1997-04-10,gig_worker,216094.21,24,50681.13,14164.8,42494.41,219,0.8403,0.7932,2,0.7652,0.0,0.3231,0.0,0.3333,0.6411,0.0938,True,0,SYNTHETIC_SHOWCASE_ONLY
9001402,1994-03-17,informal_worker,93835.72,36,21142.86,5883.56,17650.69,14,0.8541,0.7225,1,0.4173,0.0,0.3429,0.0,0.5923,0.829,0.0468,True,0,SYNTHETIC_SHOWCASE_ONLY
9001403,1994-07-02,informal_worker,271637.69,18,55355.9,10379.26,31137.79,45,0.9397,0.6525,2,0.6719,0.0,0.466,0.0,0.3173,0.5877,0.2143,True,0,SYNTHETIC_SHOWCASE_ONLY
9001404,1994-08-12,small_merchant,264879.81,6,54923.2,12261.3,36783.89,70,0.8215,0.7959,1,0.9676,77114.98,0.8435,46709.15,0.5573,0.5453,0.2289,True,1,SYNTHETIC_SHOWCASE_ONLY
9001405,1993-11-20,small_merchant,97471.55,24,28763.01,5613.53,16840.58,63,0.4924,0.8622,1,0.6868,125889.7,0.9488,28751.36,0.6288,0.7519,0.379,True,1,SYNTHETIC_SHOWCASE_ONLY
9001406,1993-10-11,informal_worker,61848.06,9,13638.56,3211.04,9633.13,37,0.713,0.9356,0,0.5127,0.0,0.3321,0.0,0.163,0.8126,0.3171,True,1,SYNTHETIC_SHOWCASE_ONLY
9001407,1994-09-26,informal_worker,216059.09,18,84029.24,31580.33,94740.98,200,0.5419,0.8435,1,0.8841,0.0,0.531,0.0,0.1774,0.5925,0.3364,True,0,SYNTHETIC_SHOWCASE_ONLY
9001408,1997-05-16,first_time_borrower,137048.22,18,33720.2,10383.29,31149.86,124,0.5499,0.8463,0,0.8458,0.0,0.3375,0.0,0.0815,0.4247,0.3763,True,1,SYNTHETIC_SHOWCASE_ONLY
9001409,1993-01-03,small_merchant,115131.82,18,23968.46,5109.92,15329.76,95,0.7801,0.8321,4,0.6655,60563.13,0.94,4325.32,0.5972,0.9598,0.2285,True,1,SYNTHETIC_SHOWCASE_ONLY
9001410,1994-06-02,informal_worker,181819.93,12,44307.14,12354.01,37062.04,52,0.5628,0.9591,0,0.4157,0.0,0.039,0.0,0.0889,0.7298,0.4885,True,1,SYNTHETIC_SHOWCASE_ONLY
9001411,1993-04-21,small_merchant,95291.52,18,39224.83,11042.57,33127.72,258,0.9604,0.6723,0,0.8019,135514.5,0.9437,32668.37,0.4057,0.6048,0.097,True,0,SYNTHETIC_SHOWCASE_ONLY
9001412,1995-10-23,small_merchant,118838.63,18,52533.7,17617.13,52851.38,227,0.4097,0.6258,1,0.6923,171992.39,0.9307,28929.2,0.6833,0.8315,0.6234,True,1,SYNTHETIC_SHOWCASE_ONLY
9001413,1994-04-03,first_time_borrower,38360.62,12,20374.37,4254.77,12764.31,213,0.4438,0.6817,1,0.8701,0.0,0.0608,0.0,0.4654,0.6477,0.5955,True,1,SYNTHETIC_SHOWCASE_ONLY
9001414,1996-12-17,small_merchant,72266.45,12,32624.77,13587.48,40762.45,93,0.544,0.8323,0,0.758,138237.4,0.7883,6702.36,0.7101,0.8107,0.4922,True,0,SYNTHETIC_SHOWCASE_ONLY
9001415,1995-12-05,small_merchant,66724.82,12,15847.1,5773.41,17320.22,274,0.9299,0.9565,0,0.533,26364.29,0.6739,23400.1,0.5994,0.4167,0.136,True,0,SYNTHETIC_SHOWCASE_ONLY
9001416,1996-12-02,small_merchant,142131.12,24,38553.43,11027.11,33081.32,191,0.6329,0.8088,0,0.9008,112399.72,0.6857,9608.75,0.7003,0.5944,0.3482,True,0,SYNTHETIC_SHOWCASE_ONLY
9001417,1996-03-05,small_merchant,47063.9,12,27693.31,7291.68,21875.04,222,0.7385,0.7935,0,0.9139,112330.42,0.4329,5557.38,0.7059,0.5944,0.209,True,0,SYNTHETIC_SHOWCASE_ONLY
9001418,1995-03-12,small_merchant,119545.79,18,32043.33,9816.38,29449.13,29,0.7554,0.9355,1,0.7764,87296.56,0.7658,41737.33,0.5537,0.6482,0.2749,True,0,SYNTHETIC_SHOWCASE_ONLY
9001419,1997-04-22,informal_worker,59231.04,18,26100.56,8357.15,25071.45,132,0.676,0.7835,0,0.5352,0.0,0.1422,0.0,0.4,0.8858,0.4423,True,1,SYNTHETIC_SHOWCASE_ONLY
9001420,1995-05-20,small_merchant,75811.29,24,24821.99,9873.42,29620.27,225,0.4987,0.6961,3,0.8471,35162.52,0.8657,4831.45,0.5153,0.4733,0.4731,True,1,SYNTHETIC_SHOWCASE_ONLY
9001421,1997-10-01,gig_worker,41152.59,18,18457.18,7286.0,21858.01,57,0.4132,0.9123,0,0.6346,0.0,0.297,0.0,0.0077,0.7482,0.5892,True,1,SYNTHETIC_SHOWCASE_ONLY
9001422,1997-12-22,first_time_borrower,118469.38,9,40919.68,16165.48,48496.45,169,0.8606,0.956,1,0.8172,0.0,0.2242,0.0,0.5603,0.4677,0.1971,True,0,SYNTHETIC_SHOWCASE_ONLY
9001423,1995-12-12,small_merchant,218151.56,12,57240.54,10912.26,32736.78,128,0.9333,0.8045,0,0.7263,97680.66,0.7595,62400.89,0.4493,0.6532,0.138,True,0,SYNTHETIC_SHOWCASE_ONLY
9001424,1996-05-16,first_time_borrower,81815.11,6,21434.54,8665.76,25997.28,176,0.77,0.8701,0,0.6337,0.0,0.3369,0.0,0.1918,0.5096,0.3116,True,1,SYNTHETIC_SHOWCASE_ONLY
9001425,1994-04-12,gig_worker,142945.68,24,36521.6,9073.34,27220.03,83,0.584,0.7582,0,0.8661,0.0,0.3334,0.0,0.6537,0.4718,0.3984,True,1,SYNTHETIC_SHOWCASE_ONLY
9001426,1997-01-27,small_merchant,79955.15,18,34454.95,7008.78,21026.35,70,0.1871,0.7843,1,0.6585,70386.79,0.9002,2546.09,0.5567,0.4903,0.8947,True,1,SYNTHETIC_SHOWCASE_ONLY
9001427,1996-05-11,small_merchant,102265.77,24,28109.05,9540.72,28622.15,166,0.8425,0.6483,1,0.8626,119933.43,0.8756,31051.32,0.2348,0.5062,0.2427,True,0,SYNTHETIC_SHOWCASE_ONLY
9001428,1997-07-07,first_time_borrower,22207.16,24,13456.18,4429.52,13288.57,262,0.6352,0.6847,2,0.7171,0.0,0.4782,0.0,0.0956,0.4005,0.319,True,1,SYNTHETIC_SHOWCASE_ONLY
9001429,1994-05-03,gig_worker,40485.47,24,14990.82,6025.11,18075.34,279,0.4771,0.7833,0,0.8816,0.0,0.1987,0.0,0.3898,0.6664,0.4808,True,1,SYNTHETIC_SHOWCASE_ONLY
9001430,1996-12-09,first_time_borrower,60928.32,36,19246.58,6400.29,19200.86,200,0.9285,0.4723,2,0.7741,0.0,0.0847,0.0,0.3065,0.8133,0.2128,True,1,SYNTHETIC_SHOWCASE_ONLY
9001431,1995-05-09,small_merchant,36310.26,18,10029.01,1929.66,5788.97,247,0.5838,0.8663,2,0.9659,18862.61,0.8072,9245.92,0.8388,0.3699,0.5062,True,1,SYNTHETIC_SHOWCASE_ONLY
9001432,1993-12-05,informal_worker,253887.3,12,55039.95,12389.77,37169.32,278,0.8984,0.9403,1,0.9365,0.0,0.2035,0.0,0.2115,0.3442,0.0536,True,0,SYNTHETIC_SHOWCASE_ONLY
9001433,1993-11-09,small_merchant,64838.27,9,33404.88,12286.46,36859.39,233,0.7407,0.7318,2,0.7184,41895.89,0.6235,48918.58,0.6007,0.6374,0.2355,True,1,SYNTHETIC_SHOWCASE_ONLY
9001434,1995-10-24,gig_worker,119212.41,18,27600.21,9210.79,27632.37,58,0.9462,0.6902,2,0.7082,0.0,0.164,0.0,0.2693,0.5817,0.0,True,0,SYNTHETIC_SHOWCASE_ONLY
9001435,1994-08-07,small_merchant,19266.93,24,9785.4,2050.46,6151.38,22,0.674,0.9066,0,0.6227,38633.32,0.9294,11253.97,0.7339,0.5565,0.2106,True,0,SYNTHETIC_SHOWCASE_ONLY
9001436,1993-07-06,gig_worker,35331.73,18,11666.79,4427.58,13282.74,86,0.7173,0.4557,0,0.8642,0.0,0.1486,0.0,0.1492,0.7478,0.2297,True,0,SYNTHETIC_SHOWCASE_ONLY
9001437,1995-02-19,small_merchant,118688.44,12,27968.55,10337.48,31012.45,111,0.7453,0.9866,0,0.8557,45847.19,0.8139,9507.41,0.729,0.4964,0.273,True,0,SYNTHETIC_SHOWCASE_ONLY
9001438,1996-04-07,informal_worker,272668.07,24,72098.97,29010.14,87030.41,47,0.7683,0.8564,1,0.6913,0.0,0.4418,0.0,0.6322,0.5568,0.323,True,0,SYNTHETIC_SHOWCASE_ONLY
9001439,1994-08-06,small_merchant,88031.34,12,20022.47,6020.39,18061.16,132,0.6265,0.6986,3,0.8031,51735.43,0.7212,2052.58,0.3786,0.4858,0.1918,True,1,SYNTHETIC_SHOWCASE_ONLY
9001440,1997-10-11,gig_worker,177407.31,12,42386.4,12494.61,37483.82,53,0.7826,0.814,3,0.834,0.0,0.6202,0.0,0.0433,0.4673,0.1953,True,1,SYNTHETIC_SHOWCASE_ONLY
9001441,1996-11-24,gig_worker,40384.58,24,22239.09,5740.16,17220.48,227,0.5716,0.8103,0,0.7395,0.0,0.2628,0.0,0.1215,0.7918,0.4417,True,0,SYNTHETIC_SHOWCASE_ONLY
9001442,1995-07-26,gig_worker,142868.14,18,28752.35,9994.35,29983.04,193,0.9521,0.9276,1,0.9564,0.0,0.5492,0.0,0.3247,0.9391,0.0643,True,0,SYNTHETIC_SHOWCASE_ONLY
9001443,1997-09-03,gig_worker,236903.56,12,50161.75,19788.36,59365.09,208,0.3443,0.8826,0,0.9219,0.0,0.0976,0.0,0.192,0.677,0.7127,True,1,SYNTHETIC_SHOWCASE_ONLY
9001444,1995-03-02,informal_worker,59118.36,12,23715.95,5033.04,15099.12,75,0.6046,0.5584,1,0.5857,0.0,0.151,0.0,0.2522,0.781,0.4527,True,1,SYNTHETIC_SHOWCASE_ONLY
9001445,1993-09-13,gig_worker,16239.01,18,20104.71,4459.65,13378.95,175,0.4758,0.9059,1,0.8696,0.0,0.3032,0.0,0.0818,0.7803,0.443,True,0,SYNTHETIC_SHOWCASE_ONLY
9001446,1993-03-07,first_time_borrower,107038.1,12,55305.83,15560.01,46680.03,249,0.5245,0.897,0,0.7121,0.0,0.2642,0.0,0.0223,0.6768,0.5792,True,1,SYNTHETIC_SHOWCASE_ONLY
9001447,1997-09-09,gig_worker,122462.91,9,28619.04,8723.88,26171.65,245,0.2794,0.9411,0,0.6569,0.0,0.2616,0.0,0.5325,0.3395,0.8169,True,1,SYNTHETIC_SHOWCASE_ONLY
9001448,1997-10-19,gig_worker,226155.86,18,47275.06,11625.76,34877.28,55,0.7799,0.5653,2,0.9472,0.0,0.3444,0.0,0.4424,0.6105,0.2336,True,1,SYNTHETIC_SHOWCASE_ONLY
9001449,1996-09-11,first_time_borrower,85832.97,24,20151.63,4193.06,12579.19,182,0.741,0.6901,1,0.6765,0.0,0.2115,0.0,0.3037,0.8767,0.2105,True,0,SYNTHETIC_SHOWCASE_ONLY
9001450,1993-07-08,gig_worker,129021.53,6,55004.12,14001.66,42004.98,125,0.8533,0.9291,1,0.7448,0.0,0.1697,0.0,0.0365,0.5965,0.0,True,1,SYNTHETIC_SHOWCASE_ONLY
9001451,1994-06-21,small_merchant,27100.91,18,31929.99,8263.83,24791.5,204,0.9305,0.915,0,0.8009,117903.86,0.9388,29862.31,0.7478,0.6978,0.087,True,0,SYNTHETIC_SHOWCASE_ONLY
9001452,1993-03-17,first_time_borrower,99263.44,18,34498.04,8164.37,24493.11,189,0.8638,0.8709,3,0.7686,0.0,0.245,0.0,0.2116,0.5651,0.0713,True,0,SYNTHETIC_SHOWCASE_ONLY
9001453,1993-04-04,first_time_borrower,67290.34,12,29826.18,5704.25,17112.76,137,0.8954,0.883,0,0.446,0.0,0.3749,0.0,0.2012,0.5308,0.0692,True,0,SYNTHETIC_SHOWCASE_ONLY
9001454,1994-03-26,informal_worker,25066.95,12,21967.77,6922.54,20767.61,133,0.6796,0.7773,3,0.8982,0.0,0.173,0.0,0.1762,0.7393,0.2948,True,0,SYNTHETIC_SHOWCASE_ONLY
9001455,1995-11-11,gig_worker,29817.04,12,27977.39,10521.48,31564.43,32,0.6116,0.7032,0,0.7972,0.0,0.1698,0.0,0.3113,0.6255,0.3371,True,0,SYNTHETIC_SHOWCASE_ONLY
9001456,1993-04-30,informal_worker,28830.16,12,22640.97,4411.7,13235.09,259,0.8269,0.7406,3,0.6292,0.0,0.0546,0.0,0.1083,0.784,0.1214,True,0,SYNTHETIC_SHOWCASE_ONLY
9001457,1997-12-03,first_time_borrower,66819.45,24,44379.9,10763.14,32289.41,127,0.839,0.8736,0,0.9598,0.0,0.3557,0.0,0.2006,0.5276,0.0469,True,0,SYNTHETIC_SHOWCASE_ONLY
9001458,1995-04-12,first_time_borrower,99481.96,12,25399.69,7693.06,23079.19,56,0.8772,0.597,4,0.9103,0.0,0.3815,0.0,0.1547,0.5603,0.1675,True,1,SYNTHETIC_SHOWCASE_ONLY
9001459,1994-04-27,gig_worker,31119.51,36,13651.93,5481.3,16443.9,46,0.599,0.8922,2,0.8192,0.0,0.1329,0.0,0.2304,0.8554,0.3727,True,0,SYNTHETIC_SHOWCASE_ONLY
9001460,1995-08-01,small_merchant,31542.71,12,12504.41,5090.52,15271.55,68,0.8461,0.9977,0,0.756,29654.86,0.6707,1648.94,0.7125,0.7799,0.1425,True,0,SYNTHETIC_SHOWCASE_ONLY
9001461,1996-12-13,small_merchant,39517.85,24,12223.74,2381.37,7144.11,229,0.4535,0.833,1,0.6859,45667.71,0.8422,12948.07,0.4737,0.8505,0.662,True,1,SYNTHETIC_SHOWCASE_ONLY
9001462,1994-07-25,gig_worker,181736.11,18,37668.74,9952.06,29856.18,160,0.6686,0.8844,0,0.78,0.0,0.3007,0.0,0.1465,0.7956,0.2469,True,0,SYNTHETIC_SHOWCASE_ONLY
9001463,1993-03-28,informal_worker,63290.23,24,16110.68,3236.64,9709.91,242,0.857,0.7912,1,0.4577,0.0,0.546,0.0,0.3872,0.9222,0.1086,True,0,SYNTHETIC_SHOWCASE_ONLY
9001464,1993-04-04,gig_worker,111279.74,24,32338.09,9718.86,29156.58,242,0.7593,0.8924,1,0.7127,0.0,0.4584,0.0,0.1151,0.4341,0.2684,True,0,SYNTHETIC_SHOWCASE_ONLY
9001465,1997-04-05,small_merchant,115787.18,18,29897.06,5739.19,17217.58,122,0.4557,0.9271,1,0.8527,88429.84,0.9443,8967.05,0.5326,0.67,0.5847,True,0,SYNTHETIC_SHOWCASE_ONLY
9001466,1993-07-23,gig_worker,102192.91,18,27143.68,8633.79,25901.37,216,0.5279,0.8638,2,0.9583,0.0,0.3057,0.0,0.0692,0.6869,0.4424,True,1,SYNTHETIC_SHOWCASE_ONLY
9001467,1996-03-06,small_merchant,125690.78,36,34558.0,13020.67,39062.02,85,0.7393,0.8801,0,0.5284,82932.56,0.8394,32127.09,0.4402,0.5543,0.2662,True,0,SYNTHETIC_SHOWCASE_ONLY
9001468,1994-12-04,gig_worker,84111.87,36,30210.52,11939.33,35817.99,256,0.6184,0.8303,0,0.7955,0.0,0.5102,0.0,0.8201,0.8959,0.2085,True,0,SYNTHETIC_SHOWCASE_ONLY
9001469,1996-11-20,small_merchant,23595.12,36,7625.78,1562.2,4686.6,250,0.6712,0.7212,1,0.9198,15961.58,0.6313,2021.39,0.5289,0.3735,0.2495,True,0,SYNTHETIC_SHOWCASE_ONLY
9001470,1993-04-21,gig_worker,63058.45,9,23971.47,9719.26,29157.77,240,0.9608,0.7999,0,0.7835,0.0,0.161,0.0,0.2356,0.416,0.0765,True,0,SYNTHETIC_SHOWCASE_ONLY
9001471,1997-06-28,first_time_borrower,80276.09,6,34338.05,12789.44,38368.32,66,0.7344,0.7171,0,0.8065,0.0,0.1797,0.0,0.5755,0.6491,0.2319,True,1,SYNTHETIC_SHOWCASE_ONLY
9001472,1996-06-28,gig_worker,110225.28,12,61530.95,12415.92,37247.75,198,0.7735,0.5851,2,0.798,0.0,0.1734,0.0,0.225,0.4447,0.2128,True,1,SYNTHETIC_SHOWCASE_ONLY
9001473,1995-04-01,small_merchant,136070.3,24,62909.94,12816.44,38449.31,228,0.8802,0.9275,1,0.6085,158361.93,0.72,37787.25,0.5596,0.7753,0.142,True,0,SYNTHETIC_SHOWCASE_ONLY
9001474,1994-01-14,gig_worker,36175.36,6,14554.38,5474.94,16424.81,208,0.6843,0.8993,0,0.7769,0.0,0.2892,0.0,0.0642,0.4906,0.3533,True,1,SYNTHETIC_SHOWCASE_ONLY
9001475,1997-11-20,gig_worker,74552.74,12,23673.03,6732.63,20197.89,118,0.683,0.4138,1,0.7267,0.0,0.1508,0.0,0.3034,0.8374,0.2622,True,1,SYNTHETIC_SHOWCASE_ONLY
9001476,1994-07-06,gig_worker,36962.08,18,13203.33,3849.68,11549.04,273,0.7777,0.8406,0,0.9252,0.0,0.4514,0.0,0.0488,0.7367,0.1986,True,0,SYNTHETIC_SHOWCASE_ONLY
9001477,1995-06-15,gig_worker,62430.07,12,58075.82,18849.54,56548.63,269,0.8282,0.9299,0,0.7186,0.0,0.3442,0.0,0.1851,0.7414,0.1053,True,0,SYNTHETIC_SHOWCASE_ONLY
9001478,1994-12-21,gig_worker,95425.99,24,45530.18,16431.34,49294.01,62,0.6939,0.7289,4,0.8212,0.0,0.5045,0.0,0.1205,0.6269,0.3169,True,1,SYNTHETIC_SHOWCASE_ONLY
9001479,1994-02-25,small_merchant,74720.02,12,33131.57,9644.11,28932.32,154,0.7496,0.8701,0,0.4808,132771.64,0.6769,23626.6,0.8739,0.9553,0.1429,True,0,SYNTHETIC_SHOWCASE_ONLY
9001480,1995-01-31,informal_worker,112515.36,24,30323.71,12600.05,37800.16,204,0.6251,0.9924,0,0.7871,0.0,0.3224,0.0,0.1148,0.8543,0.4112,True,0,SYNTHETIC_SHOWCASE_ONLY
9001481,1993-10-04,gig_worker,112157.55,12,54320.81,20872.95,62618.84,42,0.6665,0.9822,0,0.8053,0.0,0.219,0.0,0.5685,0.8173,0.2937,True,0,SYNTHETIC_SHOWCASE_ONLY
9001482,1993-01-04,small_merchant,31801.68,18,50080.95,10394.42,31183.26,66,0.8465,0.8695,2,0.6089,201479.5,0.6424,45842.13,0.4849,0.6793,0.1525,True,0,SYNTHETIC_SHOWCASE_ONLY
9001483,1994-06-14,informal_worker,47404.67,18,48816.38,14061.02,42183.05,214,0.9851,0.8707,2,0.7876,0.0,0.3131,0.0,0.3066,0.7134,0.0116,True,0,SYNTHETIC_SHOWCASE_ONLY
9001484,1993-07-24,gig_worker,97154.48,12,34862.47,6787.8,20363.41,223,0.6919,0.944,0,0.3642,0.0,0.1802,0.0,0.3655,0.5225,0.3805,True,0,SYNTHETIC_SHOWCASE_ONLY
9001485,1995-01-28,small_merchant,33845.83,12,23678.68,6057.48,18172.44,159,0.9372,0.8974,0,0.6036,86112.13,0.8559,33956.59,0.5163,0.7983,0.102,True,0,SYNTHETIC_SHOWCASE_ONLY
9001486,1997-04-25,gig_worker,112343.08,24,40464.48,8581.53,25744.6,254,0.6942,0.798,0,0.8439,0.0,0.6002,0.0,0.1779,0.3724,0.2756,True,0,SYNTHETIC_SHOWCASE_ONLY
9001487,1993-10-24,gig_worker,129518.01,18,41425.83,8780.68,26342.05,272,0.6805,0.9165,0,0.7505,0.0,0.433,0.0,0.0917,0.9683,0.3314,True,0,SYNTHETIC_SHOWCASE_ONLY
9001488,1993-01-03,small_merchant,120274.45,6,25551.56,7383.13,22149.38,154,0.6618,0.7515,1,0.9554,66490.91,0.6984,29117.06,0.8527,0.5073,0.2655,True,1,SYNTHETIC_SHOWCASE_ONLY
9001489,1993-07-22,first_time_borrower,82429.59,24,23655.72,5541.07,16623.21,12,0.9501,0.7982,2,0.5102,0.0,0.1331,0.0,0.4821,0.6369,0.0,True,0,SYNTHETIC_SHOWCASE_ONLY
9001490,1995-07-17,first_time_borrower,35532.8,12,48240.31,11394.09,34182.26,91,0.901,0.9474,0,0.7645,0.0,0.4259,0.0,0.2379,0.8399,0.2029,True,0,SYNTHETIC_SHOWCASE_ONLY
9001491,1994-05-17,first_time_borrower,141606.84,18,62238.9,13770.92,41312.77,23,0.7351,0.6294,1,0.8889,0.0,0.1424,0.0,0.3366,0.7798,0.2232,True,1,SYNTHETIC_SHOWCASE_ONLY
9001492,1995-06-13,small_merchant,79944.73,12,19540.6,7341.06,22023.19,36,0.94,0.7243,1,0.6692,28392.79,0.7997,16658.64,0.8912,0.8431,0.0559,True,1,SYNTHETIC_SHOWCASE_ONLY
9001493,1993-02-23,gig_worker,43093.97,18,24674.83,4983.65,14950.95,26,0.4667,0.7084,5,0.8724,0.0,0.1612,0.0,0.4155,0.6903,0.538,True,1,SYNTHETIC_SHOWCASE_ONLY
9001494,1994-09-01,small_merchant,154746.16,6,33137.06,8253.62,24760.86,166,0.4134,0.8503,0,0.6093,125462.53,0.6903,35316.51,0.6039,0.6673,0.6827,True,1,SYNTHETIC_SHOWCASE_ONLY
9001495,1995-01-19,gig_worker,103541.35,12,35366.75,14090.33,42271.0,192,0.6322,0.5927,0,0.9497,0.0,0.2974,0.0,0.4801,0.9383,0.4846,True,1,SYNTHETIC_SHOWCASE_ONLY
9001496,1995-02-27,gig_worker,21937.9,6,21790.38,5753.84,17261.51,144,0.926,0.8771,0,0.8216,0.0,0.4201,0.0,0.2462,0.719,0.0626,True,0,SYNTHETIC_SHOWCASE_ONLY
9001497,1995-10-04,gig_worker,115022.56,12,69151.13,14392.65,43177.95,184,0.7702,0.7445,1,0.9224,0.0,0.4826,0.0,0.3573,0.6251,0.1933,True,0,SYNTHETIC_SHOWCASE_ONLY
9001498,1996-11-26,small_merchant,157305.95,18,34288.51,14235.09,42705.27,190,0.5641,0.8457,1,0.5336,79120.04,0.9121,38996.22,0.4128,0.6772,0.3471,True,1,SYNTHETIC_SHOWCASE_ONLY
9001499,1995-05-04,small_merchant,179318.34,18,36135.24,8200.3,24600.89,243,0.6298,0.8289,0,0.6018,156665.47,0.6695,5199.08,0.821,0.8257,0.3139,True,0,SYNTHETIC_SHOWCASE_ONLY
9001500,1997-03-17,gig_worker,286418.13,6,65135.44,17715.34,53146.02,105,0.7571,0.3936,2,0.8274,0.0,0.2771,0.0,0.3811,0.6213,0.2464,True,1,SYNTHETIC_SHOWCASE_ONLY
9001501,1995-08-26,informal_worker,45389.27,9,22570.75,4241.23,12723.7,136,0.2729,0.6152,2,0.7244,0.0,0.4965,0.0,0.1782,0.9108,0.6393,True,1,SYNTHETIC_SHOWCASE_ONLY
9001502,1994-04-21,small_merchant,106883.9,18,26836.35,5277.2,15831.61,166,0.8145,0.9782,0,0.738,95778.4,0.8411,17931.39,0.637,0.493,0.2359,True,0,SYNTHETIC_SHOWCASE_ONLY
9001503,1994-02-23,first_time_borrower,24207.01,18,15342.24,3055.38,9166.13,104,0.5986,0.9074,0,0.9606,0.0,0.0209,0.0,0.3558,0.632,0.4335,True,0,SYNTHETIC_SHOWCASE_ONLY
9001504,1994-08-12,gig_worker,59077.88,24,25776.84,9572.74,28718.23,78,0.8912,0.734,0,0.643,0.0,0.1771,0.0,0.3758,0.9522,0.0349,True,0,SYNTHETIC_SHOWCASE_ONLY
9001505,1995-12-27,small_merchant,50251.5,12,13701.69,4443.31,13329.94,114,0.8893,0.435,1,0.6708,17136.22,0.7224,5325.53,0.5605,0.8227,0.1038,True,1,SYNTHETIC_SHOWCASE_ONLY
9001506,1994-03-19,gig_worker,194973.15,9,40091.82,12761.01,38283.04,39,0.5669,0.927,1,0.8129,0.0,0.1981,0.0,0.131,0.5903,0.4235,True,1,SYNTHETIC_SHOWCASE_ONLY
9001507,1997-07-28,small_merchant,86747.28,12,34253.99,13507.41,40522.23,119,0.6685,0.7538,0,0.8409,105811.35,0.9321,30233.44,0.8203,0.8904,0.2794,True,0,SYNTHETIC_SHOWCASE_ONLY
9001508,1995-05-27,gig_worker,68187.85,18,24513.19,8560.02,25680.06,30,0.8421,0.692,0,0.9112,0.0,0.4017,0.0,0.2293,0.9755,0.2157,True,0,SYNTHETIC_SHOWCASE_ONLY
9001509,1997-04-26,gig_worker,41857.66,18,26682.32,9509.43,28528.3,64,0.7583,0.8561,2,0.9058,0.0,0.4015,0.0,0.2377,0.7752,0.3403,True,0,SYNTHETIC_SHOWCASE_ONLY
9001510,1996-06-01,informal_worker,95809.37,9,40354.72,13563.84,40691.52,85,0.8946,0.7562,0,0.7469,0.0,0.2385,0.0,0.7081,0.7866,0.1053,True,0,SYNTHETIC_SHOWCASE_ONLY
9001511,1994-09-01,gig_worker,14240.58,6,16232.61,4139.91,12419.73,124,0.8367,0.7674,0,0.8538,0.0,0.2389,0.0,0.6849,0.7321,0.1949,True,0,SYNTHETIC_SHOWCASE_ONLY
9001512,1994-02-21,gig_worker,135198.81,18,30882.98,9093.37,27280.1,154,0.7958,0.9499,0,0.7565,0.0,0.0755,0.0,0.5662,0.6908,0.1576,True,1,SYNTHETIC_SHOWCASE_ONLY
9001513,1996-09-20,first_time_borrower,27525.27,12,39172.27,14578.96,43736.88,119,0.5391,0.8569,1,0.9185,0.0,0.2055,0.0,0.1872,0.5611,0.5777,True,0,SYNTHETIC_SHOWCASE_ONLY
9001514,1994-08-27,gig_worker,42936.84,18,11902.08,2486.47,7459.41,64,0.5045,0.7914,0,0.7513,0.0,0.4845,0.0,0.6388,0.8624,0.4947,True,1,SYNTHETIC_SHOWCASE_ONLY
9001515,1994-03-27,small_merchant,70103.26,12,38899.24,9027.95,27083.84,179,0.3017,0.7509,0,0.6996,126732.14,0.7731,25797.75,0.6965,0.6162,0.8599,True,1,SYNTHETIC_SHOWCASE_ONLY
9001516,1997-08-26,small_merchant,33784.72,12,12536.63,2890.72,8672.16,75,0.7637,0.6855,1,0.928,37949.42,0.6355,18641.8,0.5966,0.6573,0.1973,True,0,SYNTHETIC_SHOWCASE_ONLY
9001517,1995-06-01,gig_worker,48662.24,12,26463.31,6473.89,19421.68,247,0.8702,0.8801,0,0.8115,0.0,0.3275,0.0,0.2108,0.5611,0.1591,True,0,SYNTHETIC_SHOWCASE_ONLY
9001518,1993-03-30,small_merchant,37809.87,36,16019.02,4379.03,13137.09,210,0.8861,0.7673,1,0.7073,26293.62,0.445,21440.63,0.535,0.8835,0.0864,True,0,SYNTHETIC_SHOWCASE_ONLY
9001519,1995-06-23,gig_worker,167294.24,6,55656.72,10894.33,32682.98,110,0.5801,0.8423,2,0.8544,0.0,0.1113,0.0,0.2087,0.7709,0.4004,True,1,SYNTHETIC_SHOWCASE_ONLY
9001520,1995-04-22,informal_worker,54949.07,9,16067.3,6273.66,18820.99,210,0.8495,0.9687,0,0.7902,0.0,0.2909,0.0,0.4284,0.6177,0.2012,True,0,SYNTHETIC_SHOWCASE_ONLY
9001521,1997-04-27,gig_worker,60073.7,24,12681.11,4087.15,12261.45,70,0.6994,0.9512,0,0.7661,0.0,0.2041,0.0,0.1849,0.6483,0.2903,True,1,SYNTHETIC_SHOWCASE_ONLY
9001522,1996-07-23,gig_worker,61543.03,9,29850.86,9539.64,28618.92,237,0.9346,0.931,0,0.8783,0.0,0.046,0.0,0.1319,0.7672,0.1438,True,0,SYNTHETIC_SHOWCASE_ONLY
9001523,1993-12-16,small_merchant,72851.43,12,22957.1,6011.48,18034.45,160,0.7469,0.8645,0,0.7342,95368.95,0.9934,20225.3,0.8045,0.8617,0.2862,True,0,SYNTHETIC_SHOWCASE_ONLY
9001524,1993-10-02,first_time_borrower,62114.35,12,13598.97,5185.8,15557.39,53,0.5133,0.983,0,0.7976,0.0,0.2797,0.0,0.2715,0.6747,0.4743,True,1,SYNTHETIC_SHOWCASE_ONLY
9001525,1996-01-08,informal_worker,67645.52,24,36038.79,7779.12,23337.35,113,0.8611,0.6438,2,0.8896,0.0,0.3382,0.0,0.5085,0.7175,0.209,True,0,SYNTHETIC_SHOWCASE_ONLY
9001526,1993-03-28,first_time_borrower,47432.24,12,10764.84,2732.71,8198.13,204,0.9182,0.9018,0,0.6453,0.0,0.872,0.0,0.2489,0.7507,0.0558,True,0,SYNTHETIC_SHOWCASE_ONLY
9001527,1994-08-06,informal_worker,81955.78,24,17027.15,3609.73,10829.19,277,0.554,0.8609,0,0.7755,0.0,0.1149,0.0,0.2347,0.9286,0.4644,True,1,SYNTHETIC_SHOWCASE_ONLY
9001528,1993-09-10,informal_worker,91967.01,24,21244.54,5267.37,15802.1,223,0.7436,0.8441,0,0.8265,0.0,0.4235,0.0,0.1361,0.8383,0.2047,True,0,SYNTHETIC_SHOWCASE_ONLY
9001529,1993-02-07,small_merchant,127874.99,18,41151.95,13167.75,39503.25,226,0.7196,0.4538,1,0.9462,129038.25,0.9471,4262.92,0.581,0.6695,0.3663,True,1,SYNTHETIC_SHOWCASE_ONLY
9001530,1997-08-05,first_time_borrower,196967.95,12,52145.05,18993.57,56980.71,208,0.8316,0.8655,0,0.5843,0.0,0.5213,0.0,0.0505,0.7489,0.2149,True,0,SYNTHETIC_SHOWCASE_ONLY
9001531,1993-06-14,small_merchant,129147.37,24,47538.5,10616.9,31850.71,120,0.788,0.748,0,0.9231,129235.85,0.609,13886.28,0.7062,0.469,0.2166,True,0,SYNTHETIC_SHOWCASE_ONLY
9001532,1993-01-17,small_merchant,83971.11,24,26013.95,9701.44,29104.32,227,0.7987,0.7232,2,0.7445,67847.31,0.9047,33395.39,0.6455,0.5819,0.173,True,0,SYNTHETIC_SHOWCASE_ONLY
9001533,1997-08-31,informal_worker,42683.63,24,8732.89,2742.53,8227.59,253,0.8731,0.9662,1,0.8816,0.0,0.1701,0.0,0.3092,0.7513,0.1834,True,0,SYNTHETIC_SHOWCASE_ONLY
9001534,1993-12-10,small_merchant,57589.39,6,33778.14,12439.91,37319.74,71,0.618,0.8491,0,0.9821,144856.39,0.5697,12904.47,0.7903,0.6196,0.326,True,0,SYNTHETIC_SHOWCASE_ONLY
9001535,1997-01-31,gig_worker,231815.51,24,56717.34,11227.8,33683.39,167,0.9276,0.6254,1,0.3599,0.0,0.2335,0.0,0.126,0.8415,0.0583,True,0,SYNTHETIC_SHOWCASE_ONLY
9001536,1993-02-27,small_merchant,143135.34,24,50623.91,18446.47,55339.41,203,0.7114,0.8575,0,0.7156,220168.88,0.9782,46641.15,0.7229,0.7258,0.2609,True,0,SYNTHETIC_SHOWCASE_ONLY
9001537,1993-10-08,small_merchant,48193.74,36,34967.53,8152.37,24457.11,138,0.7983,0.9633,0,0.9326,127247.89,0.9366,45597.7,0.5515,0.5111,0.1473,True,0,SYNTHETIC_SHOWCASE_ONLY
9001538,1993-07-22,first_time_borrower,54285.49,12,15819.5,3244.59,9733.76,155,0.6736,0.959,0,0.4138,0.0,0.1553,0.0,0.1903,0.9336,0.3576,True,1,SYNTHETIC_SHOWCASE_ONLY
9001539,1996-07-13,small_merchant,88924.67,24,21759.65,5436.98,16310.93,104,0.6081,0.3256,3,0.9503,84773.33,0.6528,23073.68,0.7182,0.9477,0.4014,True,1,SYNTHETIC_SHOWCASE_ONLY
9001540,1996-02-07,first_time_borrower,219785.47,24,70840.82,26489.26,79467.78,250,0.6933,0.9921,0,0.5093,0.0,0.1214,0.0,0.611,0.6843,0.3989,True,0,SYNTHETIC_SHOWCASE_ONLY
9001541,1995-05-19,small_merchant,60777.88,24,14184.85,4303.28,12909.84,241,0.6168,0.7771,0,0.635,34596.27,0.552,6504.66,0.5933,0.8559,0.402,True,0,SYNTHETIC_SHOWCASE_ONLY
9001542,1994-03-18,informal_worker,35664.39,24,16139.03,4496.27,13488.8,161,0.2526,0.9257,1,0.9403,0.0,0.3533,0.0,0.46,0.6813,0.7227,True,1,SYNTHETIC_SHOWCASE_ONLY
9001543,1993-06-12,gig_worker,203394.94,24,44019.35,12632.58,37897.74,117,0.7346,0.815,0,0.9126,0.0,0.3053,0.0,0.3297,0.6704,0.2635,True,0,SYNTHETIC_SHOWCASE_ONLY
9001544,1995-11-06,first_time_borrower,78600.5,12,22765.54,7041.01,21123.04,275,0.736,0.7221,0,0.6888,0.0,0.2919,0.0,0.124,0.8541,0.266,True,1,SYNTHETIC_SHOWCASE_ONLY
9001545,1994-02-26,small_merchant,65639.89,9,15878.44,5939.58,17818.73,85,0.7476,0.8097,1,0.4995,20375.96,0.9292,8947.99,0.5029,0.3753,0.2398,True,1,SYNTHETIC_SHOWCASE_ONLY
9001546,1995-12-14,gig_worker,105009.15,12,58301.67,18256.89,54770.67,151,0.9541,0.8851,1,0.7945,0.0,0.3693,0.0,0.2131,0.577,0.1428,True,0,SYNTHETIC_SHOWCASE_ONLY
9001547,1996-06-09,gig_worker,89539.15,24,34935.78,9083.99,27251.96,98,0.7496,0.7337,1,0.6247,0.0,0.2481,0.0,0.4119,0.7602,0.1801,True,0,SYNTHETIC_SHOWCASE_ONLY
9001548,1997-04-01,gig_worker,107286.17,9,23311.34,8386.04,25158.11,21,0.8763,0.3045,1,0.6336,0.0,0.4159,0.0,0.3412,0.7949,0.2243,True,1,SYNTHETIC_SHOWCASE_ONLY
9001549,1995-06-22,small_merchant,13310.8,18,16155.05,6411.68,19235.05,265,0.7163,0.7949,0,0.7126,21034.52,0.7484,17806.09,0.6665,0.8412,0.1974,True,0,SYNTHETIC_SHOWCASE_ONLY
9001550,1993-01-09,informal_worker,177863.68,36,74810.61,13978.29,41934.86,177,0.6002,0.8589,0,0.6976,0.0,0.0989,0.0,0.3935,0.9143,0.4723,True,0,SYNTHETIC_SHOWCASE_ONLY
9001551,1994-05-28,first_time_borrower,111617.5,24,27673.29,9046.81,27140.44,256,0.9422,0.8521,2,0.8253,0.0,0.4036,0.0,0.1149,0.833,0.0,True,0,SYNTHETIC_SHOWCASE_ONLY
9001552,1997-04-08,informal_worker,212065.62,18,54757.92,12678.13,38034.39,91,0.4097,0.5319,1,0.7591,0.0,0.1343,0.0,0.5904,0.8705,0.6224,True,0,SYNTHETIC_SHOWCASE_ONLY
9001553,1995-09-01,small_merchant,186917.41,24,42997.79,17790.58,53371.75,224,0.8073,0.9134,1,0.7985,175104.51,0.6145,13617.06,0.7086,0.5296,0.218,True,0,SYNTHETIC_SHOWCASE_ONLY
9001554,1996-02-05,small_merchant,84024.31,9,21805.71,5097.59,15292.76,26,0.9684,0.8958,1,0.7725,59364.99,0.893,12335.98,0.8266,0.6911,0.0082,True,0,SYNTHETIC_SHOWCASE_ONLY
9001555,1995-04-16,first_time_borrower,104350.25,18,21889.19,7166.41,21499.24,204,0.7125,0.977,0,0.7804,0.0,0.4563,0.0,0.1889,0.5693,0.3301,True,0,SYNTHETIC_SHOWCASE_ONLY
9001556,1993-10-25,first_time_borrower,156540.75,18,56060.74,15122.03,45366.1,206,0.9092,0.8363,1,0.8089,0.0,0.2149,0.0,0.3254,0.8803,0.061,True,0,SYNTHETIC_SHOWCASE_ONLY
9001557,1997-06-26,gig_worker,189093.2,24,56498.43,16141.26,48423.78,166,0.6526,0.924,0,0.7544,0.0,0.1412,0.0,0.1416,0.8502,0.406,True,0,SYNTHETIC_SHOWCASE_ONLY
9001558,1996-11-12,first_time_borrower,49246.12,12,11373.49,4516.3,13548.89,44,0.591,0.97,0,0.6749,0.0,0.2916,0.0,0.0958,0.521,0.3865,True,0,SYNTHETIC_SHOWCASE_ONLY
9001559,1997-12-23,small_merchant,134428.38,9,36455.74,7554.62,22663.85,107,0.9715,0.6637,0,0.6224,127959.9,0.4925,54636.3,0.9687,0.7736,0.01,True,1,SYNTHETIC_SHOWCASE_ONLY
9001560,1997-04-12,informal_worker,27713.12,24,26417.36,5037.47,15112.42,191,0.9099,0.9399,0,0.9733,0.0,0.1942,0.0,0.1556,0.7098,0.1216,True,0,SYNTHETIC_SHOWCASE_ONLY
9001561,1994-06-16,first_time_borrower,37764.31,18,17051.01,5888.07,17664.21,229,0.4635,0.894,0,0.7735,0.0,0.337,0.0,0.1531,0.8149,0.5233,True,1,SYNTHETIC_SHOWCASE_ONLY
9001562,1994-04-10,informal_worker,96242.11,24,31748.41,7110.24,21330.71,237,0.5697,0.8388,1,0.963,0.0,0.0019,0.0,0.6448,0.6436,0.3176,True,0,SYNTHETIC_SHOWCASE_ONLY
9001563,1994-03-30,gig_worker,57436.66,18,14649.38,3403.0,10209.01,146,0.8153,0.8399,1,0.7938,0.0,0.2271,0.0,0.2184,0.949,0.0398,True,0,SYNTHETIC_SHOWCASE_ONLY
9001564,1997-08-05,informal_worker,66963.44,24,22383.09,6885.7,20657.1,71,0.9324,0.8979,1,0.8819,0.0,0.4001,0.0,0.653,0.9258,0.0898,True,0,SYNTHETIC_SHOWCASE_ONLY
9001565,1995-10-14,gig_worker,76747.56,18,19085.66,7573.27,22719.82,82,0.9723,0.6714,1,0.4422,0.0,0.2878,0.0,0.2087,0.5819,0.1218,True,1,SYNTHETIC_SHOWCASE_ONLY
9001566,1995-04-10,informal_worker,94399.68,24,22027.79,8549.3,25647.9,211,0.7846,0.74,2,0.7803,0.0,0.2309,0.0,0.3227,0.5517,0.2793,True,1,SYNTHETIC_SHOWCASE_ONLY
9001567,1997-11-04,gig_worker,47795.5,24,27055.62,9813.69,29441.06,229,0.7873,0.8787,0,0.6002,0.0,0.0735,0.0,0.5069,0.6163,0.1631,True,0,SYNTHETIC_SHOWCASE_ONLY
9001568,1996-01-07,informal_worker,56936.24,12,17196.96,4455.06,13365.17,231,0.8784,0.8248,0,0.65,0.0,0.2443,0.0,0.1791,0.7569,0.0871,True,0,SYNTHETIC_SHOWCASE_ONLY
9001569,1997-07-19,first_time_borrower,181797.51,12,59580.63,21141.96,63425.87,66,0.606,0.6411,4,0.7667,0.0,0.0654,0.0,0.1471,0.2556,0.3667,True,1,SYNTHETIC_SHOWCASE_ONLY
9001570,1997-12-03,gig_worker,56775.59,24,35480.4,14776.9,44330.69,123,0.8356,0.7726,0,0.7678,0.0,0.1076,0.0,0.1703,0.539,0.1859,True,0,SYNTHETIC_SHOWCASE_ONLY
9001571,1993-05-26,small_merchant,182578.55,12,66260.55,23183.11,69549.32,85,0.8287,0.577,1,0.7325,297353.3,0.9515,36401.36,0.627,0.8558,0.2974,True,0,SYNTHETIC_SHOWCASE_ONLY
9001572,1994-10-23,informal_worker,78142.56,24,25929.11,7195.18,21585.54,124,0.3586,0.992,0,0.9082,0.0,0.5438,0.0,0.2606,0.7684,0.6572,True,0,SYNTHETIC_SHOWCASE_ONLY
9001573,1996-09-02,small_merchant,90286.45,9,21515.75,8042.56,24127.68,77,0.4855,0.7032,2,0.5142,61758.3,0.8843,9192.63,0.7898,0.8906,0.4437,True,1,SYNTHETIC_SHOWCASE_ONLY
9001574,1997-01-24,gig_worker,171160.47,24,65120.8,21070.3,63210.9,183,0.9585,0.9769,0,0.8409,0.0,0.0277,0.0,0.1245,0.5217,0.0908,True,0,SYNTHETIC_SHOWCASE_ONLY
9001575,1993-09-29,gig_worker,20282.74,12,21215.58,5871.38,17614.14,264,0.9087,0.747,2,0.7569,0.0,0.3442,0.0,0.4476,0.7907,0.1935,True,1,SYNTHETIC_SHOWCASE_ONLY
9001576,1994-08-05,small_merchant,70532.83,18,25703.43,6678.26,20034.79,219,0.6977,0.7044,1,0.8134,71362.36,0.7162,26621.12,0.8431,0.8983,0.2736,True,0,SYNTHETIC_SHOWCASE_ONLY
9001577,1995-09-28,informal_worker,169594.58,18,39560.35,12737.57,38212.7,75,0.9646,0.845,2,0.5466,0.0,0.3025,0.0,0.184,0.6156,0.1089,True,0,SYNTHETIC_SHOWCASE_ONLY
9001578,1996-12-30,small_merchant,48127.38,12,15457.53,5596.32,16788.97,264,0.9409,0.7707,1,0.7572,32078.1,0.8529,11718.52,0.5903,0.5461,0.0,True,0,SYNTHETIC_SHOWCASE_ONLY
9001579,1993-07-26,gig_worker,78907.44,18,39394.49,12119.71,36359.14,12,0.5978,0.9244,0,0.8954,0.0,0.1822,0.0,0.3623,0.5975,0.464,True,0,SYNTHETIC_SHOWCASE_ONLY
9001580,1996-01-02,small_merchant,172356.82,24,37047.88,14276.6,42829.81,216,0.5858,0.9882,0,0.715,142925.66,0.9817,41500.77,0.9338,0.6462,0.2994,True,0,SYNTHETIC_SHOWCASE_ONLY
9001581,1994-06-26,small_merchant,66163.91,24,51494.79,14571.8,43715.4,224,0.8242,0.955,0,0.8882,126315.98,0.9088,34596.48,0.8303,0.4111,0.1542,True,0,SYNTHETIC_SHOWCASE_ONLY
9001582,1994-01-31,gig_worker,87489.89,36,42923.78,8506.28,25518.84,13,0.5146,0.9308,0,0.8399,0.0,0.2294,0.0,0.2249,0.4514,0.4929,True,0,SYNTHETIC_SHOWCASE_ONLY
9001583,1995-07-31,informal_worker,131867.6,24,52258.06,17160.55,51481.64,34,0.8425,0.8916,0,0.8095,0.0,0.3456,0.0,0.7133,0.6551,0.2579,True,0,SYNTHETIC_SHOWCASE_ONLY
9001584,1995-01-27,small_merchant,102158.17,18,26554.57,4981.98,14945.94,66,0.9506,0.7513,0,0.7541,114516.13,0.6209,25189.65,0.8554,0.7356,0.0209,True,0,SYNTHETIC_SHOWCASE_ONLY
9001585,1996-03-06,small_merchant,79157.65,18,18506.51,7248.82,21746.45,266,0.7028,0.8536,4,0.7598,41623.99,0.8985,24630.24,0.4375,0.639,0.2749,True,1,SYNTHETIC_SHOWCASE_ONLY
9001586,1994-08-04,first_time_borrower,66119.06,36,77091.85,30628.07,91884.21,218,0.5456,0.8609,0,0.8104,0.0,0.2035,0.0,0.1027,0.7277,0.459,True,0,SYNTHETIC_SHOWCASE_ONLY
9001587,1997-02-12,small_merchant,54965.29,18,13455.54,3633.36,10900.07,144,0.6618,0.9078,0,0.7029,56626.25,0.7887,16478.57,0.4419,0.7031,0.2093,True,0,SYNTHETIC_SHOWCASE_ONLY
9001588,1993-05-23,informal_worker,53230.92,12,14118.39,5853.17,17559.51,12,0.7872,0.7277,0,0.6342,0.0,0.0351,0.0,0.2677,0.328,0.2817,True,0,SYNTHETIC_SHOWCASE_ONLY
9001589,1997-04-23,gig_worker,166603.24,24,36725.3,7874.06,23622.18,222,0.453,0.5941,2,0.8754,0.0,0.3776,0.0,0.291,0.7339,0.6022,True,1,SYNTHETIC_SHOWCASE_ONLY
9001590,1993-02-24,gig_worker,278647.57,36,61080.81,14427.53,43282.59,12,0.7078,0.8532,0,0.8329,0.0,0.064,0.0,0.446,0.6324,0.292,True,0,SYNTHETIC_SHOWCASE_ONLY
9001591,1996-09-05,gig_worker,123315.67,12,30667.05,6444.46,19333.39,73,0.8781,0.8051,3,0.6136,0.0,0.2362,0.0,0.1822,0.8314,0.1566,True,1,SYNTHETIC_SHOWCASE_ONLY
9001592,1994-09-25,informal_worker,64997.75,9,45234.96,12405.19,37215.56,169,0.5589,0.7748,1,0.8208,0.0,0.0602,0.0,0.0121,0.764,0.4521,True,1,SYNTHETIC_SHOWCASE_ONLY
9001593,1994-12-01,first_time_borrower,21281.51,18,10742.62,2960.31,8880.93,45,0.8726,0.9581,0,0.9295,0.0,0.2115,0.0,0.2174,0.5808,0.1868,True,0,SYNTHETIC_SHOWCASE_ONLY
9001594,1993-02-04,gig_worker,103979.19,24,22030.39,6690.67,20072.01,85,0.7642,0.5614,0,0.7255,0.0,0.1058,0.0,0.1404,0.8109,0.2211,True,0,SYNTHETIC_SHOWCASE_ONLY
9001595,1996-07-06,gig_worker,36811.09,12,11389.7,2927.41,8782.23,176,0.7455,0.7807,1,0.9317,0.0,0.3348,0.0,0.4216,0.8233,0.2696,True,0,SYNTHETIC_SHOWCASE_ONLY
9001596,1993-10-30,small_merchant,120970.65,24,40723.36,8209.63,24628.89,254,0.9827,0.8906,0,0.5889,159940.88,0.9047,60403.02,0.4563,0.5477,0.0414,True,0,SYNTHETIC_SHOWCASE_ONLY
9001597,1996-04-18,informal_worker,61676.35,18,13323.55,3367.8,10103.4,252,0.9025,0.7035,2,0.4355,0.0,0.3377,0.0,0.1093,0.6093,0.1435,True,1,SYNTHETIC_SHOWCASE_ONLY
9001598,1996-08-17,informal_worker,67421.42,12,15162.9,6280.47,18841.42,67,0.8883,0.7765,0,0.6012,0.0,0.0443,0.0,0.0847,0.3559,0.0,True,0,SYNTHETIC_SHOWCASE_ONLY
9001599,1997-03-24,informal_worker,136209.8,18,35835.41,10525.34,31576.01,202,0.4027,0.9485,0,0.7696,0.0,0.2079,0.0,0.673,0.6353,0.5635,True,1,SYNTHETIC_SHOWCASE_ONLY
9001600,1996-07-16,first_time_borrower,208915.43,12,46613.03,8872.67,26618.01,72,0.6688,0.7438,0,0.5728,0.0,0.2505,0.0,0.1591,0.7732,0.3823,True,1,SYNTHETIC_SHOWCASE_ONLY
9001601,1994-07-05,gig_worker,28559.91,24,25942.95,7102.64,21307.91,206,0.5559,0.7297,0,0.5907,0.0,0.3111,0.0,0.2652,0.683,0.4436,True,1,SYNTHETIC_SHOWCASE_ONLY
9001602,1996-09-10,informal_worker,144797.9,6,36814.34,7959.59,23878.76,27,0.3317,0.6009,0,0.7453,0.0,0.5268,0.0,0.0888,0.6269,0.6762,True,1,SYNTHETIC_SHOWCASE_ONLY
9001603,1997-02-17,small_merchant,175752.64,24,36246.5,10681.86,32045.59,53,0.7315,0.8436,0,0.7832,123036.2,0.7307,13347.34,0.5551,0.5808,0.2618,True,1,SYNTHETIC_SHOWCASE_ONLY
9001604,1994-08-03,small_merchant,20590.78,12,25249.33,9688.75,29066.25,97,0.784,0.8743,0,0.9082,82771.33,0.9258,11829.17,0.6724,0.6745,0.2516,True,0,SYNTHETIC_SHOWCASE_ONLY
9001605,1993-08-15,first_time_borrower,26181.6,36,16555.96,5249.89,15749.68,40,0.3259,0.8763,0,0.6639,0.0,0.126,0.0,0.0996,0.8668,0.6187,True,1,SYNTHETIC_SHOWCASE_ONLY
9001606,1997-06-14,gig_worker,150316.52,24,36721.13,11293.36,33880.08,240,0.7036,0.9425,0,0.6911,0.0,0.2244,0.0,0.2081,0.9009,0.3586,True,0,SYNTHETIC_SHOWCASE_ONLY
9001607,1993-09-28,informal_worker,108540.84,12,37580.69,10951.38,32854.13,186,0.8359,0.9261,1,0.6731,0.0,0.0764,0.0,0.0543,0.9428,0.1258,True,0,SYNTHETIC_SHOWCASE_ONLY
9001608,1995-12-21,informal_worker,42193.94,36,43005.85,17740.33,53220.99,66,0.4657,0.6586,2,0.9677,0.0,0.3863,0.0,0.4058,0.8109,0.5459,True,1,SYNTHETIC_SHOWCASE_ONLY
9001609,1994-03-08,first_time_borrower,57861.74,18,32524.59,13021.49,39064.46,43,0.7936,0.8625,1,0.5223,0.0,0.506,0.0,0.2089,0.815,0.1291,True,0,SYNTHETIC_SHOWCASE_ONLY
9001610,1993-08-19,small_merchant,32372.85,18,15979.79,6413.89,19241.66,225,0.695,0.941,0,0.8553,69758.7,0.9165,1289.35,0.4949,0.6064,0.281,True,0,SYNTHETIC_SHOWCASE_ONLY
9001611,1996-11-18,small_merchant,78494.85,36,39000.24,8529.8,25589.39,26,0.6262,0.9816,0,0.8656,150469.78,0.8433,14406.18,0.6725,0.4717,0.4673,True,0,SYNTHETIC_SHOWCASE_ONLY
9001612,1993-09-20,first_time_borrower,124846.49,36,27981.44,11101.85,33305.56,166,0.4371,0.552,2,0.8807,0.0,0.3077,0.0,0.5308,0.9212,0.5866,True,1,SYNTHETIC_SHOWCASE_ONLY
9001613,1996-05-08,informal_worker,78018.79,24,22208.84,8197.39,24592.18,68,0.6789,0.8399,1,0.8905,0.0,0.4924,0.0,0.0896,0.6143,0.3158,True,0,SYNTHETIC_SHOWCASE_ONLY
9001614,1996-06-19,small_merchant,93185.58,36,24307.36,6237.37,18712.1,99,0.6371,0.7409,1,0.6234,32165.48,0.8859,20460.75,0.6549,0.5943,0.4957,True,0,SYNTHETIC_SHOWCASE_ONLY
9001615,1993-04-20,informal_worker,13262.28,12,20103.24,5578.45,16735.34,41,0.654,0.8643,1,0.7473,0.0,0.4308,0.0,0.0334,0.6813,0.3237,True,0,SYNTHETIC_SHOWCASE_ONLY
9001616,1993-11-12,gig_worker,106434.79,12,42899.04,11735.89,35207.67,182,0.7319,0.7186,1,0.7364,0.0,0.5015,0.0,0.4794,0.6275,0.2933,True,1,SYNTHETIC_SHOWCASE_ONLY
9001617,1996-12-21,informal_worker,28328.31,6,14175.42,4811.5,14434.49,31,0.7119,0.8093,0,0.6073,0.0,0.1271,0.0,0.1819,0.7833,0.3533,True,1,SYNTHETIC_SHOWCASE_ONLY
9001618,1995-07-16,first_time_borrower,75577.28,12,17380.19,7045.21,21135.63,71,0.7885,0.9038,1,0.8186,0.0,0.2213,0.0,0.1263,0.8738,0.1473,True,0,SYNTHETIC_SHOWCASE_ONLY
9001619,1993-08-10,small_merchant,114708.0,18,23912.31,8697.34,26092.03,185,0.8516,0.8265,2,0.9058,100942.86,0.8826,9936.52,0.557,0.6747,0.0893,True,0,SYNTHETIC_SHOWCASE_ONLY
9001620,1997-12-16,small_merchant,149614.67,12,60752.3,13780.63,41341.9,155,0.781,0.8166,0,0.8875,169653.08,0.7979,69371.1,0.3312,0.5692,0.2434,True,0,SYNTHETIC_SHOWCASE_ONLY
9001621,1994-04-29,first_time_borrower,226717.53,18,46444.55,13930.88,41792.64,218,0.6223,0.7577,0,0.4247,0.0,0.503,0.0,0.2136,0.7547,0.4085,True,0,SYNTHETIC_SHOWCASE_ONLY
9001622,1993-01-08,informal_worker,8447.69,6,12738.14,2697.39,8092.17,24,0.7592,0.7109,0,0.7136,0.0,0.3376,0.0,0.1829,0.6345,0.3092,True,0,SYNTHETIC_SHOWCASE_ONLY
9001623,1997-08-15,first_time_borrower,108901.63,12,53562.6,16487.05,49461.16,133,0.5588,0.9238,0,0.641,0.0,0.3316,0.0,0.571,0.4545,0.4233,True,1,SYNTHETIC_SHOWCASE_ONLY
9001624,1993-01-31,small_merchant,214571.27,24,53513.09,19243.81,57731.44,170,0.7828,0.8803,0,0.7509,74194.98,0.756,60788.16,0.2265,0.6946,0.1403,True,0,SYNTHETIC_SHOWCASE_ONLY
9001625,1995-10-08,first_time_borrower,34814.68,9,15937.59,6390.55,19171.65,116,0.6475,0.758,1,0.9476,0.0,0.1393,0.0,0.2761,0.699,0.2883,True,0,SYNTHETIC_SHOWCASE_ONLY
9001626,1997-12-19,gig_worker,38832.29,24,8347.02,2351.49,7054.47,189,0.4126,0.9511,0,0.7458,0.0,0.4285,0.0,0.072,0.4435,0.621,True,0,SYNTHETIC_SHOWCASE_ONLY
9001627,1995-11-22,small_merchant,42225.4,24,27045.97,10338.03,31014.1,263,0.9537,0.8888,1,0.8081,76225.63,0.8408,20615.14,0.2582,0.6737,0.1627,True,0,SYNTHETIC_SHOWCASE_ONLY
9001628,1995-12-04,small_merchant,196799.0,18,47988.83,12531.47,37594.42,27,0.8591,0.8793,0,0.318,125473.68,0.8133,51059.28,0.3318,0.8398,0.1736,True,0,SYNTHETIC_SHOWCASE_ONLY
9001629,1994-12-10,informal_worker,89398.18,24,60100.02,16202.89,48608.67,207,0.9506,0.8433,2,0.8723,0.0,0.6081,0.0,0.4804,0.3142,0.0895,True,0,SYNTHETIC_SHOWCASE_ONLY
9001630,1993-08-20,first_time_borrower,27047.79,36,18434.2,4291.95,12875.86,125,0.828,0.981,0,0.8698,0.0,0.0764,0.0,0.5883,0.4468,0.1618,True,0,SYNTHETIC_SHOWCASE_ONLY
9001631,1995-11-12,informal_worker,166279.2,6,64919.92,12409.58,37228.75,156,0.6475,0.7958,0,0.7411,0.0,0.0722,0.0,0.1883,0.7803,0.2952,True,1,SYNTHETIC_SHOWCASE_ONLY
9001632,1997-06-27,informal_worker,45721.54,18,9609.93,2440.25,7320.74,91,0.7407,0.8489,0,0.9535,0.0,0.249,0.0,0.5338,0.8428,0.2597,True,1,SYNTHETIC_SHOWCASE_ONLY
9001633,1993-06-16,small_merchant,74527.14,12,23465.71,5678.08,17034.23,194,0.6748,0.9186,0,0.241,47794.79,0.8696,24888.64,0.8938,0.7993,0.3326,True,1,SYNTHETIC_SHOWCASE_ONLY
9001634,1997-05-27,small_merchant,77788.62,12,22918.48,8143.33,24430.0,210,0.9057,0.7318,1,0.6722,41166.63,0.8756,7050.28,0.5255,0.7129,0.0618,True,0,SYNTHETIC_SHOWCASE_ONLY
9001635,1995-01-28,small_merchant,31294.48,18,48682.82,11981.49,35944.46,235,0.6429,0.6915,0,0.6895,81902.07,0.9174,46498.0,0.3349,0.4472,0.3867,True,0,SYNTHETIC_SHOWCASE_ONLY
9001636,1995-09-07,gig_worker,44337.0,24,52216.04,16039.54,48118.63,17,0.724,0.7415,3,0.5761,0.0,0.2662,0.0,0.1685,0.6627,0.3553,True,1,SYNTHETIC_SHOWCASE_ONLY
9001637,1993-10-30,small_merchant,39596.96,24,44266.66,14385.37,43156.11,78,0.7918,0.8431,0,0.8297,55875.65,0.845,51752.7,0.5426,0.8833,0.2236,True,0,SYNTHETIC_SHOWCASE_ONLY
9001638,1996-02-10,first_time_borrower,61593.34,24,14642.68,2726.11,8178.34,175,0.735,0.9794,0,0.742,0.0,0.4118,0.0,0.2671,0.5894,0.3543,True,0,SYNTHETIC_SHOWCASE_ONLY
9001639,1993-11-29,informal_worker,69565.42,24,42362.42,8172.14,24516.42,192,0.707,0.714,1,0.8662,0.0,0.1805,0.0,0.4763,0.9012,0.2484,True,0,SYNTHETIC_SHOWCASE_ONLY
9001640,1994-05-14,informal_worker,73175.84,18,35749.8,10592.24,31776.71,220,0.4141,0.8219,1,0.7443,0.0,0.1536,0.0,0.4045,0.825,0.5423,True,1,SYNTHETIC_SHOWCASE_ONLY
9001641,1996-08-10,small_merchant,41223.6,9,12553.66,3011.96,9035.89,40,0.7429,0.6843,0,0.5955,45485.98,0.9282,2447.39,0.571,0.6141,0.3777,True,1,SYNTHETIC_SHOWCASE_ONLY
9001642,1993-04-03,small_merchant,32903.53,6,10381.63,2100.43,6301.28,107,0.5084,0.8953,0,0.7661,30018.38,0.8737,4611.34,0.6352,0.6645,0.5828,True,1,SYNTHETIC_SHOWCASE_ONLY
9001643,1995-03-28,gig_worker,110890.37,18,46082.78,19134.98,57404.93,124,0.5292,0.8234,2,0.7949,0.0,0.1361,0.0,0.1649,0.3973,0.5921,True,1,SYNTHETIC_SHOWCASE_ONLY
9001644,1995-12-22,small_merchant,15894.59,24,25681.14,10494.86,31484.58,270,0.5289,0.8692,1,0.8305,32217.41,0.6661,27110.08,0.4596,0.3416,0.3405,True,0,SYNTHETIC_SHOWCASE_ONLY
9001645,1993-08-30,small_merchant,38955.83,9,15109.4,3882.75,11648.24,73,0.4503,0.8156,0,0.5661,46555.44,0.7073,16112.8,0.6653,0.3433,0.5477,True,1,SYNTHETIC_SHOWCASE_ONLY
9001646,1994-06-23,gig_worker,97576.48,12,25337.41,8049.42,24148.25,235,0.851,0.7082,4,0.8094,0.0,0.7255,0.0,0.1533,0.7841,0.1817,True,1,SYNTHETIC_SHOWCASE_ONLY
9001647,1994-09-20,gig_worker,54522.83,12,33346.21,6421.04,19263.12,24,0.7115,0.7328,3,0.6375,0.0,0.2409,0.0,0.4664,0.4586,0.2299,True,0,SYNTHETIC_SHOWCASE_ONLY
9001648,1996-04-26,informal_worker,100012.22,18,26908.33,10968.9,32906.7,209,0.8519,0.7696,0,0.8224,0.0,0.3468,0.0,0.1405,0.5732,0.0413,True,0,SYNTHETIC_SHOWCASE_ONLY
9001649,1997-11-19,small_merchant,8862.2,12,13293.18,3614.29,10842.88,127,0.3827,0.9071,0,0.9489,52016.39,0.9325,6877.36,0.3396,0.7727,0.7378,True,1,SYNTHETIC_SHOWCASE_ONLY
9001650,1997-03-07,small_merchant,300000.0,12,69218.75,17432.3,52296.89,176,0.7163,0.6063,0,0.8442,146852.09,0.8702,64408.15,0.6641,0.5148,0.2209,True,1,SYNTHETIC_SHOWCASE_ONLY
9001651,1993-12-13,gig_worker,216741.58,6,45341.79,15048.15,45144.46,106,0.5928,0.9765,0,0.7373,0.0,0.1401,0.0,0.4227,0.7319,0.3982,True,1,SYNTHETIC_SHOWCASE_ONLY
9001652,1993-02-03,small_merchant,14560.14,12,23836.63,9018.73,27056.2,128,0.6969,0.8198,1,0.5885,63964.14,0.9593,33852.57,0.526,0.7264,0.1957,True,1,SYNTHETIC_SHOWCASE_ONLY
9001653,1993-04-05,small_merchant,63535.2,18,24302.01,9496.0,28487.99,128,0.703,0.8064,1,0.7119,36933.52,0.685,35716.94,0.3764,0.8032,0.245,True,0,SYNTHETIC_SHOWCASE_ONLY
9001654,1995-12-24,small_merchant,80548.81,36,33273.41,8135.4,24406.21,173,0.7006,0.8112,0,0.9027,147211.83,0.7671,44396.06,0.6476,0.4276,0.1164,True,0,SYNTHETIC_SHOWCASE_ONLY
9001655,1993-10-13,informal_worker,70077.21,12,16280.8,3243.98,9731.93,41,0.6404,0.7229,0,0.6978,0.0,0.0692,0.0,0.1762,0.6866,0.4675,True,1,SYNTHETIC_SHOWCASE_ONLY
9001656,1994-02-27,gig_worker,97391.18,18,32690.65,11037.75,33113.26,114,0.7845,0.9198,0,0.7993,0.0,0.1976,0.0,0.314,0.9329,0.2729,True,0,SYNTHETIC_SHOWCASE_ONLY
9001657,1997-03-28,first_time_borrower,48634.98,18,14782.63,3856.73,11570.2,207,0.8897,0.9418,0,0.704,0.0,0.4782,0.0,0.1052,0.8767,0.2048,True,0,SYNTHETIC_SHOWCASE_ONLY
9001658,1997-05-15,gig_worker,40358.94,18,27067.89,6935.46,20806.39,137,0.8493,0.8057,0,0.8303,0.0,0.0757,0.0,0.2506,0.6627,0.2139,True,0,SYNTHETIC_SHOWCASE_ONLY
9001659,1997-03-13,small_merchant,15005.85,12,15979.24,3004.37,9013.12,54,0.5491,0.9311,0,0.9715,43070.21,0.9439,8580.18,0.4981,0.6514,0.5238,True,0,SYNTHETIC_SHOWCASE_ONLY
9001660,1994-04-09,gig_worker,59693.63,9,16371.21,6109.38,18328.14,253,0.8203,0.7114,3,0.6091,0.0,0.2152,0.0,0.2004,0.7643,0.1966,True,1,SYNTHETIC_SHOWCASE_ONLY
9001661,1996-02-06,small_merchant,205493.87,36,61691.82,19300.71,57902.14,238,0.6245,0.6959,4,0.9394,248841.66,0.8351,41607.05,0.8087,0.4111,0.2806,True,1,SYNTHETIC_SHOWCASE_ONLY
9001662,1996-01-21,gig_worker,122784.32,36,28807.42,8400.73,25202.2,117,0.865,0.5998,2,0.4833,0.0,0.5504,0.0,0.0391,0.6419,0.321,True,0,SYNTHETIC_SHOWCASE_ONLY
9001663,1993-12-05,first_time_borrower,133517.07,12,30931.02,10886.45,32659.35,176,0.9109,0.7607,2,0.8601,0.0,0.2813,0.0,0.2341,0.7007,0.058,True,0,SYNTHETIC_SHOWCASE_ONLY
9001664,1995-10-08,small_merchant,36002.85,18,10662.6,4113.86,12341.58,182,0.8123,0.7279,0,0.7321,17654.67,0.4856,15676.81,0.8268,0.5643,0.0815,True,1,SYNTHETIC_SHOWCASE_ONLY
9001665,1995-08-18,informal_worker,62414.53,6,21023.56,8570.19,25710.58,92,0.8616,0.8868,1,0.7626,0.0,0.3039,0.0,0.0989,0.8145,0.2299,True,1,SYNTHETIC_SHOWCASE_ONLY
9001666,1994-12-25,gig_worker,161472.55,6,34938.39,13692.63,41077.88,195,0.8858,0.7129,2,0.6527,0.0,0.4141,0.0,0.5043,0.7826,0.2488,True,1,SYNTHETIC_SHOWCASE_ONLY
9001667,1996-10-04,gig_worker,126797.61,6,30734.63,10201.48,30604.43,178,0.7299,0.9462,0,0.9136,0.0,0.3733,0.0,0.36,0.5564,0.2616,True,1,SYNTHETIC_SHOWCASE_ONLY
9001668,1996-05-22,small_merchant,44633.69,24,9956.94,3525.57,10576.72,38,0.4332,0.6198,1,0.9003,40807.78,0.7303,9312.55,0.4719,0.6714,0.5747,True,1,SYNTHETIC_SHOWCASE_ONLY
9001669,1995-08-31,small_merchant,154069.21,12,30927.03,8880.3,26640.91,140,0.7405,0.9312,0,0.8684,117858.69,0.825,29439.88,0.7976,0.3165,0.3598,True,0,SYNTHETIC_SHOWCASE_ONLY
9001670,1996-08-18,small_merchant,79307.23,12,33386.54,11764.09,35292.26,14,0.9108,0.8641,1,0.7964,80870.97,0.6578,44429.98,0.4223,0.404,0.0595,True,0,SYNTHETIC_SHOWCASE_ONLY
9001671,1996-10-25,first_time_borrower,194682.25,6,51852.87,19127.33,57382.0,165,0.5837,0.8563,0,0.9144,0.0,0.5835,0.0,0.5175,0.5809,0.3374,True,1,SYNTHETIC_SHOWCASE_ONLY
9001672,1995-11-02,informal_worker,74160.88,6,20444.08,4952.02,14856.07,119,0.4935,0.5214,0,0.8558,0.0,0.178,0.0,0.5452,0.8923,0.5856,True,1,SYNTHETIC_SHOWCASE_ONLY
9001673,1994-05-04,first_time_borrower,13040.57,12,9544.94,2332.1,6996.3,162,0.7243,0.9234,1,0.8594,0.0,0.4131,0.0,0.2668,0.8174,0.2829,True,0,SYNTHETIC_SHOWCASE_ONLY
9001674,1996-10-16,gig_worker,59013.68,18,17352.81,3861.21,11583.63,247,0.8287,0.9001,1,0.798,0.0,0.3467,0.0,0.3352,0.6011,0.2753,True,0,SYNTHETIC_SHOWCASE_ONLY
9001675,1996-08-03,informal_worker,41071.71,18,16537.21,6597.97,19793.91,124,0.8107,0.8539,0,0.6072,0.0,0.4796,0.0,0.2845,0.7435,0.2344,True,0,SYNTHETIC_SHOWCASE_ONLY
9001676,1997-12-01,small_merchant,102996.76,12,39878.0,12615.56,37846.67,238,0.7475,0.905,0,0.9137,80424.72,0.6058,8393.9,0.5354,0.8319,0.2286,True,0,SYNTHETIC_SHOWCASE_ONLY
9001677,1993-10-01,informal_worker,10584.05,12,7600.17,2918.6,8755.81,87,0.6839,0.7761,0,0.8827,0.0,0.59,0.0,0.6004,0.8425,0.3143,True,0,SYNTHETIC_SHOWCASE_ONLY
9001678,1995-02-05,first_time_borrower,87533.12,24,22578.39,8564.4,25693.21,205,0.9555,0.9773,0,0.8021,0.0,0.2575,0.0,0.1945,0.6839,0.0,True,0,SYNTHETIC_SHOWCASE_ONLY
9001679,1997-08-15,informal_worker,203778.62,12,55511.29,17859.2,53577.59,139,0.3335,0.7113,0,0.6702,0.0,0.0984,0.0,0.2262,0.6016,0.6132,True,1,SYNTHETIC_SHOWCASE_ONLY
9001680,1995-07-29,first_time_borrower,82663.83,12,28097.1,9858.42,29575.26,133,0.636,0.5129,1,0.5797,0.0,0.3379,0.0,0.1848,0.7737,0.4102,True,1,SYNTHETIC_SHOWCASE_ONLY
9001681,1997-09-18,informal_worker,55519.88,24,43053.2,9832.95,29498.86,122,0.8617,0.9378,0,0.7411,0.0,0.1816,0.0,0.5265,0.5564,0.1757,True,0,SYNTHETIC_SHOWCASE_ONLY
9001682,1993-01-23,gig_worker,38836.1,24,12732.29,4014.39,12043.17,186,0.8538,0.6405,2,0.7864,0.0,0.1863,0.0,0.2888,0.7968,0.1995,True,0,SYNTHETIC_SHOWCASE_ONLY
9001683,1993-03-06,informal_worker,13504.66,12,12977.92,4650.54,13951.61,88,0.5718,0.8853,0,0.5775,0.0,0.5835,0.0,0.3639,0.5167,0.3696,True,0,SYNTHETIC_SHOWCASE_ONLY
9001684,1996-12-24,small_merchant,116838.49,12,55817.13,13399.61,40198.84,252,0.9028,0.9637,0,0.651,243617.7,0.8933,40948.67,0.5886,0.2725,0.1355,True,0,SYNTHETIC_SHOWCASE_ONLY
9001685,1994-10-17,first_time_borrower,65794.6,9,29393.92,10758.84,32276.52,155,0.6856,0.6503,1,0.8405,0.0,0.4792,0.0,0.0742,0.733,0.3301,True,1,SYNTHETIC_SHOWCASE_ONLY
9001686,1995-08-08,informal_worker,132023.05,6,29422.99,8490.08,25470.23,243,0.6212,0.7639,1,0.9583,0.0,0.1887,0.0,0.3798,0.7341,0.2779,True,1,SYNTHETIC_SHOWCASE_ONLY
9001687,1995-02-21,gig_worker,39755.73,24,16370.67,4695.04,14085.13,89,0.7981,0.8993,0,0.777,0.0,0.0923,0.0,0.1022,0.8231,0.2698,True,0,SYNTHETIC_SHOWCASE_ONLY
9001688,1995-01-15,gig_worker,95018.63,18,29387.8,9054.16,27162.48,14,0.7506,0.9518,0,0.8806,0.0,0.3614,0.0,0.2852,0.8953,0.2581,True,0,SYNTHETIC_SHOWCASE_ONLY
9001689,1997-09-12,gig_worker,71868.64,6,16153.79,4209.2,12627.6,77,0.7787,0.7308,0,0.8138,0.0,0.3819,0.0,0.0581,0.8441,0.3132,True,1,SYNTHETIC_SHOWCASE_ONLY
9001690,1993-06-21,small_merchant,122421.79,9,49496.52,18945.83,56837.49,194,0.8,0.7481,1,0.8785,197724.17,0.7903,43861.27,0.6795,0.5821,0.1699,True,0,SYNTHETIC_SHOWCASE_ONLY
9001691,1996-11-11,gig_worker,300000.0,12,103706.34,38936.95,116810.84,91,0.6932,0.8321,1,0.9085,0.0,0.1234,0.0,0.0913,0.4185,0.265,True,0,SYNTHETIC_SHOWCASE_ONLY
9001692,1997-06-13,informal_worker,42401.17,12,35321.65,10473.06,31419.17,143,0.9239,0.9736,0,0.4236,0.0,0.0832,0.0,0.4225,0.3783,0.0258,True,0,SYNTHETIC_SHOWCASE_ONLY
9001693,1996-04-15,small_merchant,45526.67,18,20644.11,5544.36,16633.09,197,0.6378,0.7878,0,0.7063,34250.31,0.5691,7509.05,0.7109,0.7516,0.3605,True,1,SYNTHETIC_SHOWCASE_ONLY
9001694,1994-12-23,first_time_borrower,8437.69,12,8298.28,2474.95,7424.85,31,0.7009,0.8726,1,0.8175,0.0,0.1972,0.0,0.1146,0.7147,0.3722,True,0,SYNTHETIC_SHOWCASE_ONLY
9001695,1993-10-20,gig_worker,38271.94,24,12474.19,3770.19,11310.56,128,0.4063,0.8323,1,0.4048,0.0,0.2718,0.0,0.1863,0.529,0.7119,True,1,SYNTHETIC_SHOWCASE_ONLY
9001696,1996-05-31,small_merchant,284194.69,24,59059.07,24346.66,73039.97,76,0.8686,0.8507,1,0.5179,148565.57,0.8412,45960.08,0.6515,0.6333,0.0758,True,0,SYNTHETIC_SHOWCASE_ONLY
9001697,1995-05-07,gig_worker,59636.19,36,17084.86,5702.68,17108.03,31,0.4216,0.7558,1,0.7672,0.0,0.3747,0.0,0.1234,0.6371,0.4942,True,1,SYNTHETIC_SHOWCASE_ONLY
9001698,1993-09-30,first_time_borrower,78616.05,24,23434.37,9141.79,27425.36,12,0.6918,0.8801,0,0.8411,0.0,0.2762,0.0,0.3883,0.5755,0.3675,True,0,SYNTHETIC_SHOWCASE_ONLY
9001699,1994-10-19,gig_worker,69946.94,36,38350.25,11723.58,35170.73,137,0.5936,0.8804,1,0.5586,0.0,0.4264,0.0,0.1005,0.7306,0.4554,True,1,SYNTHETIC_SHOWCASE_ONLY
9001700,1997-10-22,gig_worker,267896.28,36,57037.2,13826.03,41478.1,267,0.8994,0.7746,1,0.9047,0.0,0.5867,0.0,0.383,0.9097,0.0802,True,0,SYNTHETIC_SHOWCASE_ONLY
9001701,1994-04-30,gig_worker,68051.16,12,25442.04,9877.43,29632.29,50,0.5837,0.9754,0,0.7663,0.0,0.3502,0.0,0.0994,0.5522,0.4184,True,0,SYNTHETIC_SHOWCASE_ONLY
9001702,1993-11-22,informal_worker,40921.57,12,23056.88,9594.71,28784.13,202,0.8103,0.7955,3,0.6432,0.0,0.2546,0.0,0.0272,0.7222,0.2702,True,1,SYNTHETIC_SHOWCASE_ONLY
9001703,1996-05-30,gig_worker,143328.26,9,28979.32,10355.26,31065.77,15,0.7294,0.9499,0,0.7158,0.0,0.306,0.0,0.5205,0.8158,0.3041,True,1,SYNTHETIC_SHOWCASE_ONLY
9001704,1993-12-31,informal_worker,50999.15,18,20716.66,4201.75,12605.24,190,0.83,0.8753,0,0.9013,0.0,0.3303,0.0,0.5433,0.8473,0.136,True,0,SYNTHETIC_SHOWCASE_ONLY
9001705,1997-08-07,informal_worker,47504.84,24,21258.81,5257.11,15771.32,29,0.5836,0.7266,1,0.5202,0.0,0.4602,0.0,0.0844,0.7527,0.3891,True,0,SYNTHETIC_SHOWCASE_ONLY
9001706,1997-04-18,informal_worker,25721.26,9,34120.79,13990.24,41970.72,134,0.7794,0.6387,6,0.7569,0.0,0.4201,0.0,0.0764,0.7835,0.1773,True,1,SYNTHETIC_SHOWCASE_ONLY
9001707,1997-12-01,gig_worker,42371.75,24,30604.42,11288.63,33865.89,224,0.6106,0.9878,0,0.6394,0.0,0.2023,0.0,0.3992,0.4854,0.3967,True,0,SYNTHETIC_SHOWCASE_ONLY
9001708,1997-07-25,gig_worker,300000.0,24,77896.04,26018.48,78055.43,198,0.4982,0.9825,0,0.9076,0.0,0.5579,0.0,0.2352,0.9529,0.3861,True,0,SYNTHETIC_SHOWCASE_ONLY
9001709,1994-03-22,small_merchant,94151.14,18,34565.36,10786.64,32359.93,223,0.797,0.449,1,0.8648,86795.88,0.7312,9626.99,0.4162,0.5932,0.1755,True,0,SYNTHETIC_SHOWCASE_ONLY
9001710,1994-01-23,gig_worker,233614.44,12,48654.99,18984.61,56953.82,83,0.8296,0.7168,0,0.5547,0.0,0.2928,0.0,0.5398,0.5531,0.1869,True,1,SYNTHETIC_SHOWCASE_ONLY
9001711,1994-09-18,informal_worker,16225.72,9,16743.12,4708.51,14125.53,92,0.7195,0.8844,0,0.8771,0.0,0.3796,0.0,0.2714,0.4219,0.2914,True,0,SYNTHETIC_SHOWCASE_ONLY
9001712,1995-05-08,small_merchant,119256.17,18,36027.41,9533.85,28601.56,59,0.6777,0.7677,0,0.524,147184.83,0.54,35411.3,0.5925,0.5346,0.3295,True,0,SYNTHETIC_SHOWCASE_ONLY
9001713,1997-05-26,small_merchant,74567.09,9,19789.93,5645.07,16935.2,137,0.7191,0.8803,0,0.7238,49276.89,0.8474,22885.19,0.3344,0.6614,0.33,True,1,SYNTHETIC_SHOWCASE_ONLY
9001714,1996-09-01,gig_worker,112838.39,18,33852.81,10466.39,31399.18,245,0.6341,0.9801,0,0.525,0.0,0.1052,0.0,0.1862,0.6193,0.4378,True,0,SYNTHETIC_SHOWCASE_ONLY
9001715,1996-03-22,small_merchant,114227.55,12,38966.08,11592.1,34776.3,60,0.8856,0.9319,1,0.6744,163018.66,0.7368,50648.32,0.4431,0.6934,0.0,True,0,SYNTHETIC_SHOWCASE_ONLY
9001716,1997-05-23,gig_worker,90179.35,12,28678.32,10852.26,32556.77,217,0.733,0.8517,0,0.5892,0.0,0.3797,0.0,0.1639,0.4153,0.1714,True,0,SYNTHETIC_SHOWCASE_ONLY
9001717,1996-03-25,informal_worker,300000.0,12,88918.56,32330.41,96991.24,214,0.6243,0.7327,1,0.8763,0.0,0.6707,0.0,0.1485,0.7041,0.3604,True,1,SYNTHETIC_SHOWCASE_ONLY
9001718,1994-11-24,gig_worker,244414.72,18,55569.52,11295.42,33886.26,257,0.4031,0.8167,1,0.7198,0.0,0.1493,0.0,0.2269,0.7273,0.6624,True,1,SYNTHETIC_SHOWCASE_ONLY
9001719,1995-01-25,first_time_borrower,102474.09,12,49268.37,17642.84,52928.51,192,0.6627,0.8246,0,0.8338,0.0,0.0797,0.0,0.2564,0.5288,0.3373,True,0,SYNTHETIC_SHOWCASE_ONLY
9001720,1995-08-03,informal_worker,105972.7,36,40409.38,7973.69,23921.06,148,0.8325,0.9287,0,0.9446,0.0,0.0797,0.0,0.1427,0.7526,0.0426,True,0,SYNTHETIC_SHOWCASE_ONLY
9001721,1993-06-12,gig_worker,221806.5,6,65275.56,21533.25,64599.76,144,0.6564,0.8966,1,0.7795,0.0,0.2287,0.0,0.2756,0.6288,0.3501,True,1,SYNTHETIC_SHOWCASE_ONLY
9001722,1996-09-16,gig_worker,27850.29,36,14047.71,2931.11,8793.33,169,0.5378,0.7472,1,0.7028,0.0,0.1789,0.0,0.2575,0.8627,0.4666,True,0,SYNTHETIC_SHOWCASE_ONLY
9001723,1996-04-06,small_merchant,74950.45,6,54051.67,12409.82,37229.47,31,0.8274,0.7653,1,0.7684,202209.79,0.8601,30621.12,0.6734,0.817,0.1747,True,0,SYNTHETIC_SHOWCASE_ONLY
9001724,1996-08-28,gig_worker,84404.57,12,17398.9,6652.22,19956.67,58,0.6439,0.6871,2,0.8167,0.0,0.4134,0.0,0.2482,0.6887,0.3784,True,1,SYNTHETIC_SHOWCASE_ONLY
9001725,1995-09-02,gig_worker,31111.23,36,21355.77,4382.47,13147.41,160,0.964,0.4276,3,0.8055,0.0,0.1792,0.0,0.0895,0.4098,0.0,True,0,SYNTHETIC_SHOWCASE_ONLY
9001726,1996-11-30,first_time_borrower,59535.98,24,36659.51,10494.23,31482.7,177,0.8507,0.8879,1,0.7524,0.0,0.2615,0.0,0.4428,0.5574,0.1373,True,0,SYNTHETIC_SHOWCASE_ONLY
9001727,1997-10-01,informal_worker,168137.66,18,50610.05,17796.3,53388.9,159,0.8289,0.9165,0,0.7882,0.0,0.0473,0.0,0.0269,0.5977,0.2426,True,0,SYNTHETIC_SHOWCASE_ONLY
9001728,1995-11-07,gig_worker,15135.75,24,16094.66,5672.08,17016.23,277,0.7457,0.831,1,0.7502,0.0,0.4349,0.0,0.2868,0.8993,0.2176,True,1,SYNTHETIC_SHOWCASE_ONLY
9001729,1995-03-23,small_merchant,16415.85,12,21893.35,5417.34,16252.03,188,0.4692,0.7979,2,0.675,83274.71,0.764,14856.45,0.5664,0.8001,0.5418,True,1,SYNTHETIC_SHOWCASE_ONLY
9001730,1993-07-11,gig_worker,25869.66,24,29342.0,6941.85,20825.56,87,0.9159,0.6504,3,0.7459,0.0,0.4228,0.0,0.5151,0.5362,0.1459,True,0,SYNTHETIC_SHOWCASE_ONLY
9001731,1996-11-22,first_time_borrower,29248.99,9,25604.01,5898.7,17696.09,210,0.5784,0.9035,0,0.8677,0.0,0.4541,0.0,0.248,0.2501,0.448,True,0,SYNTHETIC_SHOWCASE_ONLY
9001732,1997-07-09,gig_worker,104983.84,24,42188.17,17291.26,51873.79,179,0.5156,0.7243,2,0.9506,0.0,0.3656,0.0,0.0934,0.6804,0.4575,True,1,SYNTHETIC_SHOWCASE_ONLY
9001733,1996-07-01,informal_worker,300000.0,36,145685.44,48654.29,145962.86,188,0.7678,0.9745,0,0.9495,0.0,0.1654,0.0,0.1322,0.5521,0.261,True,0,SYNTHETIC_SHOWCASE_ONLY
9001734,1997-04-30,informal_worker,72070.16,24,34242.87,14036.42,42109.27,41,0.8218,0.8853,0,0.8532,0.0,0.0971,0.0,0.279,0.7838,0.1391,True,0,SYNTHETIC_SHOWCASE_ONLY
9001735,1997-04-22,gig_worker,48814.51,24,19674.24,4000.16,12000.49,142,0.4496,0.5747,1,0.8319,0.0,0.337,0.0,0.1693,0.6116,0.5888,True,1,SYNTHETIC_SHOWCASE_ONLY
9001736,1996-12-28,gig_worker,48705.64,18,15027.48,4815.4,14446.21,181,0.9009,0.9336,0,0.7536,0.0,0.2699,0.0,0.2073,0.5585,0.2175,True,0,SYNTHETIC_SHOWCASE_ONLY
9001737,1995-07-08,small_merchant,46215.26,18,23952.74,6852.41,20557.24,149,0.7997,0.9513,1,0.7806,41741.99,0.8484,22652.6,0.6687,0.577,0.2787,True,0,SYNTHETIC_SHOWCASE_ONLY
9001738,1993-07-02,first_time_borrower,44631.56,12,17830.04,6289.58,18868.73,278,0.7363,0.7901,1,0.8972,0.0,0.2628,0.0,0.4513,0.7588,0.2855,True,0,SYNTHETIC_SHOWCASE_ONLY
9001739,1993-01-06,small_merchant,80595.12,24,35044.84,12607.84,37823.52,53,0.6582,0.8739,1,0.6906,114389.95,0.7985,37257.46,0.4812,0.6829,0.2683,True,0,SYNTHETIC_SHOWCASE_ONLY
9001740,1994-01-09,informal_worker,73196.81,18,34784.6,7908.98,23726.94,21,0.6839,0.8126,0,0.8975,0.0,0.2172,0.0,0.4489,0.5947,0.3972,True,0,SYNTHETIC_SHOWCASE_ONLY
9001741,1995-02-27,informal_worker,51762.6,12,22418.44,4383.43,13150.28,184,0.5241,0.7137,0,0.8201,0.0,0.4545,0.0,0.1835,0.6884,0.5716,True,0,SYNTHETIC_SHOWCASE_ONLY
9001742,1996-09-19,first_time_borrower,47112.29,24,72601.31,16299.6,48898.79,73,0.6108,0.8362,0,0.7873,0.0,0.0929,0.0,0.6362,0.7634,0.3835,True,0,SYNTHETIC_SHOWCASE_ONLY
9001743,1995-04-13,small_merchant,88514.51,6,19671.87,5422.58,16267.73,157,0.7065,0.721,3,0.7336,87922.88,0.8675,8103.22,0.5022,0.554,0.3161,True,1,SYNTHETIC_SHOWCASE_ONLY
9001744,1993-02-12,small_merchant,129564.56,24,26439.99,6079.77,18239.32,30,0.521,0.8951,1,0.7153,93425.96,0.8817,20711.93,0.5277,0.4658,0.5091,True,1,SYNTHETIC_SHOWCASE_ONLY
9001745,1994-01-20,informal_worker,167246.09,24,38053.86,8157.9,24473.69,81,0.5459,0.9014,0,0.9032,0.0,0.1362,0.0,0.5762,0.6515,0.4906,True,0,SYNTHETIC_SHOWCASE_ONLY
9001746,1997-11-24,gig_worker,26864.69,12,42965.22,12569.73,37709.18,138,0.6455,0.7453,3,0.476,0.0,0.1156,0.0,0.4666,0.2381,0.388,True,0,SYNTHETIC_SHOWCASE_ONLY
9001747,1997-12-10,first_time_borrower,201828.11,6,51699.14,15919.06,47757.19,212,0.6749,0.8248,2,0.8936,0.0,0.1983,0.0,0.1909,0.5926,0.3757,True,1,SYNTHETIC_SHOWCASE_ONLY
9001748,1994-11-20,gig_worker,107365.79,24,34394.02,10020.4,30061.19,20,0.9009,0.8984,0,0.8124,0.0,0.5177,0.0,0.2691,0.7243,0.0791,True,0,SYNTHETIC_SHOWCASE_ONLY
9001749,1997-01-09,gig_worker,47035.84,12,46369.53,9687.15,29061.44,219,0.6918,0.928,0,0.7039,0.0,0.2059,0.0,0.0726,0.6807,0.1522,True,0,SYNTHETIC_SHOWCASE_ONLY
9001750,1996-08-06,informal_worker,95725.92,36,20347.39,4586.64,13759.91,59,0.4781,0.8379,1,0.6156,0.0,0.3759,0.0,0.324,0.7374,0.4938,True,1,SYNTHETIC_SHOWCASE_ONLY
9001751,1997-08-28,small_merchant,174689.43,6,43505.35,13606.09,40818.26,228,0.9322,0.7772,1,0.8864,124480.59,0.6383,17728.99,0.7311,0.5219,0.0722,True,1,SYNTHETIC_SHOWCASE_ONLY
9001752,1997-06-09,gig_worker,53571.87,12,43227.4,9110.1,27330.3,45,0.8459,0.96,0,0.694,0.0,0.2536,0.0,0.3003,0.8736,0.181,True,0,SYNTHETIC_SHOWCASE_ONLY
9001753,1996-02-23,gig_worker,280247.46,6,57881.05,17572.49,52717.46,59,0.7148,0.941,0,0.2364,0.0,0.5039,0.0,0.0448,0.3012,0.3131,True,1,SYNTHETIC_SHOWCASE_ONLY
9001754,1994-12-22,small_merchant,14522.41,24,12570.53,4079.36,12238.07,208,0.5885,0.797,1,0.7161,31784.49,0.8738,17885.63,0.7789,0.8357,0.3935,True,0,SYNTHETIC_SHOWCASE_ONLY
9001755,1996-02-19,first_time_borrower,47110.48,18,18115.3,5795.83,17387.49,261,0.7847,0.7863,1,0.8422,0.0,0.2818,0.0,0.1828,0.6942,0.117,True,0,SYNTHETIC_SHOWCASE_ONLY
9001756,1994-08-06,gig_worker,54016.34,24,41567.23,10810.73,32432.18,44,0.7219,0.9025,0,0.9235,0.0,0.1343,0.0,0.1851,0.7618,0.2272,True,0,SYNTHETIC_SHOWCASE_ONLY
9001757,1994-09-28,gig_worker,9888.05,36,7842.44,2095.83,6287.5,100,0.6516,0.9374,0,0.6583,0.0,0.0501,0.0,0.3598,0.7117,0.2997,True,0,SYNTHETIC_SHOWCASE_ONLY
9001758,1996-01-17,small_merchant,172270.41,18,35458.66,7275.64,21826.91,114,0.5723,0.9238,0,0.5634,44603.14,0.4987,26960.55,0.6607,0.7476,0.3917,True,1,SYNTHETIC_SHOWCASE_ONLY
9001759,1995-11-10,first_time_borrower,145167.87,12,46567.86,11179.23,33537.69,175,0.9226,0.8921,0,0.7229,0.0,0.7268,0.0,0.103,0.8477,0.0146,True,0,SYNTHETIC_SHOWCASE_ONLY
9001760,1995-11-27,gig_worker,36952.82,9,21232.74,8379.09,25137.27,141,0.3933,0.9741,0,0.5738,0.0,0.5226,0.0,0.2334,0.8452,0.5838,True,1,SYNTHETIC_SHOWCASE_ONLY
9001761,1994-12-04,first_time_borrower,91472.54,24,22776.14,6411.18,19233.54,194,0.4122,0.804,0,0.8177,0.0,0.2302,0.0,0.529,0.7444,0.4904,True,0,SYNTHETIC_SHOWCASE_ONLY
9001762,1995-01-18,first_time_borrower,74422.95,12,16720.22,3097.57,9292.7,230,0.5857,0.6996,2,0.6132,0.0,0.1869,0.0,0.3543,0.4195,0.4138,True,1,SYNTHETIC_SHOWCASE_ONLY
9001763,1993-01-19,gig_worker,101091.71,24,21798.95,4705.41,14116.23,158,0.6766,0.6737,3,0.6625,0.0,0.1969,0.0,0.2829,0.5566,0.2669,True,1,SYNTHETIC_SHOWCASE_ONLY
9001764,1996-01-04,informal_worker,104003.64,24,22104.29,5977.75,17933.24,182,0.703,0.685,1,0.4312,0.0,0.2508,0.0,0.1502,0.6028,0.2371,True,0,SYNTHETIC_SHOWCASE_ONLY
9001765,1995-11-18,informal_worker,92493.17,18,20174.93,4663.32,13989.96,270,0.657,0.9327,0,0.8515,0.0,0.2222,0.0,0.4223,0.5192,0.4117,True,0,SYNTHETIC_SHOWCASE_ONLY
9001766,1997-09-05,small_merchant,67034.89,18,19650.82,7789.03,23367.1,92,0.5629,0.8754,1,0.7635,63448.69,0.6585,15658.61,0.6222,0.713,0.4704,True,1,SYNTHETIC_SHOWCASE_ONLY
9001767,1995-07-10,small_merchant,51796.25,36,24584.65,7846.91,23540.72,162,0.6201,0.9744,0,0.801,75024.7,0.9341,32030.36,0.5838,0.9131,0.3172,True,0,SYNTHETIC_SHOWCASE_ONLY
9001768,1995-05-04,informal_worker,114206.5,24,24442.28,10063.27,30189.82,201,0.7252,0.9273,0,0.7019,0.0,0.1954,0.0,0.042,0.8025,0.3214,True,0,SYNTHETIC_SHOWCASE_ONLY
9001769,1993-05-04,informal_worker,78407.93,24,68840.2,20290.72,60872.17,236,0.5126,0.8887,1,0.6937,0.0,0.2866,0.0,0.3817,0.5374,0.4197,True,0,SYNTHETIC_SHOWCASE_ONLY
9001770,1993-12-26,informal_worker,31115.08,12,23173.18,9210.05,27630.14,92,0.8301,0.8895,0,0.8392,0.0,0.4427,0.0,0.2376,0.7663,0.1902,True,0,SYNTHETIC_SHOWCASE_ONLY
9001771,1994-09-10,first_time_borrower,82865.4,18,33029.35,13206.33,39618.99,246,0.8669,0.938,0,0.677,0.0,0.3875,0.0,0.2404,0.5793,0.0963,True,0,SYNTHETIC_SHOWCASE_ONLY
9001772,1994-11-20,small_merchant,39231.21,12,21227.57,7322.78,21968.35,272,0.6859,0.5868,1,0.6444,86142.9,0.6204,15001.68,0.5615,0.7975,0.2331,True,0,SYNTHETIC_SHOWCASE_ONLY
9001773,1994-10-25,informal_worker,69819.43,36,21098.43,7435.73,22307.18,212,0.7633,0.9873,0,0.6396,0.0,0.4433,0.0,0.5789,0.6491,0.1927,True,0,SYNTHETIC_SHOWCASE_ONLY
9001774,1994-12-21,first_time_borrower,56629.62,18,12355.57,2420.1,7260.31,254,0.4157,0.6627,0,0.6582,0.0,0.2782,0.0,0.4334,0.5312,0.6088,True,1,SYNTHETIC_SHOWCASE_ONLY
9001775,1996-11-05,gig_worker,36356.54,24,13170.09,4593.36,13780.09,162,0.5012,0.9247,0,0.6713,0.0,0.3556,0.0,0.3494,0.4578,0.5748,True,0,SYNTHETIC_SHOWCASE_ONLY
9001776,1993-08-28,gig_worker,47642.52,6,15687.2,5426.32,16278.97,98,0.7665,0.8949,0,0.9052,0.0,0.222,0.0,0.3482,0.4531,0.2302,True,1,SYNTHETIC_SHOWCASE_ONLY
9001777,1994-08-30,small_merchant,75283.96,24,30581.0,10176.92,30530.76,163,0.7593,0.9284,1,0.8785,132170.82,0.8694,21350.31,0.5901,0.2985,0.2783,True,0,SYNTHETIC_SHOWCASE_ONLY
9001778,1993-10-25,first_time_borrower,174284.67,12,46935.2,18339.17,55017.5,190,0.8866,0.7173,2,0.8375,0.0,0.275,0.0,0.4243,0.9766,0.0587,True,1,SYNTHETIC_SHOWCASE_ONLY
9001779,1994-07-17,gig_worker,12388.1,24,11877.02,4088.08,12264.23,32,0.9024,0.712,0,0.6092,0.0,0.3881,0.0,0.2639,0.6992,0.1613,True,0,SYNTHETIC_SHOWCASE_ONLY
9001780,1996-06-04,informal_worker,17507.01,6,21512.79,3944.91,11834.74,122,0.3881,0.841,0,0.8233,0.0,0.1162,0.0,0.2286,0.9236,0.7096,True,1,SYNTHETIC_SHOWCASE_ONLY
9001781,1993-03-27,gig_worker,49714.16,24,14528.28,4500.38,13501.15,139,0.7006,0.853,1,0.642,0.0,0.3205,0.0,0.1267,0.8606,0.3465,True,0,SYNTHETIC_SHOWCASE_ONLY
9001782,1994-09-12,small_merchant,72844.77,18,24664.17,7484.06,22452.19,165,0.5413,0.983,0,0.909,93523.06,0.9617,19693.57,0.5812,0.6989,0.3354,True,0,SYNTHETIC_SHOWCASE_ONLY
9001783,1993-02-13,informal_worker,112264.83,12,46926.09,18511.33,55533.98,109,0.2649,0.6066,1,0.6921,0.0,0.2803,0.0,0.1486,0.9169,0.7015,True,1,SYNTHETIC_SHOWCASE_ONLY
9001784,1997-10-10,gig_worker,46760.59,12,22594.37,6105.24,18315.72,136,0.7659,0.6835,1,0.823,0.0,0.2244,0.0,0.3082,0.5361,0.1941,True,0,SYNTHETIC_SHOWCASE_ONLY
9001785,1996-08-20,first_time_borrower,22659.91,12,27368.6,10102.69,30308.07,117,0.6621,0.85,1,0.8749,0.0,0.1722,0.0,0.2096,0.8334,0.4272,True,1,SYNTHETIC_SHOWCASE_ONLY
9001786,1994-03-21,gig_worker,202371.34,12,56301.1,18555.2,55665.61,205,0.9161,0.8477,0,0.7459,0.0,0.4112,0.0,0.2955,0.437,0.1016,True,0,SYNTHETIC_SHOWCASE_ONLY
9001787,1993-12-28,first_time_borrower,85618.6,9,34882.91,12413.89,37241.68,131,0.989,0.9586,0,0.8034,0.0,0.3359,0.0,0.1164,0.7812,0.0954,True,0,SYNTHETIC_SHOWCASE_ONLY
9001788,1993-06-30,gig_worker,49751.82,12,19440.54,6202.16,18606.47,198,0.8352,0.795,0,0.6463,0.0,0.2745,0.0,0.4724,0.6809,0.0481,True,0,SYNTHETIC_SHOWCASE_ONLY
9001789,1995-05-14,first_time_borrower,136928.82,12,30219.39,8964.77,26894.31,227,0.7415,0.8842,0,0.9134,0.0,0.1811,0.0,0.3114,0.6158,0.3119,True,1,SYNTHETIC_SHOWCASE_ONLY
9001790,1996-10-07,informal_worker,72371.27,12,18821.15,6152.24,18456.71,34,0.5127,0.9046,1,0.8419,0.0,0.4237,0.0,0.2463,0.6419,0.5569,True,1,SYNTHETIC_SHOWCASE_ONLY
9001791,1995-12-03,gig_worker,53638.82,24,34261.97,11335.14,34005.43,120,0.9267,0.848,0,0.778,0.0,0.2305,0.0,0.2018,0.5141,0.2387,True,0,SYNTHETIC_SHOWCASE_ONLY
9001792,1997-05-28,gig_worker,125199.51,12,35858.04,7928.94,23786.83,161,0.6207,0.9751,0,0.85,0.0,0.4719,0.0,0.0297,0.6984,0.3631,True,0,SYNTHETIC_SHOWCASE_ONLY
9001793,1994-09-20,gig_worker,17169.1,9,14526.4,2925.31,8775.93,242,0.5191,0.7923,1,0.7892,0.0,0.2517,0.0,0.4628,0.6752,0.452,True,1,SYNTHETIC_SHOWCASE_ONLY
9001794,1994-05-23,informal_worker,44279.1,24,30455.79,6966.37,20899.11,68,0.9265,0.9307,1,0.9921,0.0,0.213,0.0,0.576,0.762,0.1109,True,0,SYNTHETIC_SHOWCASE_ONLY
9001795,1995-05-23,informal_worker,99033.5,12,26463.58,4863.1,14589.31,52,0.8827,0.8594,0,0.5695,0.0,0.067,0.0,0.3231,0.8726,0.1738,True,0,SYNTHETIC_SHOWCASE_ONLY
9001796,1994-01-05,small_merchant,41964.02,18,36366.56,14912.58,44737.75,119,0.8022,0.9643,0,0.6345,87588.28,0.9253,40143.23,0.3697,0.8334,0.1406,True,0,SYNTHETIC_SHOWCASE_ONLY
9001797,1997-11-17,small_merchant,76487.33,36,41731.29,8363.14,25089.42,63,0.7845,0.6528,1,0.833,57380.16,0.6371,16348.73,0.7838,0.6962,0.2552,True,0,SYNTHETIC_SHOWCASE_ONLY
9001798,1993-12-06,informal_worker,160265.13,24,35211.77,13237.47,39712.42,264,0.8234,0.8329,2,0.8678,0.0,0.3528,0.0,0.0338,0.9304,0.1399,True,0,SYNTHETIC_SHOWCASE_ONLY
9001799,1995-05-25,small_merchant,93165.55,18,24207.72,5913.56,17740.67,95,0.5621,0.7879,0,0.8767,79757.99,0.8958,23685.97,0.5475,0.8368,0.3908,True,0,SYNTHETIC_SHOWCASE_ONLY
9001800,1995-08-12,informal_worker,205522.37,18,43824.93,15047.97,45143.9,100,0.6985,0.906,0,0.9307,0.0,0.2347,0.0,0.027,0.604,0.3136,True,0,SYNTHETIC_SHOWCASE_ONLY
9001801,1993-04-15,small_merchant,82497.86,24,18414.43,4461.81,13385.43,153,0.5508,0.7136,4,0.7433,34923.72,0.7965,17633.15,0.7296,0.5151,0.3945,True,1,SYNTHETIC_SHOWCASE_ONLY
9001802,1995-05-06,informal_worker,29344.33,24,14855.26,5681.27,17043.8,212,0.9574,0.7047,3,0.5376,0.0,0.1414,0.0,0.1025,0.7529,0.0,True,0,SYNTHETIC_SHOWCASE_ONLY
9001803,1995-04-11,first_time_borrower,23677.22,9,7000.0,1917.23,5751.68,260,0.8372,0.8588,0,0.8438,0.0,0.1542,0.0,0.3105,0.3632,0.1691,True,0,SYNTHETIC_SHOWCASE_ONLY
9001804,1994-04-19,small_merchant,61354.48,18,27073.0,9910.92,29732.77,174,0.6366,0.8534,0,0.8615,49878.0,0.7098,28274.97,0.3196,0.7796,0.3238,True,0,SYNTHETIC_SHOWCASE_ONLY
9001805,1993-08-22,gig_worker,69221.17,24,18875.45,6226.37,18679.12,221,0.8335,0.6735,2,0.8183,0.0,0.3267,0.0,0.5394,0.8584,0.0238,True,1,SYNTHETIC_SHOWCASE_ONLY
9001806,1993-03-24,gig_worker,72295.0,24,33890.23,10184.02,30552.07,79,0.8983,0.9289,0,0.7955,0.0,0.5243,0.0,0.1778,0.5967,0.1157,True,0,SYNTHETIC_SHOWCASE_ONLY
9001807,1993-01-16,small_merchant,6585.06,9,10870.09,3636.06,10908.19,90,0.6281,0.9254,0,0.6669,17451.49,0.6408,1297.15,0.404,0.9471,0.2465,True,0,SYNTHETIC_SHOWCASE_ONLY
9001808,1995-05-30,small_merchant,20796.8,12,20523.26,4199.52,12598.57,15,0.722,0.9252,0,0.8309,65748.68,0.9377,17046.85,0.3251,0.432,0.2618,True,0,SYNTHETIC_SHOWCASE_ONLY
9001809,1993-06-14,first_time_borrower,140097.72,18,35090.63,7504.66,22513.97,88,0.8298,0.8013,0,0.7093,0.0,0.2735,0.0,0.0194,0.5515,0.1793,True,0,SYNTHETIC_SHOWCASE_ONLY
9001810,1997-10-18,informal_worker,16560.75,12,17079.57,6646.62,19939.87,103,0.7068,0.8674,0,0.6402,0.0,0.1611,0.0,0.1945,0.4272,0.1952,True,0,SYNTHETIC_SHOWCASE_ONLY
9001811,1994-03-23,small_merchant,110325.68,18,34077.85,12593.03,37779.1,74,0.8878,0.7684,2,0.8004,109481.31,0.5824,17690.74,0.3791,0.65,0.2624,True,1,SYNTHETIC_SHOWCASE_ONLY
9001812,1996-04-06,informal_worker,93743.58,12,21430.9,4161.69,12485.07,84,0.6572,0.6331,0,0.9044,0.0,0.0992,0.0,0.3932,0.8108,0.329,True,1,SYNTHETIC_SHOWCASE_ONLY
9001813,1996-05-14,gig_worker,106414.59,12,27562.51,11374.84,34124.51,192,0.9631,0.8266,1,0.8477,0.0,0.3082,0.0,0.1906,0.4252,0.0461,True,0,SYNTHETIC_SHOWCASE_ONLY
9001814,1995-06-24,informal_worker,90133.2,12,37258.51,7642.93,22928.78,88,0.741,0.822,0,0.7707,0.0,0.1312,0.0,0.1597,0.8834,0.179,True,1,SYNTHETIC_SHOWCASE_ONLY
9001815,1997-06-02,gig_worker,67144.54,24,44236.36,11743.11,35229.33,244,0.9526,0.9613,0,0.7829,0.0,0.1637,0.0,0.5346,0.4439,0.0,True,0,SYNTHETIC_SHOWCASE_ONLY
9001816,1993-07-22,informal_worker,136378.91,24,29271.11,9283.9,27851.7,276,0.9294,0.842,0,0.8685,0.0,0.1825,0.0,0.2987,0.2353,0.1191,True,0,SYNTHETIC_SHOWCASE_ONLY
9001817,1994-03-04,first_time_borrower,58577.4,24,18943.85,3872.33,11616.99,39,0.9855,0.8264,0,0.9393,0.0,0.1086,0.0,0.3744,0.7979,0.1478,True,0,SYNTHETIC_SHOWCASE_ONLY
9001818,1994-04-06,informal_worker,53573.9,36,22473.7,5560.77,16682.31,93,0.8119,0.5734,1,0.5672,0.0,0.0838,0.0,0.2142,0.7446,0.2764,True,0,SYNTHETIC_SHOWCASE_ONLY
9001819,1993-09-05,first_time_borrower,180376.42,36,38013.57,11166.48,33499.43,130,0.8273,0.7998,1,0.8278,0.0,0.1851,0.0,0.0402,0.404,0.1686,True,0,SYNTHETIC_SHOWCASE_ONLY
9001820,1994-06-23,small_merchant,26515.36,18,17150.08,6805.96,20417.87,25,0.9524,0.7514,4,0.7843,24513.89,0.8437,3957.24,0.7087,0.8214,0.0106,True,0,SYNTHETIC_SHOWCASE_ONLY
9001821,1994-07-25,first_time_borrower,65449.04,9,25706.21,8786.47,26359.42,172,0.3399,0.3935,2,0.9378,0.0,0.3728,0.0,0.0274,0.3126,0.6491,True,1,SYNTHETIC_SHOWCASE_ONLY
9001822,1996-10-28,small_merchant,25081.38,24,23265.7,8942.41,26827.23,146,0.6792,0.7782,0,0.7792,54737.26,0.7451,28226.26,0.8315,0.5882,0.3415,True,0,SYNTHETIC_SHOWCASE_ONLY
9001823,1994-07-05,informal_worker,30627.39,18,26644.72,5646.54,16939.61,109,0.657,0.9371,0,0.9019,0.0,0.3695,0.0,0.39,0.4978,0.3641,True,0,SYNTHETIC_SHOWCASE_ONLY
9001824,1997-05-20,gig_worker,40600.89,12,17248.91,6110.78,18332.33,210,0.7948,0.8722,1,0.9939,0.0,0.5042,0.0,0.4019,0.8644,0.1517,True,0,SYNTHETIC_SHOWCASE_ONLY
9001825,1996-11-11,gig_worker,42341.93,36,11510.63,4357.8,13073.41,35,0.6146,0.9474,0,0.7581,0.0,0.2923,0.0,0.5012,0.838,0.4159,True,0,SYNTHETIC_SHOWCASE_ONLY
9001826,1997-07-05,small_merchant,75178.64,12,35951.15,12599.38,37798.15,221,0.7598,0.9505,0,0.698,52839.85,0.7709,49846.81,0.7141,0.9313,0.2614,True,0,SYNTHETIC_SHOWCASE_ONLY
9001827,1993-07-12,gig_worker,161642.18,36,44477.68,10281.2,30843.61,92,0.42,0.9239,0,0.6433,0.0,0.4753,0.0,0.2402,0.7794,0.4724,True,1,SYNTHETIC_SHOWCASE_ONLY
9001828,1997-12-03,informal_worker,49074.6,18,11845.65,2182.14,6546.41,148,0.3805,0.3419,4,0.8066,0.0,0.4282,0.0,0.656,0.5708,0.5763,True,1,SYNTHETIC_SHOWCASE_ONLY
9001829,1996-01-27,first_time_borrower,149118.14,6,33424.5,10501.74,31505.22,237,0.8984,0.6638,1,0.7782,0.0,0.1491,0.0,0.1486,0.5552,0.0,True,1,SYNTHETIC_SHOWCASE_ONLY
9001830,1997-11-29,first_time_borrower,37522.39,24,47093.37,12981.07,38943.21,249,0.7763,0.7927,1,0.5396,0.0,0.0684,0.0,0.0879,0.3872,0.2745,True,0,SYNTHETIC_SHOWCASE_ONLY
9001831,1994-10-10,gig_worker,149252.63,24,37271.98,9029.41,27088.24,92,0.5628,0.8749,0,0.7132,0.0,0.5537,0.0,0.1981,0.6203,0.319,True,1,SYNTHETIC_SHOWCASE_ONLY
9001832,1997-10-07,first_time_borrower,28596.51,18,22924.42,7873.2,23619.59,57,0.8855,0.9115,1,0.7851,0.0,0.2367,0.0,0.4056,0.7697,0.0443,True,0,SYNTHETIC_SHOWCASE_ONLY
9001833,1995-12-11,gig_worker,65376.26,18,17802.27,5642.85,16928.56,142,0.8879,0.9954,0,0.9561,0.0,0.1359,0.0,0.4924,0.4191,0.0532,True,0,SYNTHETIC_SHOWCASE_ONLY
9001834,1993-05-12,small_merchant,65069.51,12,29109.77,8561.44,25684.32,49,0.6691,0.6551,0,0.888,78813.53,0.8302,34916.86,0.7696,0.9463,0.122,True,0,SYNTHETIC_SHOWCASE_ONLY
9001835,1995-01-19,first_time_borrower,117135.22,12,31536.37,6995.32,20985.96,178,0.7999,0.6945,3,0.769,0.0,0.44,0.0,0.237,0.7118,0.2699,True,1,SYNTHETIC_SHOWCASE_ONLY
9001836,1993-09-09,gig_worker,45173.53,6,29317.72,7695.62,23086.87,40,0.4061,0.7299,1,0.7978,0.0,0.0857,0.0,0.3974,0.6654,0.5737,True,1,SYNTHETIC_SHOWCASE_ONLY
9001837,1997-09-15,gig_worker,88289.21,9,25680.7,7250.37,21751.12,125,0.8031,0.6915,1,0.7155,0.0,0.3745,0.0,0.2684,0.5355,0.1078,True,1,SYNTHETIC_SHOWCASE_ONLY
9001838,1994-07-10,gig_worker,19187.49,12,16652.02,6327.54,18982.61,17,0.6769,0.8663,0,0.6246,0.0,0.3478,0.0,0.3461,0.701,0.2947,True,0,SYNTHETIC_SHOWCASE_ONLY
9001839,1994-02-11,small_merchant,46195.67,18,34298.27,9178.05,27534.14,145,0.8662,0.7615,0,0.7337,92782.39,0.6574,32885.78,0.5358,0.6604,0.2526,True,0,SYNTHETIC_SHOWCASE_ONLY
9001840,1995-10-07,informal_worker,115959.07,9,35100.48,13510.53,40531.6,215,0.5863,0.7706,0,0.7668,0.0,0.298,0.0,0.2146,0.5508,0.4294,True,1,SYNTHETIC_SHOWCASE_ONLY
9001841,1995-02-16,gig_worker,64188.84,18,30833.42,9951.2,29853.59,117,0.5929,0.9476,1,0.891,0.0,0.4245,0.0,0.2236,0.6796,0.3179,True,0,SYNTHETIC_SHOWCASE_ONLY
9001842,1993-06-27,gig_worker,109169.45,12,29532.21,9977.97,29933.91,150,0.5263,0.85,2,0.6139,0.0,0.1253,0.0,0.027,0.8601,0.5239,True,1,SYNTHETIC_SHOWCASE_ONLY
9001843,1997-01-30,small_merchant,226615.23,12,62692.65,22508.34,67525.02,95,0.8124,0.7263,1,0.7015,110972.16,0.9939,47770.41,0.5746,0.7406,0.2839,True,1,SYNTHETIC_SHOWCASE_ONLY
9001844,1997-03-25,gig_worker,69202.17,36,20749.1,3977.94,11933.83,240,0.6231,0.7925,1,0.7786,0.0,0.3775,0.0,0.1746,0.4278,0.4982,True,1,SYNTHETIC_SHOWCASE_ONLY
9001845,1996-09-18,informal_worker,197565.68,36,51794.99,10649.69,31949.07,34,0.6116,0.6758,1,0.5657,0.0,0.4195,0.0,0.2631,0.6745,0.3084,True,1,SYNTHETIC_SHOWCASE_ONLY
9001846,1996-02-01,first_time_borrower,80578.18,24,19685.31,7175.59,21526.78,162,0.5431,0.732,0,0.9343,0.0,0.3124,0.0,0.2155,0.7692,0.3625,True,1,SYNTHETIC_SHOWCASE_ONLY
9001847,1995-01-06,informal_worker,219814.84,6,47679.46,11287.95,33863.85,125,0.918,0.8618,0,0.8959,0.0,0.5196,0.0,0.0453,0.7225,0.0,True,0,SYNTHETIC_SHOWCASE_ONLY
9001848,1995-09-18,first_time_borrower,48299.05,24,50613.63,12810.69,38432.08,19,0.6683,0.7398,1,0.9463,0.0,0.1189,0.0,0.4419,0.5456,0.4309,True,0,SYNTHETIC_SHOWCASE_ONLY
9001849,1995-08-10,small_merchant,75770.57,9,24325.86,5354.5,16063.51,136,0.7796,0.3841,3,0.7447,102389.36,0.6861,21839.21,0.0985,0.3502,0.2398,True,1,SYNTHETIC_SHOWCASE_ONLY
9001850,1993-10-29,first_time_borrower,242030.17,18,62144.78,16211.23,48633.69,81,0.5728,0.6472,1,0.9247,0.0,0.1952,0.0,0.3529,0.4971,0.4246,True,1,SYNTHETIC_SHOWCASE_ONLY
9001851,1993-05-30,gig_worker,54517.57,24,35069.85,14248.69,42746.07,184,0.7287,0.7358,0,0.8118,0.0,0.4613,0.0,0.4834,0.7319,0.4318,True,1,SYNTHETIC_SHOWCASE_ONLY
9001852,1994-04-08,gig_worker,32342.74,12,18377.25,6309.59,18928.77,25,0.5691,0.5137,4,0.8611,0.0,0.5154,0.0,0.4398,0.7679,0.2858,True,1,SYNTHETIC_SHOWCASE_ONLY
9001853,1995-04-10,informal_worker,41521.39,36,23397.04,7881.88,23645.65,200,0.8252,0.9123,0,0.6181,0.0,0.2146,0.0,0.2007,0.7184,0.05,True,0,SYNTHETIC_SHOWCASE_ONLY
9001854,1993-10-20,gig_worker,150386.28,24,48227.55,18997.48,56992.45,224,0.8156,0.9189,0,0.7953,0.0,0.2766,0.0,0.3164,0.8231,0.01,True,0,SYNTHETIC_SHOWCASE_ONLY
9001855,1993-07-14,first_time_borrower,96427.22,12,43609.52,8773.98,26321.95,94,0.6005,0.775,1,0.8652,0.0,0.2786,0.0,0.203,0.764,0.4335,True,1,SYNTHETIC_SHOWCASE_ONLY
9001856,1997-04-05,informal_worker,59493.93,9,16849.91,3419.49,10258.46,116,0.7435,0.9215,0,0.6988,0.0,0.2206,0.0,0.3564,0.6416,0.2191,True,1,SYNTHETIC_SHOWCASE_ONLY
9001857,1994-11-16,first_time_borrower,86034.15,24,26189.56,10866.21,32598.63,49,0.5085,0.7507,1,0.4838,0.0,0.6246,0.0,0.3467,0.6364,0.606,True,1,SYNTHETIC_SHOWCASE_ONLY
9001858,1995-12-03,small_merchant,107788.12,12,30873.42,12546.25,37638.76,187,0.8067,0.6855,2,0.847,82041.29,0.4619,31996.43,0.7763,0.6425,0.1552,True,1,SYNTHETIC_SHOWCASE_ONLY
9001859,1995-08-15,small_merchant,37530.85,6,21945.33,5003.12,15009.37,258,0.2503,0.7786,1,0.895,79129.76,0.769,31609.3,0.5578,0.7583,0.7605,True,1,SYNTHETIC_SHOWCASE_ONLY
9001860,1996-09-04,informal_worker,300000.0,9,86829.67,33619.38,100858.14,57,0.894,0.8177,0,0.4766,0.0,0.1947,0.0,0.3364,0.7032,0.1738,True,1,SYNTHETIC_SHOWCASE_ONLY
9001861,1996-09-12,gig_worker,110313.13,36,31323.33,11919.58,35758.74,256,0.6427,0.7404,1,0.8058,0.0,0.2354,0.0,0.0416,0.6694,0.3398,True,1,SYNTHETIC_SHOWCASE_ONLY
9001862,1994-06-25,small_merchant,31934.35,12,27181.45,10230.24,30690.71,174,0.9376,0.5973,5,0.2932,75900.91,0.8534,26957.64,0.7182,0.4039,0.1191,True,1,SYNTHETIC_SHOWCASE_ONLY
9001863,1997-03-29,informal_worker,73432.66,36,49591.18,9532.44,28597.33,28,0.8851,0.863,0,0.752,0.0,0.4084,0.0,0.4255,0.6442,0.1099,True,0,SYNTHETIC_SHOWCASE_ONLY
9001864,1994-11-09,first_time_borrower,45215.35,24,23497.69,7201.84,21605.51,49,0.8604,0.9111,0,0.5979,0.0,0.5358,0.0,0.1973,0.8224,0.0399,True,0,SYNTHETIC_SHOWCASE_ONLY
9001865,1997-03-06,informal_worker,214278.86,12,45411.7,18177.19,54531.58,108,0.8211,0.6773,1,0.8798,0.0,0.4254,0.0,0.1283,0.4876,0.1507,True,1,SYNTHETIC_SHOWCASE_ONLY
9001866,1995-01-10,gig_worker,25601.48,12,12574.78,4051.38,12154.14,102,0.6309,0.8201,1,0.983,0.0,0.1251,0.0,0.2194,0.2919,0.3372,True,0,SYNTHETIC_SHOWCASE_ONLY
9001867,1993-07-22,small_merchant,15482.5,24,22521.05,6755.54,20266.61,184,0.8888,0.7709,0,0.8503,60264.73,0.942,26235.52,0.7674,0.6329,0.2073,True,0,SYNTHETIC_SHOWCASE_ONLY
9001868,1996-10-19,informal_worker,56666.91,12,46328.55,16375.41,49126.24,232,0.7425,0.7754,0,0.8756,0.0,0.7671,0.0,0.2433,0.6999,0.2031,True,0,SYNTHETIC_SHOWCASE_ONLY
9001869,1993-02-25,gig_worker,44119.19,6,59495.42,13922.46,41767.38,63,0.5704,0.846,1,0.9079,0.0,0.4264,0.0,0.1781,0.5294,0.4912,True,1,SYNTHETIC_SHOWCASE_ONLY
9001870,1996-11-11,small_merchant,45831.14,12,19317.72,6679.64,20038.92,123,0.6478,0.9701,0,0.8185,52484.19,0.7171,6877.46,0.8579,0.5942,0.4599,True,0,SYNTHETIC_SHOWCASE_ONLY
9001871,1993-03-20,gig_worker,75030.79,24,18266.89,4308.29,12924.86,234,0.8145,0.7942,0,0.9543,0.0,0.2668,0.0,0.0386,0.6752,0.1245,True,0,SYNTHETIC_SHOWCASE_ONLY
9001872,1994-01-13,gig_worker,94927.28,24,36766.19,11893.52,35680.55,106,0.6478,0.828,0,0.7346,0.0,0.0643,0.0,0.4004,0.483,0.5172,True,1,SYNTHETIC_SHOWCASE_ONLY
9001873,1996-01-07,small_merchant,89103.79,18,20762.5,5847.01,17541.04,31,0.8052,0.6473,1,0.5988,33731.2,0.8946,12953.9,0.2751,0.4945,0.1165,True,0,SYNTHETIC_SHOWCASE_ONLY
9001874,1997-09-16,gig_worker,19915.34,12,24613.3,8132.86,24398.59,110,0.6955,0.8802,0,0.9762,0.0,0.1413,0.0,0.3766,0.6082,0.3791,True,1,SYNTHETIC_SHOWCASE_ONLY
9001875,1995-01-16,informal_worker,113721.32,12,42643.67,10597.61,31792.84,252,0.965,0.8557,0,0.7093,0.0,0.2747,0.0,0.3253,0.7612,0.1143,True,0,SYNTHETIC_SHOWCASE_ONLY
9001876,1993-08-09,gig_worker,87618.26,24,21564.22,7477.98,22433.93,259,0.9872,0.5139,1,0.3729,0.0,0.1914,0.0,0.182,0.7826,0.0,True,1,SYNTHETIC_SHOWCASE_ONLY
9001877,1994-03-02,informal_worker,38901.13,9,10900.41,3303.34,9910.02,120,0.6936,0.9206,1,0.7316,0.0,0.3642,0.0,0.3149,0.8513,0.2211,True,1,SYNTHETIC_SHOWCASE_ONLY
9001878,1997-06-25,gig_worker,65262.58,36,14994.51,4970.2,14910.59,35,0.6685,0.5151,2,0.877,0.0,0.1111,0.0,0.1888,0.6656,0.3211,True,1,SYNTHETIC_SHOWCASE_ONLY
9001879,1996-08-20,first_time_borrower,50778.51,24,28134.12,10018.25,30054.76,39,0.9887,0.8595,0,0.7494,0.0,0.3645,0.0,0.1654,0.7621,0.0,True,0,SYNTHETIC_SHOWCASE_ONLY
9001880,1993-07-03,gig_worker,32095.53,12,11447.39,3332.18,9996.54,86,0.8386,0.7019,0,0.7398,0.0,0.4617,0.0,0.325,0.4495,0.2032,True,0,SYNTHETIC_SHOWCASE_ONLY
9001881,1994-12-04,small_merchant,86872.87,24,24277.93,4907.35,14722.04,205,0.6868,0.9954,0,0.879,43683.73,0.9498,14244.44,0.647,0.4079,0.3139,True,0,SYNTHETIC_SHOWCASE_ONLY
9001882,1994-04-29,small_merchant,19253.23,24,14353.56,4794.27,14382.81,180,0.6025,0.6247,2,0.751,28515.07,0.8147,4650.02,0.6276,0.3208,0.3816,True,0,SYNTHETIC_SHOWCASE_ONLY
9001883,1993-11-21,gig_worker,257744.41,18,61520.79,19334.39,58003.18,253,0.751,0.7918,1,0.7381,0.0,0.1425,0.0,0.3162,0.8759,0.4094,True,0,SYNTHETIC_SHOWCASE_ONLY
9001884,1997-03-26,small_merchant,155982.55,9,79160.15,29884.4,89653.19,165,0.4051,0.9054,0,0.8451,144132.05,0.68,40435.44,0.6965,0.7602,0.5219,True,1,SYNTHETIC_SHOWCASE_ONLY
9001885,1996-02-02,first_time_borrower,17026.43,36,16848.64,5328.89,15986.67,227,0.7582,0.9112,0,0.6722,0.0,0.4181,0.0,0.3005,0.7538,0.2766,True,0,SYNTHETIC_SHOWCASE_ONLY
9001886,1993-11-24,first_time_borrower,125710.85,12,31672.5,11524.67,34574.0,120,0.769,0.9277,0,0.8322,0.0,0.079,0.0,0.0871,0.7294,0.2611,True,0,SYNTHETIC_SHOWCASE_ONLY
9001887,1996-04-03,small_merchant,65372.74,24,17658.38,5382.84,16148.52,176,0.8386,0.5638,1,0.9083,68876.44,0.8551,20773.74,0.5913,0.6301,0.1707,True,0,SYNTHETIC_SHOWCASE_ONLY
9001888,1995-01-26,gig_worker,108330.07,12,24136.69,6635.57,19906.71,186,0.802,0.8481,0,0.665,0.0,0.1078,0.0,0.4951,0.8842,0.1618,True,0,SYNTHETIC_SHOWCASE_ONLY
9001889,1993-04-23,informal_worker,300000.0,12,66544.43,23472.83,70418.48,161,0.7637,0.5587,1,0.8191,0.0,0.6249,0.0,0.3988,0.8158,0.0773,True,1,SYNTHETIC_SHOWCASE_ONLY
9001890,1995-04-02,informal_worker,40856.07,36,22380.59,8542.16,25626.47,269,0.5947,0.7193,1,0.7866,0.0,0.4483,0.0,0.2854,0.8032,0.3454,True,1,SYNTHETIC_SHOWCASE_ONLY
9001891,1993-12-05,gig_worker,83523.71,18,24407.89,10028.94,30086.81,42,0.4354,0.9093,0,0.9055,0.0,0.4231,0.0,0.0679,0.6999,0.5635,True,1,SYNTHETIC_SHOWCASE_ONLY
9001892,1994-03-24,informal_worker,88983.98,6,17810.54,3340.5,10021.5,238,0.8425,0.884,0,0.9132,0.0,0.1461,0.0,0.2078,0.6557,0.2077,True,1,SYNTHETIC_SHOWCASE_ONLY
9001893,1997-05-25,small_merchant,81194.19,24,48539.38,19397.52,58192.57,32,0.4022,0.7929,0,0.6681,143293.69,0.9447,48594.49,0.4113,0.7791,0.538,True,0,SYNTHETIC_SHOWCASE_ONLY
9001894,1996-07-20,informal_worker,18764.6,12,7000.0,1521.12,4563.35,91,0.4985,0.8702,3,0.6801,0.0,0.3388,0.0,0.1356,0.8649,0.5722,True,1,SYNTHETIC_SHOWCASE_ONLY
9001895,1993-09-02,small_merchant,104245.25,24,22638.72,8380.65,25141.94,268,0.9313,0.934,0,0.8199,82023.9,0.7507,2567.44,0.5916,0.667,0.0366,True,0,SYNTHETIC_SHOWCASE_ONLY
9001896,1997-04-04,small_merchant,28856.78,36,27390.03,10218.81,30656.44,191,0.688,0.9782,0,0.8502,105629.61,0.7064,21919.0,0.7302,0.5474,0.3017,True,0,SYNTHETIC_SHOWCASE_ONLY
9001897,1995-11-15,gig_worker,95497.86,6,20386.8,6290.77,18872.32,219,0.7646,0.9164,0,0.7156,0.0,0.0998,0.0,0.2744,0.2874,0.2283,True,1,SYNTHETIC_SHOWCASE_ONLY
9001898,1997-05-16,informal_worker,116458.82,18,42381.26,14920.24,44760.72,261,0.5371,0.8935,2,0.6604,0.0,0.3327,0.0,0.2867,0.86,0.4362,True,1,SYNTHETIC_SHOWCASE_ONLY
9001899,1996-09-26,gig_worker,225825.49,36,49857.93,15230.92,45692.77,199,0.9313,0.9393,0,0.7007,0.0,0.028,0.0,0.174,0.7055,0.0014,True,0,SYNTHETIC_SHOWCASE_ONLY
9001900,1994-09-12,informal_worker,47399.35,36,14216.82,5795.68,17387.04,101,0.9522,0.7716,3,0.8686,0.0,0.5788,0.0,0.1155,0.5349,0.1571,True,0,SYNTHETIC_SHOWCASE_ONLY
9001901,1995-09-04,informal_worker,271847.39,18,76483.74,16875.17,50625.5,227,0.8875,0.7745,1,0.8924,0.0,0.4565,0.0,0.4183,0.4036,0.2051,True,0,SYNTHETIC_SHOWCASE_ONLY
9001902,1995-08-28,informal_worker,56577.93,24,14140.46,4429.85,13289.55,42,0.86,0.9482,1,0.7236,0.0,0.1425,0.0,0.1694,0.6652,0.1436,True,0,SYNTHETIC_SHOWCASE_ONLY
9001903,1996-08-07,gig_worker,46537.63,18,51974.19,11908.02,35724.05,160,0.7958,0.8411,1,0.7508,0.0,0.6482,0.0,0.4584,0.3868,0.2952,True,0,SYNTHETIC_SHOWCASE_ONLY
9001904,1994-03-30,gig_worker,101160.83,12,30087.86,7575.92,22727.77,151,0.5923,0.7763,2,0.9264,0.0,0.3349,0.0,0.4026,0.7523,0.373,True,1,SYNTHETIC_SHOWCASE_ONLY
9001905,1994-09-01,small_merchant,102574.08,18,21986.49,5920.73,17762.2,100,0.639,0.6871,1,0.7918,76503.78,0.4785,15570.8,0.6606,0.7963,0.3269,True,0,SYNTHETIC_SHOWCASE_ONLY
9001906,1994-03-23,informal_worker,110583.4,12,23004.93,4555.32,13665.97,68,0.7748,0.8188,1,0.6877,0.0,0.1924,0.0,0.2224,0.5915,0.2506,True,1,SYNTHETIC_SHOWCASE_ONLY
9001907,1994-06-25,first_time_borrower,133925.44,12,27553.19,6339.48,19018.44,265,0.8652,0.7589,0,0.7492,0.0,0.0965,0.0,0.4771,0.8411,0.1506,True,1,SYNTHETIC_SHOWCASE_ONLY
9001908,1993-10-22,small_merchant,106505.9,12,30946.04,9074.82,27224.45,96,0.5434,0.9063,0,0.9659,117442.83,0.7859,3986.27,0.463,0.67,0.4864,True,1,SYNTHETIC_SHOWCASE_ONLY
9001909,1993-03-08,first_time_borrower,60965.99,24,18002.86,3955.72,11867.15,96,0.5448,0.9513,0,0.8661,0.0,0.3602,0.0,0.145,0.5551,0.3926,True,0,SYNTHETIC_SHOWCASE_ONLY
9001910,1997-09-13,gig_worker,75849.81,12,25025.95,5350.58,16051.75,93,0.6962,0.8488,0,0.6905,0.0,0.2455,0.0,0.4844,0.4365,0.2677,True,0,SYNTHETIC_SHOWCASE_ONLY
9001911,1993-05-16,small_merchant,63311.08,12,19342.05,3950.39,11851.18,202,0.6375,0.8427,1,0.7448,59155.69,0.9157,14866.53,0.9354,0.6667,0.2597,True,1,SYNTHETIC_SHOWCASE_ONLY
9001912,1997-06-10,gig_worker,51463.69,6,15626.7,5338.63,16015.89,86,0.9655,0.7052,0,0.6776,0.0,0.5932,0.0,0.128,0.7524,0.1661,True,1,SYNTHETIC_SHOWCASE_ONLY
9001913,1993-01-06,informal_worker,14877.57,9,18913.86,7314.45,21943.35,84,0.7636,0.6763,0,0.9395,0.0,0.1419,0.0,0.1734,0.6811,0.2278,True,0,SYNTHETIC_SHOWCASE_ONLY
9001914,1996-11-20,gig_worker,15977.95,36,16122.51,4004.07,12012.22,60,0.6794,0.7991,0,0.7704,0.0,0.4282,0.0,0.2098,0.7993,0.3317,True,1,SYNTHETIC_SHOWCASE_ONLY
9001915,1994-08-23,gig_worker,76106.22,12,22886.11,8180.35,24541.05,165,0.6903,0.5017,4,0.7425,0.0,0.3241,0.0,0.1333,0.7761,0.3658,True,1,SYNTHETIC_SHOWCASE_ONLY
9001916,1995-08-04,informal_worker,68318.29,12,34459.77,10896.88,32690.65,206,0.7192,0.573,1,0.7008,0.0,0.3171,0.0,0.1158,0.9323,0.2462,True,1,SYNTHETIC_SHOWCASE_ONLY
9001917,1994-05-31,small_merchant,57153.01,36,29670.27,11966.99,35900.98,236,0.5555,0.9669,0,0.5768,101064.31,0.9504,15551.08,0.5166,0.6118,0.3794,True,0,SYNTHETIC_SHOWCASE_ONLY
9001918,1995-06-15,gig_worker,104819.38,6,72232.49,20340.6,61021.79,159,0.6952,0.8313,2,0.6475,0.0,0.091,0.0,0.3031,0.7529,0.1517,True,0,SYNTHETIC_SHOWCASE_ONLY
9001919,1995-04-05,gig_worker,39972.12,18,9690.9,3204.67,9614.01,227,0.9003,0.9658,0,0.911,0.0,0.1563,0.0,0.3975,0.932,0.1563,True,0,SYNTHETIC_SHOWCASE_ONLY
9001920,1995-08-26,small_merchant,169869.74,24,35074.98,13523.97,40571.91,189,0.729,0.9228,0,0.6216,62883.09,0.7347,51640.13,0.5147,0.5604,0.246,True,0,SYNTHETIC_SHOWCASE_ONLY
9001921,1994-12-20,small_merchant,94430.35,24,28086.42,9863.93,29591.78,145,0.8587,0.8651,0,0.8145,67374.33,0.8338,3944.03,0.6094,0.7245,0.1746,True,0,SYNTHETIC_SHOWCASE_ONLY
9001922,1995-09-07,gig_worker,197145.48,12,41418.44,8335.18,25005.55,61,0.4267,0.4664,2,0.5988,0.0,0.2029,0.0,0.0512,0.7614,0.4516,True,1,SYNTHETIC_SHOWCASE_ONLY
9001923,1997-02-16,informal_worker,177284.87,24,39492.38,11316.04,33948.11,232,0.9707,0.7357,1,0.9854,0.0,0.3865,0.0,0.4263,0.8947,0.0192,True,0,SYNTHETIC_SHOWCASE_ONLY
9001924,1995-03-05,gig_worker,40325.15,18,25868.05,4772.27,14316.81,74,0.5391,0.8804,2,0.8462,0.0,0.1239,0.0,0.328,0.8468,0.3568,True,0,SYNTHETIC_SHOWCASE_ONLY
9001925,1994-10-22,informal_worker,38800.24,18,30419.3,12333.36,37000.08,132,0.5884,0.8924,0,0.8068,0.0,0.1126,0.0,0.1399,0.6506,0.2853,True,0,SYNTHETIC_SHOWCASE_ONLY
9001926,1993-08-29,small_merchant,29992.9,12,19590.63,4013.32,12039.95,191,0.5969,0.8383,2,0.6539,34821.7,0.7205,22038.71,0.6553,0.8517,0.354,True,1,SYNTHETIC_SHOWCASE_ONLY
9001927,1994-10-19,gig_worker,38467.91,24,37591.23,13631.93,40895.78,176,0.7961,0.8113,0,0.646,0.0,0.0916,0.0,0.2552,0.8733,0.1572,True,0,SYNTHETIC_SHOWCASE_ONLY
9001928,1993-08-18,gig_worker,35959.46,18,11362.79,2975.33,8925.99,24,0.7429,0.9498,0,0.8084,0.0,0.3725,0.0,0.4352,0.638,0.3452,True,0,SYNTHETIC_SHOWCASE_ONLY
9001929,1993-11-30,gig_worker,74950.96,24,40653.35,16575.85,49727.56,263,0.4983,0.7812,1,0.6124,0.0,0.1822,0.0,0.3468,0.7055,0.5501,True,1,SYNTHETIC_SHOWCASE_ONLY
9001930,1997-10-05,gig_worker,127841.39,36,27690.27,10010.95,30032.84,206,0.951,0.81,0,0.8608,0.0,0.2802,0.0,0.3568,0.8935,0.0865,True,0,SYNTHETIC_SHOWCASE_ONLY
9001931,1993-06-13,small_merchant,73114.91,24,22162.79,9214.02,27642.07,215,0.8653,0.9634,0,0.7772,91426.53,0.4911,2651.93,0.907,0.3671,0.1038,True,0,SYNTHETIC_SHOWCASE_ONLY
9001932,1995-05-31,first_time_borrower,54650.68,24,25042.86,8906.07,26718.21,223,0.3551,0.8511,0,0.9066,0.0,0.2193,0.0,0.1251,0.4571,0.6286,True,1,SYNTHETIC_SHOWCASE_ONLY
9001933,1997-03-04,first_time_borrower,127947.47,12,25940.11,7543.43,22630.3,152,0.8895,0.6203,2,0.7636,0.0,0.5196,0.0,0.0942,0.737,0.0862,True,1,SYNTHETIC_SHOWCASE_ONLY
9001934,1997-10-07,small_merchant,250206.63,6,52191.01,19206.56,57619.67,213,0.7561,0.7098,1,0.5207,132087.77,0.8013,648.11,0.8806,0.5442,0.2294,True,1,SYNTHETIC_SHOWCASE_ONLY
9001935,1993-09-25,small_merchant,300000.0,18,132195.44,41905.97,125717.91,278,0.6985,0.8306,3,0.7518,177839.56,0.8076,112313.13,0.6866,0.6307,0.2898,True,1,SYNTHETIC_SHOWCASE_ONLY
9001936,1993-10-26,small_merchant,205341.51,6,50286.79,15151.16,45453.48,36,0.6425,0.8468,0,0.8424,214241.61,0.8343,16028.25,0.3665,0.7432,0.4913,True,1,SYNTHETIC_SHOWCASE_ONLY
9001937,1994-11-12,first_time_borrower,104593.46,24,21345.65,6619.2,19857.6,27,0.6889,0.9195,0,0.6859,0.0,0.1036,0.0,0.368,0.6518,0.3255,True,0,SYNTHETIC_SHOWCASE_ONLY
9001938,1995-10-10,gig_worker,122816.64,24,37882.9,10023.95,30071.85,40,0.9895,0.8774,1,0.7494,0.0,0.425,0.0,0.1906,0.6467,0.0,True,0,SYNTHETIC_SHOWCASE_ONLY
9001939,1997-10-19,gig_worker,172994.15,18,38683.09,14237.3,42711.91,242,0.7898,0.6397,1,0.8554,0.0,0.3754,0.0,0.0686,0.5046,0.1912,True,0,SYNTHETIC_SHOWCASE_ONLY
9001940,1994-01-15,small_merchant,15898.63,9,17959.65,5085.95,15257.84,184,0.7263,0.5299,1,0.934,56909.19,0.6544,25312.61,0.6114,0.4616,0.2696,True,0,SYNTHETIC_SHOWCASE_ONLY
9001941,1993-10-28,gig_worker,46440.83,24,15287.28,5179.79,15539.38,229,0.6323,0.7155,0,0.8672,0.0,0.1801,0.0,0.1642,0.7676,0.4148,True,1,SYNTHETIC_SHOWCASE_ONLY
9001942,1994-04-08,small_merchant,76355.15,18,27162.29,6545.64,19636.92,201,0.8122,0.5762,3,0.7533,107680.66,0.7672,9312.91,0.6186,0.662,0.0914,True,0,SYNTHETIC_SHOWCASE_ONLY
9001943,1997-05-16,first_time_borrower,31604.88,18,41260.44,15206.9,45620.69,43,0.838,0.7489,0,0.4444,0.0,0.1892,0.0,0.3617,0.7748,0.1156,True,0,SYNTHETIC_SHOWCASE_ONLY
9001944,1993-02-24,first_time_borrower,12692.0,18,12916.9,3740.67,11222.01,126,0.9816,0.9034,0,0.7993,0.0,0.1861,0.0,0.2989,0.5956,0.0048,True,0,SYNTHETIC_SHOWCASE_ONLY
9001945,1994-11-26,gig_worker,13789.38,9,19809.74,5682.53,17047.59,74,0.5943,0.8923,1,0.8287,0.0,0.3281,0.0,0.1767,0.6466,0.4652,True,0,SYNTHETIC_SHOWCASE_ONLY
9001946,1993-08-06,small_merchant,69797.07,24,36858.17,13906.92,41720.75,13,0.4002,0.8826,0,0.8595,164345.2,0.8266,47911.13,0.5953,0.346,0.5581,True,0,SYNTHETIC_SHOWCASE_ONLY
9001947,1993-10-14,small_merchant,23865.8,6,28566.42,10631.43,31894.29,229,0.582,0.6727,2,0.8674,124403.41,0.984,5915.84,0.6657,0.5708,0.3688,True,1,SYNTHETIC_SHOWCASE_ONLY
9001948,1997-08-02,small_merchant,136040.18,18,55258.15,21349.63,64048.89,102,0.6612,0.8753,1,0.7367,91935.04,0.9724,42174.7,0.7887,0.5953,0.3155,True,0,SYNTHETIC_SHOWCASE_ONLY
9001949,1993-01-04,small_merchant,59389.78,9,14221.4,2681.52,8044.56,221,0.6928,0.814,0,0.9842,40527.7,0.7517,13327.94,0.7452,0.5977,0.3649,True,1,SYNTHETIC_SHOWCASE_ONLY
9001950,1994-08-11,gig_worker,285837.66,12,86595.14,17428.29,52284.87,37,0.7153,0.9446,1,0.6517,0.0,0.3132,0.0,0.2774,0.858,0.4249,True,0,SYNTHETIC_SHOWCASE_ONLY
9001951,1997-07-30,first_time_borrower,47705.24,12,13382.77,4225.1,12675.29,227,0.947,0.5493,1,0.5254,0.0,0.2733,0.0,0.0468,0.8256,0.0,True,0,SYNTHETIC_SHOWCASE_ONLY
9001952,1996-01-16,first_time_borrower,7808.77,6,10571.97,2067.88,6203.63,31,0.9008,0.7907,0,0.6842,0.0,0.5948,0.0,0.1034,0.6004,0.1186,True,0,SYNTHETIC_SHOWCASE_ONLY
9001953,1993-05-12,informal_worker,116877.4,24,27219.3,9143.1,27429.3,40,0.9066,0.9187,0,0.8914,0.0,0.5329,0.0,0.1526,0.5391,0.1185,True,0,SYNTHETIC_SHOWCASE_ONLY
9001954,1995-04-30,informal_worker,20193.95,24,16243.04,6076.34,18229.01,173,0.7807,0.9621,0,0.64,0.0,0.1684,0.0,0.1702,0.849,0.1668,True,0,SYNTHETIC_SHOWCASE_ONLY
9001955,1997-11-08,small_merchant,53089.73,6,27483.94,7878.56,23635.68,92,0.4967,0.9279,0,0.9163,117748.13,0.8791,7140.43,0.7527,0.6166,0.4086,True,1,SYNTHETIC_SHOWCASE_ONLY
9001956,1995-01-02,small_merchant,77671.1,6,27026.44,5807.81,17423.44,84,0.4761,0.9455,0,0.5464,37499.67,0.8202,10163.99,0.7892,0.7704,0.4263,True,1,SYNTHETIC_SHOWCASE_ONLY
9001957,1995-08-24,gig_worker,119591.97,24,25488.64,8590.17,25770.5,178,0.86,0.7738,0,0.667,0.0,0.4193,0.0,0.4493,0.6889,0.1032,True,1,SYNTHETIC_SHOWCASE_ONLY
9001958,1995-08-30,informal_worker,93284.6,6,18687.36,5331.57,15994.71,231,0.66,0.6422,2,0.8685,0.0,0.4691,0.0,0.5445,0.9072,0.3435,True,1,SYNTHETIC_SHOWCASE_ONLY
9001959,1996-04-20,gig_worker,139357.32,12,34462.76,10556.47,31669.41,43,0.6118,0.8852,1,0.8301,0.0,0.3219,0.0,0.1121,0.7975,0.352,True,1,SYNTHETIC_SHOWCASE_ONLY
9001960,1993-12-08,first_time_borrower,91582.92,9,24043.93,9358.69,28076.07,17,0.7601,0.8846,1,0.937,0.0,0.1835,0.0,0.2684,0.7835,0.2413,True,0,SYNTHETIC_SHOWCASE_ONLY
9001961,1997-03-14,small_merchant,138956.97,18,47558.65,13016.7,39050.09,90,0.5359,0.928,1,0.6844,103447.28,0.7408,14272.44,0.4027,0.8789,0.5034,True,1,SYNTHETIC_SHOWCASE_ONLY
9001962,1997-12-11,small_merchant,90610.71,36,25677.77,10252.5,30757.51,68,0.4143,0.8768,0,0.8199,35585.21,0.7628,21099.26,0.4614,0.795,0.5529,True,1,SYNTHETIC_SHOWCASE_ONLY
9001963,1993-09-18,small_merchant,21771.95,9,17622.45,6154.87,18464.6,252,0.9005,0.6194,0,0.7439,61642.09,0.8525,6809.49,0.6516,0.7783,0.0318,True,0,SYNTHETIC_SHOWCASE_ONLY
9001964,1997-02-03,first_time_borrower,22225.07,36,12454.77,3177.18,9531.53,232,0.8673,0.8899,0,0.5346,0.0,0.4508,0.0,0.3602,0.6626,0.2528,True,0,SYNTHETIC_SHOWCASE_ONLY
9001965,1997-01-31,gig_worker,127157.12,24,25779.82,9479.84,28439.53,252,0.52,0.8537,0,0.9971,0.0,0.3243,0.0,0.3899,0.4034,0.4776,True,0,SYNTHETIC_SHOWCASE_ONLY
9001966,1996-09-16,gig_worker,74762.96,36,15225.72,3311.94,9935.83,211,0.8297,0.7269,0,0.7175,0.0,0.1575,0.0,0.4547,0.681,0.138,True,0,SYNTHETIC_SHOWCASE_ONLY
9001967,1994-11-09,gig_worker,29602.36,24,14646.81,3229.47,9688.42,117,0.9019,0.841,1,0.6626,0.0,0.1103,0.0,0.0704,0.6769,0.1464,True,0,SYNTHETIC_SHOWCASE_ONLY
9001968,1995-05-06,informal_worker,59893.7,24,36067.21,9694.06,29082.19,246,0.4693,0.9543,0,0.4107,0.0,0.0692,0.0,0.1992,0.744,0.6251,True,0,SYNTHETIC_SHOWCASE_ONLY
9001969,1997-03-13,first_time_borrower,19203.3,18,11928.41,2312.2,6936.59,112,0.9269,0.7407,3,0.9735,0.0,0.2535,0.0,0.2496,0.6793,0.0713,True,0,SYNTHETIC_SHOWCASE_ONLY
9001970,1993-10-07,gig_worker,150747.28,24,55150.03,16591.37,49774.1,62,0.857,0.8499,0,0.6019,0.0,0.4261,0.0,0.3238,0.433,0.1469,True,0,SYNTHETIC_SHOWCASE_ONLY
9001971,1997-02-22,first_time_borrower,47903.25,9,30231.01,8692.62,26077.86,109,0.4802,0.5642,3,0.7044,0.0,0.327,0.0,0.2852,0.8053,0.4818,True,1,SYNTHETIC_SHOWCASE_ONLY
9001972,1997-08-09,gig_worker,94681.16,24,27416.91,8671.71,26015.14,276,0.6814,0.8137,1,0.6759,0.0,0.6846,0.0,0.1711,0.7548,0.2476,True,1,SYNTHETIC_SHOWCASE_ONLY
9001973,1996-05-30,informal_worker,15832.95,18,17039.2,5116.68,15350.05,203,0.6269,0.4255,1,0.6907,0.0,0.3877,0.0,0.264,0.882,0.4,True,1,SYNTHETIC_SHOWCASE_ONLY
9001974,1994-09-16,gig_worker,42681.33,6,40411.05,8046.61,24139.84,134,0.8918,0.5851,3,0.8887,0.0,0.3216,0.0,0.1454,0.6822,0.0833,True,1,SYNTHETIC_SHOWCASE_ONLY
9001975,1995-10-19,small_merchant,50847.35,12,27960.98,6698.41,20095.24,171,0.6286,0.9209,0,0.7159,101101.97,0.7541,27053.1,0.5917,0.5602,0.3122,True,0,SYNTHETIC_SHOWCASE_ONLY
9001976,1993-04-02,informal_worker,80991.7,12,20143.43,4593.78,13781.34,84,0.9878,0.9619,0,0.6953,0.0,0.316,0.0,0.4068,0.3976,0.0711,True,0,SYNTHETIC_SHOWCASE_ONLY
9001977,1997-08-29,small_merchant,62329.94,12,30818.66,10447.59,31342.77,79,0.898,0.7255,2,0.8813,111001.69,0.6319,34341.32,0.5743,0.7432,0.1269,True,0,SYNTHETIC_SHOWCASE_ONLY
9001978,1994-09-18,gig_worker,33352.83,12,12484.25,4888.21,14664.64,28,0.7712,0.9651,0,0.8947,0.0,0.5499,0.0,0.0981,0.8053,0.095,True,0,SYNTHETIC_SHOWCASE_ONLY
9001979,1993-04-15,first_time_borrower,44562.91,12,12771.9,2357.52,7072.56,232,0.4473,0.7242,0,0.8418,0.0,0.1778,0.0,0.253,0.7906,0.6192,True,1,SYNTHETIC_SHOWCASE_ONLY
9001980,1996-12-21,first_time_borrower,66556.68,12,16354.7,3865.91,11597.73,71,0.801,0.975,0,0.7495,0.0,0.181,0.0,0.2749,0.5466,0.2751,True,0,SYNTHETIC_SHOWCASE_ONLY
9001981,1996-04-15,small_merchant,64616.06,18,33114.71,10371.16,31113.48,206,0.8819,0.8977,1,0.8916,116040.36,0.9117,21760.02,0.4865,0.5248,0.045,True,0,SYNTHETIC_SHOWCASE_ONLY
9001982,1996-02-12,informal_worker,106688.44,9,27956.24,10955.67,32867.02,74,0.5899,0.7382,1,0.6482,0.0,0.0335,0.0,0.1797,0.8245,0.4462,True,1,SYNTHETIC_SHOWCASE_ONLY
9001983,1993-04-09,informal_worker,86106.94,12,46326.52,8636.39,25909.17,84,0.9899,0.49,4,0.3992,0.0,0.4921,0.0,0.2611,0.7619,0.0406,True,1,SYNTHETIC_SHOWCASE_ONLY
9001984,1996-10-03,gig_worker,61856.42,12,18004.28,4921.11,14763.33,140,0.7474,0.7838,2,0.6539,0.0,0.4873,0.0,0.1527,0.8513,0.2313,True,1,SYNTHETIC_SHOWCASE_ONLY
9001985,1996-03-09,first_time_borrower,95329.03,12,36893.86,13291.25,39873.74,189,0.6954,0.6941,0,0.6587,0.0,0.3706,0.0,0.1402,0.6582,0.2963,True,0,SYNTHETIC_SHOWCASE_ONLY
9001986,1996-12-20,gig_worker,123994.63,6,26510.65,7380.14,22140.43,191,0.6903,0.9474,1,0.6334,0.0,0.2677,0.0,0.1552,0.8375,0.2235,True,1,SYNTHETIC_SHOWCASE_ONLY
9001987,1997-02-19,informal_worker,87627.72,36,17806.13,5627.79,16883.38,165,0.5298,0.9177,1,0.6224,0.0,0.1405,0.0,0.4469,0.9145,0.4355,True,1,SYNTHETIC_SHOWCASE_ONLY
9001988,1994-01-23,gig_worker,134960.32,12,33688.35,6929.28,20787.85,118,0.6532,0.8587,1,0.8405,0.0,0.2642,0.0,0.1468,0.7294,0.2408,True,0,SYNTHETIC_SHOWCASE_ONLY
9001989,1994-01-20,gig_worker,125543.58,12,27126.71,6315.11,18945.33,171,0.6798,0.843,1,0.7987,0.0,0.4837,0.0,0.1505,0.7577,0.3024,True,1,SYNTHETIC_SHOWCASE_ONLY
9001990,1997-08-14,small_merchant,24855.13,18,20701.94,7472.93,22418.79,162,0.7466,0.941,1,0.6916,84724.85,0.6084,23498.17,0.9089,0.7376,0.2295,True,0,SYNTHETIC_SHOWCASE_ONLY
9001991,1995-08-28,small_merchant,99414.04,24,28570.2,10035.14,30105.43,149,0.7361,0.825,1,0.6053,95350.56,0.9093,13825.48,0.6106,0.8562,0.2513,True,0,SYNTHETIC_SHOWCASE_ONLY
9001992,1995-03-11,first_time_borrower,38753.0,12,26312.13,8662.63,25987.9,155,0.9174,0.8088,0,0.8091,0.0,0.3573,0.0,0.0984,0.7282,0.0698,True,0,SYNTHETIC_SHOWCASE_ONLY
9001993,1994-06-09,first_time_borrower,47301.17,12,26008.78,9275.32,27825.97,244,0.8178,0.7788,1,0.6388,0.0,0.3602,0.0,0.1315,0.6567,0.1216,True,0,SYNTHETIC_SHOWCASE_ONLY
9001994,1996-03-12,gig_worker,66620.75,18,22969.33,9546.75,28640.26,37,0.4902,0.7674,1,0.7645,0.0,0.1894,0.0,0.3765,0.7624,0.5038,True,1,SYNTHETIC_SHOWCASE_ONLY
9001995,1996-10-08,gig_worker,57842.55,18,14966.72,4814.77,14444.32,60,0.6927,0.693,1,0.7678,0.0,0.2063,0.0,0.1629,0.7836,0.4456,True,0,SYNTHETIC_SHOWCASE_ONLY
9001996,1993-01-05,small_merchant,109549.82,12,29023.1,10723.78,32171.35,87,0.7835,0.896,0,0.634,115214.92,0.6964,42850.87,0.4358,0.5056,0.0609,True,0,SYNTHETIC_SHOWCASE_ONLY
9001997,1995-10-07,small_merchant,84294.13,36,19046.85,5106.15,15318.46,190,0.3542,0.7166,0,0.8136,36651.2,0.9282,7607.12,0.7481,0.5615,0.6333,True,1,SYNTHETIC_SHOWCASE_ONLY
9001998,1997-12-19,small_merchant,52516.43,36,17157.69,5112.31,15336.93,155,0.6856,0.436,1,0.706,76100.98,0.7833,24919.44,0.6083,0.5028,0.31,True,1,SYNTHETIC_SHOWCASE_ONLY
9001999,1994-05-28,first_time_borrower,116639.96,18,24944.88,5515.44,16546.32,156,0.7865,0.8651,1,0.8379,0.0,0.2583,0.0,0.6198,0.539,0.2216,True,0,SYNTHETIC_SHOWCASE_ONLY
9002000,1994-05-28,informal_worker,179487.33,6,39826.69,11712.81,35138.44,69,0.5959,0.6988,2,0.8755,0.0,0.58,0.0,0.2111,0.7544,0.3246,True,1,SYNTHETIC_SHOWCASE_ONLY
9002001,1997-05-23,gig_worker,132716.77,18,30609.15,11696.77,35090.32,231,0.8959,0.9439,0,0.3756,0.0,0.0924,0.0,0.2991,0.8283,0.2195,True,0,SYNTHETIC_SHOWCASE_ONLY
9002002,1993-04-24,small_merchant,34932.62,36,21698.78,6882.23,20646.7,127,0.4461,0.8034,1,0.9246,90318.46,0.9594,19732.74,0.6204,0.8156,0.3703,True,0,SYNTHETIC_SHOWCASE_ONLY
9002003,1994-12-27,informal_worker,62540.47,36,21284.06,8555.74,25667.21,177,0.6557,0.3858,5,0.6873,0.0,0.477,0.0,0.3689,0.5402,0.4098,True,1,SYNTHETIC_SHOWCASE_ONLY
9002004,1995-04-17,small_merchant,145870.85,12,37992.73,11665.05,34995.15,263,0.8375,0.9287,1,0.8059,103534.21,0.9662,10299.38,0.7024,0.6292,0.1769,True,0,SYNTHETIC_SHOWCASE_ONLY
9002005,1996-12-27,gig_worker,43378.12,12,8861.99,2306.96,6920.89,249,0.6449,0.8147,1,0.9149,0.0,0.2309,0.0,0.2091,0.8127,0.43,True,1,SYNTHETIC_SHOWCASE_ONLY
9002006,1993-08-24,small_merchant,26737.71,9,41056.11,8782.13,26346.38,81,0.678,0.7827,1,0.8089,126628.63,0.9464,44741.96,0.734,0.7826,0.2631,True,0,SYNTHETIC_SHOWCASE_ONLY
9002007,1995-03-04,small_merchant,23226.31,24,11389.33,4319.55,12958.64,130,0.7063,0.8323,1,0.8141,36058.11,0.8144,8445.1,0.7035,0.7806,0.2812,True,0,SYNTHETIC_SHOWCASE_ONLY
9002008,1993-10-06,gig_worker,29897.09,18,14193.85,5527.66,16582.98,142,0.9422,0.7805,0,0.7947,0.0,0.1287,0.0,0.2956,0.7844,0.0922,True,0,SYNTHETIC_SHOWCASE_ONLY
9002009,1996-12-09,informal_worker,40896.96,12,21875.27,8653.34,25960.03,13,0.4768,0.8959,0,0.898,0.0,0.1871,0.0,0.1381,0.496,0.4824,True,0,SYNTHETIC_SHOWCASE_ONLY
9002010,1996-02-29,small_merchant,300000.0,12,79349.65,14579.02,43737.07,177,0.8009,0.7344,0,0.3887,113295.59,0.8243,47626.22,0.7784,0.6837,0.2407,True,0,SYNTHETIC_SHOWCASE_ONLY
9002011,1995-06-27,informal_worker,50004.5,12,62637.6,25409.25,76227.75,21,0.4043,0.8525,1,0.6916,0.0,0.3803,0.0,0.1371,0.8006,0.5929,True,0,SYNTHETIC_SHOWCASE_ONLY
9002012,1994-12-19,small_merchant,85741.53,24,39303.7,11966.36,35899.07,101,0.5247,0.9661,0,0.5241,88047.44,0.8982,37834.48,0.6559,0.6517,0.3962,True,0,SYNTHETIC_SHOWCASE_ONLY
9002013,1993-10-07,first_time_borrower,123981.41,12,33226.4,9026.77,27080.3,157,0.8405,0.86,1,0.9002,0.0,0.1807,0.0,0.0153,0.6196,0.0624,True,0,SYNTHETIC_SHOWCASE_ONLY
9002014,1997-08-11,gig_worker,27370.35,12,11453.69,4129.31,12387.92,25,0.8381,0.8892,0,0.7122,0.0,0.365,0.0,0.3541,0.7555,0.1685,True,0,SYNTHETIC_SHOWCASE_ONLY
9002015,1996-03-28,gig_worker,37248.51,24,30188.12,8300.5,24901.51,139,0.5621,0.8068,2,0.941,0.0,0.1328,0.0,0.2135,0.6783,0.466,True,0,SYNTHETIC_SHOWCASE_ONLY
9002016,1994-08-06,small_merchant,70723.78,18,21511.3,5135.32,15405.96,251,0.779,0.9679,0,0.756,52256.39,0.8191,32222.22,0.7634,0.6387,0.1364,True,0,SYNTHETIC_SHOWCASE_ONLY
9002017,1995-01-26,small_merchant,54857.36,24,18919.69,6379.53,19138.58,274,0.6419,0.4013,0,0.533,25770.52,0.8136,25542.08,0.4787,0.7342,0.2304,True,1,SYNTHETIC_SHOWCASE_ONLY
9002018,1996-08-19,gig_worker,148388.97,24,30159.8,7331.11,21993.34,253,0.6923,0.8022,0,0.8986,0.0,0.093,0.0,0.2178,0.3603,0.4498,True,1,SYNTHETIC_SHOWCASE_ONLY
9002019,1996-08-06,informal_worker,86954.43,9,22333.14,4328.57,12985.72,198,0.7138,0.5859,2,0.818,0.0,0.5253,0.0,0.0382,0.8585,0.3351,True,1,SYNTHETIC_SHOWCASE_ONLY
9002020,1995-04-22,gig_worker,209907.4,6,42498.48,10402.15,31206.46,135,0.7265,0.8958,0,0.9289,0.0,0.4873,0.0,0.4808,0.6653,0.2438,True,1,SYNTHETIC_SHOWCASE_ONLY
9002021,1994-07-08,gig_worker,15698.56,6,11055.7,3439.87,10319.62,207,0.9498,0.925,0,0.5764,0.0,0.0354,0.0,0.4714,0.3603,0.1271,True,0,SYNTHETIC_SHOWCASE_ONLY
9002022,1996-04-20,small_merchant,114684.32,24,29026.52,11095.97,33287.9,100,0.8395,0.8387,0,0.8096,46746.25,0.834,1289.15,0.696,0.6007,0.3343,True,0,SYNTHETIC_SHOWCASE_ONLY
9002023,1996-04-16,informal_worker,55583.07,36,18361.17,3812.96,11438.88,53,0.4048,0.7287,1,0.819,0.0,0.1048,0.0,0.4582,0.7496,0.6359,True,1,SYNTHETIC_SHOWCASE_ONLY
9002024,1996-01-01,first_time_borrower,85913.27,12,23001.96,5692.47,17077.41,124,0.4527,0.7687,0,0.7089,0.0,0.4663,0.0,0.1388,0.7651,0.5422,True,1,SYNTHETIC_SHOWCASE_ONLY
9002025,1993-05-14,informal_worker,86117.11,24,32408.64,12000.54,36001.61,59,0.7605,0.7372,1,0.5352,0.0,0.2126,0.0,0.2061,0.7114,0.2672,True,1,SYNTHETIC_SHOWCASE_ONLY
9002026,1995-05-14,small_merchant,25131.3,24,16377.31,5824.29,17472.86,27,0.713,0.6875,1,0.6789,63384.73,0.942,1864.17,0.8365,0.5784,0.3522,True,0,SYNTHETIC_SHOWCASE_ONLY
9002027,1996-01-27,informal_worker,24274.9,36,30296.61,10785.91,32357.73,146,0.4363,0.5158,1,0.8484,0.0,0.1339,0.0,0.4671,0.5212,0.5862,True,0,SYNTHETIC_SHOWCASE_ONLY
9002028,1997-10-01,informal_worker,108441.6,12,25286.79,5286.38,15859.13,245,0.7377,0.8428,0,0.5848,0.0,0.2833,0.0,0.1411,0.5896,0.2486,True,0,SYNTHETIC_SHOWCASE_ONLY
9002029,1995-08-18,gig_worker,85342.02,9,20391.6,4603.82,13811.46,70,0.7723,0.7035,1,0.7277,0.0,0.1156,0.0,0.0431,0.8232,0.1298,True,1,SYNTHETIC_SHOWCASE_ONLY
9002030,1994-09-18,small_merchant,29379.56,24,22338.9,8813.64,26440.92,277,0.8204,0.7986,0,0.8151,72587.55,0.6863,500.5,0.4738,0.7344,0.2306,True,0,SYNTHETIC_SHOWCASE_ONLY
9002031,1995-10-12,informal_worker,89401.82,24,25998.0,6342.19,19026.56,131,0.5872,0.527,1,0.9129,0.0,0.3339,0.0,0.482,0.7193,0.4111,True,1,SYNTHETIC_SHOWCASE_ONLY
9002032,1993-11-20,small_merchant,74491.42,24,19368.4,4072.86,12218.58,88,0.7964,0.7571,0,0.8584,30520.1,0.9382,14415.94,0.6388,0.8365,0.1817,True,0,SYNTHETIC_SHOWCASE_ONLY
9002033,1993-06-15,informal_worker,85791.05,24,28095.51,11332.15,33996.44,267,0.4576,0.8029,0,0.8303,0.0,0.4003,0.0,0.184,0.6518,0.5682,True,0,SYNTHETIC_SHOWCASE_ONLY
9002034,1996-05-23,small_merchant,48897.6,12,24500.16,4864.38,14593.14,208,0.4109,0.8223,1,0.6144,86822.98,0.8504,11645.37,0.844,0.6437,0.5565,True,1,SYNTHETIC_SHOWCASE_ONLY
9002035,1997-12-06,small_merchant,93461.99,24,20879.94,7740.02,23220.05,94,0.6545,0.6799,1,0.8185,85383.13,0.9217,26277.08,0.7665,0.7959,0.4228,True,1,SYNTHETIC_SHOWCASE_ONLY
9002036,1997-03-25,gig_worker,205806.79,12,60059.08,14920.61,44761.83,17,0.9187,0.9052,0,0.7964,0.0,0.3839,0.0,0.2443,0.6939,0.05,True,1,SYNTHETIC_SHOWCASE_ONLY
9002037,1995-12-02,informal_worker,128807.36,12,34175.86,14061.11,42183.34,99,0.6746,0.6064,2,0.842,0.0,0.1197,0.0,0.4232,0.7084,0.2649,True,1,SYNTHETIC_SHOWCASE_ONLY
9002038,1993-03-15,first_time_borrower,80838.77,12,23301.15,8815.2,26445.6,57,0.9159,0.9324,0,0.8066,0.0,0.7753,0.0,0.0888,0.4465,0.1,True,1,SYNTHETIC_SHOWCASE_ONLY
9002039,1997-12-10,gig_worker,113325.65,9,30030.62,10055.29,30165.88,64,0.6306,0.6434,1,0.7331,0.0,0.258,0.0,0.3388,0.7172,0.3808,True,1,SYNTHETIC_SHOWCASE_ONLY
9002040,1995-04-02,small_merchant,21180.2,6,17104.32,3264.42,9793.27,239,0.5011,0.7661,1,0.7023,75912.97,0.7768,12435.89,0.8828,0.766,0.464,True,1,SYNTHETIC_SHOWCASE_ONLY
9002041,1994-06-13,gig_worker,105788.74,18,22704.3,5697.85,17093.55,46,0.7362,0.5283,0,0.8883,0.0,0.1467,0.0,0.4957,0.6869,0.3143,True,1,SYNTHETIC_SHOWCASE_ONLY
9002042,1997-06-18,gig_worker,44604.52,24,24012.33,9562.18,28686.55,86,0.3445,0.9124,0,0.2714,0.0,0.2984,0.0,0.2988,0.5549,0.7465,True,0,SYNTHETIC_SHOWCASE_ONLY
9002043,1996-09-24,first_time_borrower,65883.58,12,15390.39,3859.9,11579.69,273,0.4006,0.9557,0,0.7077,0.0,0.4441,0.0,0.4365,0.8467,0.6583,True,1,SYNTHETIC_SHOWCASE_ONLY
9002044,1996-09-30,small_merchant,152788.25,12,33721.46,8345.05,25035.15,52,0.7926,0.7889,0,0.7959,122032.96,0.9544,16103.9,0.5398,0.5145,0.2876,True,0,SYNTHETIC_SHOWCASE_ONLY
9002045,1994-05-23,small_merchant,76121.73,6,21966.32,5091.6,15274.8,190,0.7175,0.6853,1,0.7781,29791.49,0.8611,27683.8,0.7088,0.8936,0.1534,True,1,SYNTHETIC_SHOWCASE_ONLY
9002046,1997-12-17,gig_worker,76313.02,12,23607.88,7383.97,22151.9,67,0.5299,0.8518,1,0.6783,0.0,0.2018,0.0,0.2691,0.6044,0.3551,True,0,SYNTHETIC_SHOWCASE_ONLY
9002047,1995-04-07,first_time_borrower,23011.78,12,21310.91,5738.31,17214.94,21,0.5018,0.7812,0,0.5826,0.0,0.2362,0.0,0.1023,0.4975,0.5273,True,0,SYNTHETIC_SHOWCASE_ONLY
9002048,1995-08-29,gig_worker,291948.73,18,115881.49,40429.49,121288.48,15,0.6932,0.8717,0,0.5132,0.0,0.1687,0.0,0.0652,0.7531,0.2716,True,0,SYNTHETIC_SHOWCASE_ONLY
9002049,1996-10-03,informal_worker,67048.23,36,20371.75,3816.68,11450.05,232,0.9045,0.7634,2,0.5567,0.0,0.2542,0.0,0.2357,0.4496,0.1308,True,0,SYNTHETIC_SHOWCASE_ONLY
9002050,1996-04-20,gig_worker,9960.74,18,10373.35,2976.9,8930.69,213,0.6461,0.9274,0,0.7815,0.0,0.6731,0.0,0.3283,0.7108,0.4737,True,0,SYNTHETIC_SHOWCASE_ONLY
9002051,1993-11-11,gig_worker,14165.53,18,12990.74,4041.81,12125.42,39,0.9582,0.5333,2,0.8432,0.0,0.0772,0.0,0.2747,0.6939,0.0302,True,0,SYNTHETIC_SHOWCASE_ONLY
9002052,1994-07-07,informal_worker,200407.88,24,40312.83,11025.71,33077.13,261,0.9512,0.5824,1,0.8012,0.0,0.2167,0.0,0.4142,0.3925,0.1074,True,0,SYNTHETIC_SHOWCASE_ONLY
9002053,1994-10-22,gig_worker,109650.26,9,53181.03,16625.91,49877.73,120,0.722,0.7664,0,0.82,0.0,0.1956,0.0,0.0874,0.7299,0.1688,True,0,SYNTHETIC_SHOWCASE_ONLY
9002054,1997-09-27,informal_worker,43172.23,12,20185.04,4797.05,14391.15,206,0.6211,0.6851,0,0.7202,0.0,0.2229,0.0,0.2955,0.7859,0.4131,True,0,SYNTHETIC_SHOWCASE_ONLY
9002055,1996-07-28,gig_worker,88294.57,9,51733.23,15922.66,47767.99,168,0.6426,0.8127,1,0.8767,0.0,0.0906,0.0,0.2993,0.8624,0.2986,True,1,SYNTHETIC_SHOWCASE_ONLY
9002056,1994-10-31,informal_worker,137601.51,12,39971.54,16557.17,49671.51,58,0.6823,0.7726,2,0.8148,0.0,0.0632,0.0,0.4247,0.5833,0.3816,True,1,SYNTHETIC_SHOWCASE_ONLY
9002057,1996-09-03,informal_worker,68555.46,24,25565.76,7933.48,23800.45,84,0.3686,0.7971,0,0.8852,0.0,0.1063,0.0,0.2079,0.9306,0.7105,True,1,SYNTHETIC_SHOWCASE_ONLY
9002058,1996-09-10,informal_worker,100763.03,18,24709.56,5617.42,16852.25,233,0.8215,0.8143,1,0.9067,0.0,0.1836,0.0,0.2724,0.6859,0.241,True,0,SYNTHETIC_SHOWCASE_ONLY
9002059,1994-12-21,gig_worker,87189.69,12,30539.54,8490.4,25471.21,124,0.5526,0.8544,0,0.5227,0.0,0.2695,0.0,0.4234,0.9238,0.4752,True,1,SYNTHETIC_SHOWCASE_ONLY
9002060,1995-01-07,informal_worker,28493.11,12,42665.19,11466.7,34400.09,38,0.7846,0.8424,1,0.6629,0.0,0.2466,0.0,0.1743,0.5867,0.2995,True,0,SYNTHETIC_SHOWCASE_ONLY
9002061,1997-06-21,first_time_borrower,92290.65,12,33882.75,8125.71,24377.12,83,0.9357,0.866,0,0.9727,0.0,0.1986,0.0,0.242,0.909,0.0542,True,0,SYNTHETIC_SHOWCASE_ONLY
9002062,1995-10-23,gig_worker,17053.23,36,20233.44,3777.0,11331.0,21,0.7461,0.8735,1,0.7403,0.0,0.3285,0.0,0.2851,0.5203,0.3127,True,0,SYNTHETIC_SHOWCASE_ONLY
9002063,1993-10-01,gig_worker,109141.32,12,25753.88,7248.23,21744.68,270,0.5493,0.635,0,0.6497,0.0,0.1685,0.0,0.2508,0.8572,0.4615,True,1,SYNTHETIC_SHOWCASE_ONLY
9002064,1996-08-07,informal_worker,79726.98,24,72472.77,15277.38,45832.13,76,0.8287,0.7966,3,0.8442,0.0,0.3077,0.0,0.1426,0.7506,0.2647,True,1,SYNTHETIC_SHOWCASE_ONLY
9002065,1995-12-13,gig_worker,49107.11,6,31588.31,11974.8,35924.39,74,0.859,0.7268,1,0.8397,0.0,0.3634,0.0,0.3706,0.7599,0.0421,True,0,SYNTHETIC_SHOWCASE_ONLY
9002066,1995-07-19,informal_worker,111510.9,9,42499.01,15027.67,45083.01,263,0.7076,0.8458,0,0.9404,0.0,0.1857,0.0,0.067,0.5702,0.313,True,1,SYNTHETIC_SHOWCASE_ONLY
9002067,1996-08-17,informal_worker,52930.0,12,36283.0,7599.56,22798.68,84,0.8911,0.8145,0,0.9349,0.0,0.6403,0.0,0.2622,0.7461,0.1136,True,0,SYNTHETIC_SHOWCASE_ONLY
9002068,1997-07-15,gig_worker,94901.77,36,31925.86,10757.11,32271.33,65,0.9198,0.8787,0,0.9634,0.0,0.2409,0.0,0.2577,0.808,0.1086,True,0,SYNTHETIC_SHOWCASE_ONLY
9002069,1994-08-27,small_merchant,77497.86,12,29499.7,7856.31,23568.92,24,0.5634,0.9433,0,0.5404,105716.8,0.7379,20186.47,0.3958,0.3266,0.4677,True,0,SYNTHETIC_SHOWCASE_ONLY
9002070,1995-02-05,small_merchant,206378.51,24,43075.4,8861.62,26584.85,171,0.3663,0.815,1,0.9393,79840.17,0.7875,15921.24,0.6948,0.824,0.5742,True,1,SYNTHETIC_SHOWCASE_ONLY
9002071,1993-12-13,small_merchant,39092.62,9,39533.67,9354.95,28064.85,101,0.7089,0.9591,1,0.8531,104637.78,0.9834,21912.78,0.6244,0.8548,0.244,True,0,SYNTHETIC_SHOWCASE_ONLY
9002072,1996-03-27,first_time_borrower,99717.21,18,31781.15,8590.4,25771.21,147,0.6014,0.8824,0,0.7938,0.0,0.1354,0.0,0.1652,0.9656,0.4664,True,0,SYNTHETIC_SHOWCASE_ONLY
9002073,1995-01-06,gig_worker,75656.96,18,20069.44,6239.45,18718.34,117,0.8066,0.9419,0,0.8727,0.0,0.5593,0.0,0.2245,0.5532,0.2968,True,0,SYNTHETIC_SHOWCASE_ONLY
9002074,1994-09-18,small_merchant,39135.72,18,33692.41,11195.17,33585.5,172,0.824,0.8262,0,0.7532,71029.07,0.8174,25256.38,0.9521,0.8411,0.1155,True,0,SYNTHETIC_SHOWCASE_ONLY
9002075,1996-06-25,first_time_borrower,92198.47,12,27113.74,7409.85,22229.56,141,0.5454,0.9166,0,0.6974,0.0,0.3847,0.0,0.278,0.8126,0.3812,True,1,SYNTHETIC_SHOWCASE_ONLY
9002076,1995-01-16,gig_worker,106319.5,9,24148.97,7410.91,22232.72,27,0.6711,0.9617,1,0.8284,0.0,0.1322,0.0,0.1549,0.7355,0.5079,True,1,SYNTHETIC_SHOWCASE_ONLY
9002077,1995-04-28,first_time_borrower,300000.0,24,101292.97,24168.09,72504.26,263,0.7552,0.631,0,0.9546,0.0,0.2749,0.0,0.0998,0.717,0.266,True,0,SYNTHETIC_SHOWCASE_ONLY
9002078,1995-03-15,gig_worker,63064.37,18,13375.97,5184.74,15554.21,173,0.7325,0.8057,0,0.5693,0.0,0.1866,0.0,0.2524,0.6769,0.2419,True,1,SYNTHETIC_SHOWCASE_ONLY
9002079,1994-04-18,small_merchant,167254.86,12,44357.89,16218.01,48654.02,247,0.6009,0.7352,1,0.811,118201.13,0.8925,42013.95,0.6369,0.6209,0.3525,True,1,SYNTHETIC_SHOWCASE_ONLY
9002080,1993-08-18,gig_worker,43185.71,12,18506.51,4021.78,12065.35,219,0.5005,0.7017,1,0.8291,0.0,0.5904,0.0,0.4698,0.2531,0.5509,True,1,SYNTHETIC_SHOWCASE_ONLY
9002081,1997-02-19,informal_worker,138662.45,6,29819.97,7775.44,23326.31,14,0.6306,0.9286,1,0.6836,0.0,0.203,0.0,0.0174,0.5745,0.3381,True,1,SYNTHETIC_SHOWCASE_ONLY
9002082,1993-06-17,informal_worker,152909.67,12,96074.75,23727.64,71182.92,100,0.4463,0.685,2,0.9353,0.0,0.2474,0.0,0.3273,0.6121,0.5526,True,1,SYNTHETIC_SHOWCASE_ONLY
9002083,1994-08-17,first_time_borrower,55894.13,12,17641.73,5755.9,17267.69,196,0.7979,0.9227,0,0.9837,0.0,0.1486,0.0,0.5498,0.8804,0.405,True,1,SYNTHETIC_SHOWCASE_ONLY
9002084,1996-05-03,first_time_borrower,78510.58,9,19781.47,8046.35,24139.05,195,0.1963,0.8327,1,0.7461,0.0,0.1253,0.0,0.6608,0.6847,0.8279,True,1,SYNTHETIC_SHOWCASE_ONLY
9002085,1993-08-28,informal_worker,123224.77,12,27765.6,7511.8,22535.4,64,0.8924,0.6598,0,0.7585,0.0,0.135,0.0,0.0858,0.7582,0.0014,True,0,SYNTHETIC_SHOWCASE_ONLY
9002086,1996-04-11,informal_worker,86375.03,18,18644.3,7698.56,23095.67,196,0.7429,0.8805,0,0.8858,0.0,0.2094,0.0,0.5128,0.7158,0.2615,True,0,SYNTHETIC_SHOWCASE_ONLY
9002087,1996-08-31,small_merchant,41683.18,36,42800.58,13964.05,41892.15,265,0.8484,0.9503,1,0.7648,95982.08,0.8813,20896.4,0.6824,0.5998,0.2329,True,0,SYNTHETIC_SHOWCASE_ONLY
9002088,1996-04-25,first_time_borrower,82205.75,24,21663.53,7893.33,23679.99,58,0.9639,0.8513,2,0.7894,0.0,0.3733,0.0,0.3011,0.6901,0.0078,True,0,SYNTHETIC_SHOWCASE_ONLY
9002089,1994-07-11,informal_worker,57414.64,18,38326.02,14754.84,44264.51,256,0.9157,0.8006,2,0.7472,0.0,0.2411,0.0,0.2936,0.5757,0.1926,True,0,SYNTHETIC_SHOWCASE_ONLY
9002090,1993-02-06,first_time_borrower,59590.42,24,14793.59,3755.59,11266.76,246,0.9111,0.8341,0,0.5357,0.0,0.2659,0.0,0.3298,0.8304,0.0051,True,0,SYNTHETIC_SHOWCASE_ONLY
9002091,1997-06-09,gig_worker,43322.08,12,11762.6,3607.91,10823.72,164,0.884,0.9272,0,0.8214,0.0,0.4737,0.0,0.3209,0.6917,0.2915,True,0,SYNTHETIC_SHOWCASE_ONLY
9002092,1994-08-20,small_merchant,35068.34,18,25085.54,7073.86,21221.59,197,0.7547,0.9908,0,0.9645,61183.93,0.6685,24985.68,0.6267,0.3378,0.3014,True,0,SYNTHETIC_SHOWCASE_ONLY
9002093,1997-01-09,informal_worker,56240.36,6,13188.18,2816.46,8449.37,185,0.8628,0.8852,2,0.5191,0.0,0.0561,0.0,0.2955,0.6062,0.2627,True,1,SYNTHETIC_SHOWCASE_ONLY
9002094,1993-12-28,gig_worker,152729.52,6,58030.78,12616.98,37850.94,127,0.4844,0.9219,0,0.7347,0.0,0.6509,0.0,0.3438,0.8057,0.5336,True,1,SYNTHETIC_SHOWCASE_ONLY
9002095,1993-10-24,gig_worker,40211.94,18,13435.48,5231.56,15694.69,124,0.6651,0.8597,1,0.8687,0.0,0.5228,0.0,0.078,0.5114,0.2877,True,1,SYNTHETIC_SHOWCASE_ONLY
9002096,1996-11-21,first_time_borrower,82935.74,12,17015.33,4620.71,13862.14,61,0.7449,0.9023,0,0.6661,0.0,0.5142,0.0,0.2035,0.8968,0.1256,True,0,SYNTHETIC_SHOWCASE_ONLY
9002097,1997-09-12,small_merchant,119152.11,24,34149.3,8126.25,24378.74,49,0.827,0.7424,1,0.669,92417.54,0.9637,19215.34,0.8097,0.6649,0.1032,True,0,SYNTHETIC_SHOWCASE_ONLY
9002098,1997-04-21,gig_worker,67401.67,18,21131.18,5484.13,16452.38,90,0.5091,0.963,2,0.8775,0.0,0.5848,0.0,0.264,0.5356,0.3551,True,1,SYNTHETIC_SHOWCASE_ONLY
9002099,1996-10-03,small_merchant,9101.97,6,13509.3,3687.69,11063.07,166,0.8684,0.8404,2,0.689,20558.48,0.8326,5420.81,0.7226,0.9377,0.1417,True,0,SYNTHETIC_SHOWCASE_ONLY
9002100,1994-03-27,small_merchant,110067.34,12,74543.83,18012.8,54038.39,53,0.5792,0.9821,0,0.7418,236950.28,0.8494,32738.9,0.7313,0.6961,0.4247,True,1,SYNTHETIC_SHOWCASE_ONLY
9002101,1997-07-26,informal_worker,12411.02,18,17312.35,5358.47,16075.4,18,0.5292,0.8363,0,0.7259,0.0,0.6009,0.0,0.1079,0.7967,0.6039,True,1,SYNTHETIC_SHOWCASE_ONLY
9002102,1996-05-04,first_time_borrower,52661.95,24,25482.72,6972.49,20917.48,109,0.7642,0.9274,0,0.9255,0.0,0.026,0.0,0.4785,0.6723,0.2565,True,0,SYNTHETIC_SHOWCASE_ONLY
9002103,1993-11-11,first_time_borrower,53583.57,24,25325.0,9808.83,29426.5,203,0.8346,0.7641,0,0.8476,0.0,0.4869,0.0,0.3972,0.6782,0.2219,True,0,SYNTHETIC_SHOWCASE_ONLY
9002104,1993-08-25,informal_worker,115507.2,12,39375.86,7771.68,23315.04,266,0.7133,0.7419,0,0.5111,0.0,0.2025,0.0,0.1158,0.8425,0.2274,True,0,SYNTHETIC_SHOWCASE_ONLY
9002105,1997-05-10,informal_worker,127069.94,24,34957.52,14148.82,42446.45,268,0.7165,0.7689,0,0.7967,0.0,0.3824,0.0,0.479,0.7898,0.3785,True,0,SYNTHETIC_SHOWCASE_ONLY
9002106,1994-05-18,small_merchant,26154.19,12,18827.9,3570.34,10711.03,205,0.6508,0.6597,1,0.832,54455.46,0.9083,16632.77,0.7642,0.6643,0.3421,True,0,SYNTHETIC_SHOWCASE_ONLY
9002107,1996-10-30,first_time_borrower,77759.83,6,23946.15,8623.26,25869.77,159,0.9198,0.7469,0,0.8363,0.0,0.1448,0.0,0.3735,0.2825,0.0496,True,0,SYNTHETIC_SHOWCASE_ONLY
9002108,1993-09-11,gig_worker,116379.02,18,25110.39,8585.24,25755.71,46,0.2785,0.6089,1,0.5583,0.0,0.5092,0.0,0.315,0.5724,0.6258,True,1,SYNTHETIC_SHOWCASE_ONLY
9002109,1994-05-28,gig_worker,56721.43,12,40113.18,10922.87,32768.6,175,0.7086,0.9159,1,0.8703,0.0,0.2902,0.0,0.1047,0.626,0.26,True,0,SYNTHETIC_SHOWCASE_ONLY
9002110,1994-06-02,first_time_borrower,55933.83,9,15981.15,3919.24,11757.71,90,0.7664,0.9447,0,0.7203,0.0,0.1331,0.0,0.3604,0.785,0.1161,True,0,SYNTHETIC_SHOWCASE_ONLY
9002111,1994-05-29,first_time_borrower,59056.47,12,73765.97,19811.39,59434.16,183,0.6789,0.833,0,0.7005,0.0,0.4221,0.0,0.3584,0.7184,0.2436,True,0,SYNTHETIC_SHOWCASE_ONLY
9002112,1996-05-17,small_merchant,57122.72,24,19449.02,6963.59,20890.78,274,0.6886,0.844,0,0.7654,38182.35,0.5188,14819.33,0.6294,0.7584,0.3513,True,0,SYNTHETIC_SHOWCASE_ONLY
9002113,1997-07-28,informal_worker,107704.36,36,27882.65,7258.84,21776.52,238,0.8528,0.7972,1,0.6615,0.0,0.3355,0.0,0.0938,0.615,0.1438,True,0,SYNTHETIC_SHOWCASE_ONLY
9002114,1997-07-21,small_merchant,12030.43,36,16045.2,3331.14,9993.43,154,0.7878,0.8962,0,0.6716,45524.09,0.6596,8392.74,0.6431,0.6177,0.2274,True,1,SYNTHETIC_SHOWCASE_ONLY
9002115,1996-09-16,small_merchant,31054.13,12,15015.58,4731.72,14195.16,74,0.7792,0.6096,0,0.8122,27826.48,0.7738,18351.09,0.8428,0.4653,0.1865,True,0,SYNTHETIC_SHOWCASE_ONLY
9002116,1994-01-05,gig_worker,82129.93,12,18402.36,7486.44,22459.31,54,0.7299,0.682,0,0.8344,0.0,0.544,0.0,0.2835,0.6008,0.3321,True,1,SYNTHETIC_SHOWCASE_ONLY
9002117,1997-10-21,gig_worker,27977.88,24,17572.82,6093.32,18279.96,98,0.5476,0.9174,0,0.6271,0.0,0.2891,0.0,0.4018,0.6789,0.3917,True,0,SYNTHETIC_SHOWCASE_ONLY
9002118,1995-09-17,small_merchant,86769.62,12,22950.99,9072.09,27216.28,189,0.9254,0.678,0,0.8492,57064.27,0.936,33482.07,0.6023,0.3837,0.057,True,0,SYNTHETIC_SHOWCASE_ONLY
9002119,1995-09-24,small_merchant,57648.14,12,17501.76,5771.13,17313.4,156,0.6204,0.6881,1,0.9634,27904.94,0.7765,23270.52,0.5344,0.796,0.3329,True,1,SYNTHETIC_SHOWCASE_ONLY
9002120,1996-07-04,small_merchant,51618.1,12,39097.94,10251.56,30754.69,185,0.7552,0.4054,2,0.8219,112219.72,0.7696,48587.15,0.872,0.6654,0.2051,True,1,SYNTHETIC_SHOWCASE_ONLY
9002121,1996-11-05,gig_worker,74287.98,18,19228.09,4866.87,14600.6,19,0.9214,0.8481,1,0.6656,0.0,0.0676,0.0,0.2023,0.6965,0.0533,True,0,SYNTHETIC_SHOWCASE_ONLY
9002122,1997-10-07,first_time_borrower,53622.88,18,18231.9,5511.35,16534.05,191,0.7312,0.8667,1,0.5373,0.0,0.4584,0.0,0.1763,0.5483,0.2643,True,0,SYNTHETIC_SHOWCASE_ONLY
9002123,1995-11-30,informal_worker,25341.07,12,23186.71,6525.08,19575.23,49,0.8615,0.9421,0,0.8644,0.0,0.095,0.0,0.5175,0.6826,0.18,True,0,SYNTHETIC_SHOWCASE_ONLY
9002124,1996-01-19,first_time_borrower,215428.47,6,45094.81,11833.85,35501.54,102,0.7524,0.6433,2,0.8477,0.0,0.2731,0.0,0.2658,0.7166,0.2026,True,1,SYNTHETIC_SHOWCASE_ONLY
9002125,1996-09-23,gig_worker,85820.07,24,31042.12,8831.05,26493.15,38,0.7732,0.8804,0,0.6469,0.0,0.4078,0.0,0.1763,0.6034,0.2535,True,0,SYNTHETIC_SHOWCASE_ONLY
9002126,1994-04-11,informal_worker,103520.0,18,26691.72,8094.65,24283.96,26,0.5447,0.8374,0,0.6771,0.0,0.2052,0.0,0.3743,0.8084,0.4628,True,1,SYNTHETIC_SHOWCASE_ONLY
9002127,1994-07-16,first_time_borrower,21925.92,12,14074.2,4851.31,14553.94,220,0.2973,0.774,0,0.5977,0.0,0.3799,0.0,0.2842,0.2381,0.6281,True,1,SYNTHETIC_SHOWCASE_ONLY
9002128,1996-02-17,small_merchant,19472.96,12,16178.84,3767.37,11302.11,14,0.222,0.8705,1,0.8362,21534.45,0.8326,16527.04,0.7606,0.7195,0.8295,True,1,SYNTHETIC_SHOWCASE_ONLY
9002129,1993-04-28,gig_worker,58538.7,36,15158.6,4152.74,12458.21,150,0.7344,0.6245,0,0.6134,0.0,0.1202,0.0,0.4296,0.5826,0.2981,True,1,SYNTHETIC_SHOWCASE_ONLY
9002130,1994-08-09,gig_worker,186906.49,18,52430.74,16030.19,48090.58,230,0.6181,0.8719,1,0.584,0.0,0.1271,0.0,0.0443,0.5108,0.4186,True,1,SYNTHETIC_SHOWCASE_ONLY
9002131,1996-08-04,gig_worker,65237.22,18,36121.01,12145.44,36436.32,28,0.5036,0.6477,0,0.8015,0.0,0.2445,0.0,0.2178,0.6755,0.4785,True,0,SYNTHETIC_SHOWCASE_ONLY
9002132,1997-11-18,small_merchant,71908.99,18,18515.84,7051.74,21155.21,238,0.8151,0.9781,0,0.7573,50903.97,0.8671,25471.64,0.5644,0.7105,0.2504,True,0,SYNTHETIC_SHOWCASE_ONLY
9002133,1995-08-07,small_merchant,60264.3,36,21355.43,6197.91,18593.73,97,0.9165,0.8172,0,0.7238,49149.8,0.6405,17772.02,0.7319,0.8425,0.1514,True,0,SYNTHETIC_SHOWCASE_ONLY
9002134,1994-12-31,gig_worker,40204.65,12,18841.56,7067.05,21201.14,239,0.8812,0.7711,0,0.7245,0.0,0.0884,0.0,0.3315,0.5904,0.0,True,0,SYNTHETIC_SHOWCASE_ONLY
9002135,1995-03-16,informal_worker,74347.23,12,18301.65,3935.17,11805.5,260,0.7159,0.9625,0,0.757,0.0,0.4546,0.0,0.2516,0.4337,0.3606,True,1,SYNTHETIC_SHOWCASE_ONLY
9002136,1996-06-05,gig_worker,115729.77,12,34923.12,12198.49,36595.46,223,0.528,0.8074,2,0.7611,0.0,0.5916,0.0,0.5171,0.6389,0.4336,True,1,SYNTHETIC_SHOWCASE_ONLY
9002137,1995-09-22,small_merchant,69072.97,24,24390.34,9723.42,29170.25,67,0.7373,0.7648,0,0.6984,98809.34,0.9302,13672.96,0.4286,0.8239,0.134,True,0,SYNTHETIC_SHOWCASE_ONLY
9002138,1993-02-12,informal_worker,300000.0,9,76032.82,31128.9,93386.71,212,0.8365,0.9122,0,0.9582,0.0,0.3234,0.0,0.1145,0.7192,0.2564,True,0,SYNTHETIC_SHOWCASE_ONLY
9002139,1995-09-12,gig_worker,152943.82,12,51028.14,13406.41,40219.22,191,0.9141,0.9011,0,0.8725,0.0,0.1655,0.0,0.3389,0.544,0.0,True,0,SYNTHETIC_SHOWCASE_ONLY
9002140,1995-01-01,gig_worker,248287.03,12,52496.95,11788.82,35366.46,120,0.8012,0.9445,0,0.9419,0.0,0.0509,0.0,0.1294,0.7073,0.1753,True,0,SYNTHETIC_SHOWCASE_ONLY
9002141,1996-07-03,gig_worker,162293.8,18,38646.49,9357.2,28071.6,61,0.7186,0.8264,2,0.562,0.0,0.1563,0.0,0.0209,0.6307,0.285,True,1,SYNTHETIC_SHOWCASE_ONLY
9002142,1997-05-17,gig_worker,49740.93,18,22858.62,6762.77,20288.32,96,0.5824,0.8734,0,0.7672,0.0,0.3038,0.0,0.3439,0.825,0.3328,True,0,SYNTHETIC_SHOWCASE_ONLY
9002143,1997-10-24,small_merchant,98697.43,12,37305.63,9400.51,28201.53,129,0.9044,0.7699,1,0.7092,129477.28,0.8338,11078.18,0.6038,0.8439,0.1682,True,0,SYNTHETIC_SHOWCASE_ONLY
9002144,1996-01-20,gig_worker,113969.72,12,23683.17,5937.46,17812.37,96,0.7658,0.7698,0,0.7115,0.0,0.2176,0.0,0.1225,0.7566,0.241,True,1,SYNTHETIC_SHOWCASE_ONLY
9002145,1994-10-25,gig_worker,277944.53,24,61236.11,21163.08,63489.25,89,0.7605,0.8374,1,0.6166,0.0,0.3559,0.0,0.4397,0.5029,0.3226,True,1,SYNTHETIC_SHOWCASE_ONLY
9002146,1995-03-22,first_time_borrower,48996.36,6,33996.54,9365.11,28095.34,248,0.7694,0.909,0,0.7468,0.0,0.2384,0.0,0.1548,0.4899,0.1639,True,0,SYNTHETIC_SHOWCASE_ONLY
9002147,1993-11-19,first_time_borrower,57384.29,24,31757.77,8350.35,25051.04,227,0.4471,0.5263,3,0.9814,0.0,0.2858,0.0,0.374,0.6958,0.5547,True,1,SYNTHETIC_SHOWCASE_ONLY
9002148,1997-09-06,gig_worker,65576.92,12,29761.02,9151.89,27455.67,83,0.8176,0.7369,0,0.6689,0.0,0.3046,0.0,0.0993,0.6622,0.1179,True,0,SYNTHETIC_SHOWCASE_ONLY
9002149,1997-03-28,small_merchant,288651.36,36,64555.96,13938.38,41815.15,204,0.8125,0.9564,0,0.5149,150659.03,0.8261,50879.55,0.5389,0.9504,0.133,True,0,SYNTHETIC_SHOWCASE_ONLY
9002150,1997-04-09,small_merchant,65853.88,12,14069.43,3263.58,9790.74,263,0.9233,0.9316,0,0.7481,42005.75,0.9043,8328.32,0.7392,0.608,0.0,True,0,SYNTHETIC_SHOWCASE_ONLY
9002151,1994-08-23,first_time_borrower,279480.35,18,67665.92,17301.21,51903.62,265,0.866,0.919,0,0.8643,0.0,0.1953,0.0,0.4583,0.7826,0.2063,True,0,SYNTHETIC_SHOWCASE_ONLY
9002152,1994-08-12,informal_worker,46427.79,9,25606.61,10349.54,31048.62,80,0.1759,0.8631,2,0.6492,0.0,0.0292,0.0,0.0374,0.6534,0.8112,True,1,SYNTHETIC_SHOWCASE_ONLY
9002153,1997-04-14,gig_worker,64200.81,12,14257.07,4996.78,14990.34,168,0.9416,0.7692,1,0.7322,0.0,0.5576,0.0,0.4013,0.7689,0.0,True,0,SYNTHETIC_SHOWCASE_ONLY
9002154,1995-09-22,gig_worker,14531.8,24,19514.23,4259.2,12777.61,144,0.8875,0.9145,1,0.6904,0.0,0.3724,0.0,0.0498,0.8562,0.1015,True,0,SYNTHETIC_SHOWCASE_ONLY
9002155,1996-07-10,small_merchant,31190.53,18,12677.35,4244.29,12732.87,142,0.8152,0.7899,1,0.6948,20018.3,0.9299,8638.08,0.8886,0.5588,0.2852,True,0,SYNTHETIC_SHOWCASE_ONLY
9002156,1995-06-14,first_time_borrower,86662.15,24,38319.53,10283.33,30850.0,165,0.7231,0.7306,2,0.6671,0.0,0.3234,0.0,0.4345,0.5286,0.2695,True,1,SYNTHETIC_SHOWCASE_ONLY
9002157,1995-03-20,first_time_borrower,50266.6,18,17010.38,5500.72,16502.17,270,0.8704,0.9042,0,0.9401,0.0,0.0659,0.0,0.37,0.7529,0.2014,True,0,SYNTHETIC_SHOWCASE_ONLY
9002158,1996-02-29,gig_worker,93112.24,18,30361.19,6417.99,19253.96,217,0.7834,0.8488,2,0.9365,0.0,0.132,0.0,0.0581,0.7966,0.1949,True,0,SYNTHETIC_SHOWCASE_ONLY
9002159,1997-01-24,small_merchant,76821.26,24,48261.24,19273.82,57821.47,250,0.7094,0.8451,1,0.8747,173043.18,0.8765,56543.77,0.8201,0.9802,0.3531,True,0,SYNTHETIC_SHOWCASE_ONLY
9002160,1994-09-03,gig_worker,30420.95,12,20280.02,4605.03,13815.08,154,0.9581,0.8051,2,0.7732,0.0,0.1987,0.0,0.2549,0.5532,0.0186,True,0,SYNTHETIC_SHOWCASE_ONLY
9002161,1997-01-17,informal_worker,101816.24,24,24618.91,6518.96,19556.89,39,0.9029,0.7476,1,0.8579,0.0,0.4132,0.0,0.1927,0.5602,0.0611,True,0,SYNTHETIC_SHOWCASE_ONLY
9002162,1994-03-22,first_time_borrower,14008.5,12,14978.09,3138.72,9416.16,30,0.668,0.8666,0,0.8708,0.0,0.4484,0.0,0.2048,0.8027,0.2767,True,0,SYNTHETIC_SHOWCASE_ONLY
9002163,1995-01-06,small_merchant,64380.19,12,23238.1,6311.84,18935.53,21,0.7549,0.6937,0,0.7667,32549.08,0.8607,12512.91,0.8356,0.6551,0.3025,True,0,SYNTHETIC_SHOWCASE_ONLY
9002164,1997-07-25,gig_worker,139021.6,24,96325.77,35971.53,107914.59,274,0.3553,0.9149,0,0.7774,0.0,0.1391,0.0,0.428,0.4612,0.7223,True,1,SYNTHETIC_SHOWCASE_ONLY
9002165,1997-10-09,small_merchant,81597.85,6,40674.95,8406.5,25219.49,153,0.6238,0.9407,0,0.5701,117322.03,0.7939,59432.23,0.5515,0.8459,0.3073,True,0,SYNTHETIC_SHOWCASE_ONLY
9002166,1997-08-14,small_merchant,44881.37,9,24658.8,5078.34,15235.02,203,0.6086,0.878,0,0.7363,92690.08,0.5937,18552.66,0.9044,0.5517,0.4447,True,0,SYNTHETIC_SHOWCASE_ONLY
9002167,1994-08-01,informal_worker,77606.02,6,20875.88,8134.46,24403.37,245,0.7854,0.8893,1,0.8024,0.0,0.1523,0.0,0.3557,0.8242,0.1133,True,1,SYNTHETIC_SHOWCASE_ONLY
9002168,1997-03-20,small_merchant,71503.42,18,27432.83,10403.52,31210.56,116,0.6884,0.7009,0,0.6016,107325.78,0.8156,24155.17,0.6878,0.8544,0.297,True,1,SYNTHETIC_SHOWCASE_ONLY
9002169,1997-09-06,first_time_borrower,57149.7,18,29803.59,12381.95,37145.84,177,0.7275,0.9347,0,0.8762,0.0,0.4343,0.0,0.146,0.5328,0.2969,True,0,SYNTHETIC_SHOWCASE_ONLY
9002170,1997-11-22,gig_worker,97498.66,6,22898.03,6060.87,18182.6,77,0.819,0.8197,2,0.8194,0.0,0.3413,0.0,0.2279,0.8258,0.1119,True,1,SYNTHETIC_SHOWCASE_ONLY
9002171,1993-02-08,gig_worker,35299.7,9,36112.28,7501.62,22504.87,262,0.979,0.9402,0,0.8543,0.0,0.0497,0.0,0.2568,0.7633,0.0663,True,0,SYNTHETIC_SHOWCASE_ONLY
9002172,1996-09-22,small_merchant,70373.46,12,17717.44,6709.24,20127.73,190,0.6011,0.8327,0,0.9525,27431.4,0.5528,19898.02,0.6305,0.537,0.4006,True,0,SYNTHETIC_SHOWCASE_ONLY
9002173,1997-12-26,gig_worker,29917.1,12,17675.48,6477.55,19432.66,178,0.7382,0.6974,0,0.7522,0.0,0.3468,0.0,0.3783,0.4969,0.2478,True,0,SYNTHETIC_SHOWCASE_ONLY
9002174,1996-10-28,gig_worker,155160.26,9,33444.87,11486.08,34458.23,78,0.758,0.811,0,0.5499,0.0,0.4247,0.0,0.4653,0.7231,0.1661,True,0,SYNTHETIC_SHOWCASE_ONLY
9002175,1994-03-02,informal_worker,9978.06,9,15978.7,4144.48,12433.44,186,0.8198,0.3548,4,0.6775,0.0,0.2374,0.0,0.0333,0.889,0.0776,True,1,SYNTHETIC_SHOWCASE_ONLY
9002176,1996-10-24,gig_worker,121152.61,24,39731.04,8691.79,26075.36,45,0.7387,0.8448,0,0.8516,0.0,0.1431,0.0,0.2024,0.793,0.2895,True,0,SYNTHETIC_SHOWCASE_ONLY
9002177,1993-07-12,gig_worker,92824.58,24,27808.72,8340.07,25020.2,29,0.7341,0.9712,0,0.5707,0.0,0.129,0.0,0.1289,0.6475,0.2484,True,0,SYNTHETIC_SHOWCASE_ONLY
9002178,1995-05-28,gig_worker,36564.2,12,11644.2,2542.17,7626.51,237,0.8253,0.9217,2,0.6857,0.0,0.044,0.0,0.3854,0.7202,0.0917,True,0,SYNTHETIC_SHOWCASE_ONLY
9002179,1996-02-18,gig_worker,123535.16,12,29511.03,9214.68,27644.03,176,0.3979,0.5786,1,0.3429,0.0,0.1223,0.0,0.1578,0.758,0.5709,True,1,SYNTHETIC_SHOWCASE_ONLY
9002180,1995-04-14,first_time_borrower,13636.33,9,12470.1,2380.19,7140.56,76,0.7375,0.8919,0,0.8263,0.0,0.3316,0.0,0.1907,0.4525,0.3059,True,0,SYNTHETIC_SHOWCASE_ONLY
9002181,1996-07-01,first_time_borrower,94847.47,12,39056.85,10549.86,31649.59,63,0.5185,0.9219,0,0.8431,0.0,0.4448,0.0,0.3427,0.716,0.4618,True,0,SYNTHETIC_SHOWCASE_ONLY
9002182,1994-03-15,gig_worker,109347.03,12,24849.1,7766.35,23299.06,59,0.8467,0.8539,0,0.9774,0.0,0.1555,0.0,0.464,0.8341,0.1515,True,0,SYNTHETIC_SHOWCASE_ONLY
9002183,1996-01-12,informal_worker,300000.0,36,68082.82,27235.48,81706.43,18,0.5712,0.9178,0,0.8798,0.0,0.5483,0.0,0.0413,0.5805,0.3754,True,0,SYNTHETIC_SHOWCASE_ONLY
9002184,1996-03-23,informal_worker,130771.18,24,46825.82,16791.8,50375.4,156,0.564,0.8798,1,0.7227,0.0,0.1432,0.0,0.51,0.3805,0.4891,True,1,SYNTHETIC_SHOWCASE_ONLY
9002185,1996-03-03,first_time_borrower,51411.89,12,16828.47,3880.22,11640.67,124,0.741,0.8401,1,0.8031,0.0,0.4113,0.0,0.4175,0.5262,0.1719,True,0,SYNTHETIC_SHOWCASE_ONLY
9002186,1994-06-13,small_merchant,42047.32,9,10614.8,2005.7,6017.1,257,0.5555,0.7706,0,0.9361,38469.62,0.9056,4998.99,0.9117,0.3644,0.4509,True,1,SYNTHETIC_SHOWCASE_ONLY
9002187,1994-07-12,gig_worker,78538.83,18,19487.16,7525.87,22577.62,123,0.5072,0.7709,1,0.7866,0.0,0.3673,0.0,0.2584,0.6249,0.4578,True,1,SYNTHETIC_SHOWCASE_ONLY
9002188,1994-04-16,small_merchant,70228.62,36,15580.19,4352.3,13056.89,199,0.3688,0.8363,1,0.5912,36546.74,0.9376,3223.22,0.5731,0.6511,0.6559,True,1,SYNTHETIC_SHOWCASE_ONLY
9002189,1995-04-24,first_time_borrower,290088.53,6,67259.53,13165.76,39497.28,69,0.7743,0.8948,0,0.8535,0.0,0.1,0.0,0.2621,0.8906,0.2047,True,1,SYNTHETIC_SHOWCASE_ONLY
9002190,1995-12-06,informal_worker,67521.82,24,27861.71,7597.37,22792.11,22,0.8846,0.6593,0,0.8529,0.0,0.271,0.0,0.0563,0.7693,0.1091,True,0,SYNTHETIC_SHOWCASE_ONLY
9002191,1994-10-24,small_merchant,151593.17,12,43826.8,16782.41,50347.22,160,0.9813,0.736,1,0.8025,68320.49,0.9422,3585.85,0.4623,0.7964,0.0163,True,0,SYNTHETIC_SHOWCASE_ONLY
9002192,1995-01-19,gig_worker,66573.81,24,24419.69,6025.09,18075.28,255,0.5459,0.8177,0,0.6551,0.0,0.3513,0.0,0.3156,0.6036,0.2884,True,0,SYNTHETIC_SHOWCASE_ONLY
9002193,1994-06-07,informal_worker,28743.93,12,25686.46,5394.85,16184.55,230,0.8439,0.7438,0,0.6868,0.0,0.5645,0.0,0.0633,0.7314,0.149,True,0,SYNTHETIC_SHOWCASE_ONLY
9002194,1994-02-04,first_time_borrower,116197.01,18,27564.91,10129.95,30389.86,129,0.6002,0.7201,0,0.8399,0.0,0.1543,0.0,0.4226,0.4896,0.3957,True,1,SYNTHETIC_SHOWCASE_ONLY
9002195,1996-04-15,small_merchant,154672.31,12,47624.31,11149.52,33448.57,228,0.4105,0.8347,1,0.5994,120506.99,0.6178,30231.03,0.3878,0.5681,0.6379,True,1,SYNTHETIC_SHOWCASE_ONLY
9002196,1997-01-30,informal_worker,27809.88,18,32517.69,10126.61,30379.84,199,0.7517,0.6872,0,0.9422,0.0,0.0698,0.0,0.1339,0.6579,0.1276,True,0,SYNTHETIC_SHOWCASE_ONLY
9002197,1994-06-15,small_merchant,60313.13,18,16855.62,4490.46,13471.39,243,0.9253,0.7043,1,0.9011,26977.14,0.9193,14910.52,0.644,0.7205,0.0609,True,0,SYNTHETIC_SHOWCASE_ONLY
9002198,1997-04-21,small_merchant,112599.79,18,61008.38,14406.14,43218.43,73,0.4273,0.8722,1,0.9384,187243.19,0.7083,27173.47,0.7269,0.4474,0.5181,True,0,SYNTHETIC_SHOWCASE_ONLY
9002199,1995-11-09,small_merchant,22011.72,24,24328.61,6741.87,20225.6,270,0.6975,0.7602,1,0.8772,76388.66,0.7934,10473.44,0.7336,0.5134,0.4432,True,1,SYNTHETIC_SHOWCASE_ONLY
9002200,1993-11-03,informal_worker,73555.21,6,22500.89,7903.6,23710.8,98,0.6009,0.6635,1,0.8256,0.0,0.1259,0.0,0.4425,0.8509,0.3493,True,1,SYNTHETIC_SHOWCASE_ONLY
9002201,1994-10-31,first_time_borrower,27515.3,24,7199.72,1674.0,5021.99,55,0.7805,0.8952,0,0.5332,0.0,0.5105,0.0,0.327,0.8215,0.1424,True,0,SYNTHETIC_SHOWCASE_ONLY
9002202,1993-01-14,small_merchant,109194.91,9,37966.96,15414.04,46242.13,271,0.8931,0.7249,0,0.8106,120661.53,0.8327,11486.1,0.2286,0.2807,0.1294,True,0,SYNTHETIC_SHOWCASE_ONLY
9002203,1993-03-13,small_merchant,18365.08,18,29391.06,12104.22,36312.66,109,0.7059,0.7952,1,0.7433,78435.41,0.7931,42297.04,0.6482,0.7146,0.2683,True,0,SYNTHETIC_SHOWCASE_ONLY
9002204,1994-09-06,small_merchant,92189.38,9,29375.73,8344.46,25033.37,117,0.7493,0.6769,3,0.4898,55477.46,0.7411,5164.86,0.5295,0.6985,0.1422,True,1,SYNTHETIC_SHOWCASE_ONLY
9002205,1995-04-10,gig_worker,14517.45,12,23077.28,8360.01,25080.02,49,0.6973,0.8768,2,0.7786,0.0,0.4428,0.0,0.0802,0.7001,0.2594,True,0,SYNTHETIC_SHOWCASE_ONLY
9002206,1996-12-27,gig_worker,99343.65,12,21244.54,4581.45,13744.35,76,0.834,0.7371,1,0.7456,0.0,0.0895,0.0,0.4705,0.6049,0.1941,True,0,SYNTHETIC_SHOWCASE_ONLY
9002207,1993-09-03,gig_worker,41647.86,36,23448.49,5022.12,15066.37,201,0.9181,0.9152,0,0.8665,0.0,0.3655,0.0,0.2749,0.7119,0.0758,True,0,SYNTHETIC_SHOWCASE_ONLY
9002208,1997-03-13,small_merchant,155006.88,18,34971.09,7713.83,23141.5,203,0.3825,0.8938,0,0.5869,124035.92,0.9398,13600.6,0.6777,0.5666,0.639,True,1,SYNTHETIC_SHOWCASE_ONLY
9002209,1994-03-05,gig_worker,24859.32,9,38053.04,15789.98,47369.95,93,0.4187,0.8255,1,0.7317,0.0,0.302,0.0,0.4418,0.4891,0.5969,True,1,SYNTHETIC_SHOWCASE_ONLY
9002210,1993-09-10,small_merchant,25756.42,24,25060.91,5467.67,16403.0,125,0.6406,0.6751,1,0.8139,58401.61,0.7897,19801.73,0.729,0.6066,0.3757,True,0,SYNTHETIC_SHOWCASE_ONLY
9002211,1996-07-02,informal_worker,114192.18,12,44154.49,14245.61,42736.82,181,0.918,0.8897,0,0.8324,0.0,0.1562,0.0,0.2102,0.6335,0.0579,True,0,SYNTHETIC_SHOWCASE_ONLY
9002212,1996-11-14,gig_worker,106158.95,12,26958.45,7820.97,23462.91,235,0.9248,0.8334,2,0.7925,0.0,0.119,0.0,0.2052,0.8372,0.1547,True,0,SYNTHETIC_SHOWCASE_ONLY
9002213,1996-01-10,informal_worker,104349.5,12,21980.94,8968.94,26906.83,110,0.8391,0.6945,1,0.6914,0.0,0.1037,0.0,0.4442,0.6559,0.1008,True,0,SYNTHETIC_SHOWCASE_ONLY
9002214,1993-07-31,first_time_borrower,89092.47,24,30797.82,6980.95,20942.86,214,0.3228,0.5853,1,0.5493,0.0,0.4666,0.0,0.3086,0.7681,0.6788,True,1,SYNTHETIC_SHOWCASE_ONLY
9002215,1993-07-30,small_merchant,31553.04,36,14580.7,3026.3,9078.9,262,0.7296,0.7539,0,0.733,23399.91,0.9467,20148.05,0.8299,0.5634,0.2847,True,0,SYNTHETIC_SHOWCASE_ONLY
9002216,1994-12-14,gig_worker,24923.31,36,31309.12,9311.38,27934.15,265,0.7901,0.9088,0,0.8016,0.0,0.1436,0.0,0.2925,0.612,0.2981,True,0,SYNTHETIC_SHOWCASE_ONLY
9002217,1995-04-03,small_merchant,42315.74,9,13355.88,3412.32,10236.95,160,0.7161,0.4427,4,0.8485,44137.53,0.7584,2487.84,0.53,0.9077,0.1582,True,1,SYNTHETIC_SHOWCASE_ONLY
9002218,1997-12-29,informal_worker,38847.39,6,17096.87,3988.27,11964.8,240,0.8819,0.8271,0,0.7675,0.0,0.2577,0.0,0.3719,0.7894,0.1885,True,1,SYNTHETIC_SHOWCASE_ONLY
9002219,1994-06-08,small_merchant,48878.11,24,10625.24,3288.93,9866.79,208,0.5114,0.8139,1,0.6701,32217.26,0.797,9318.18,0.7611,0.9,0.3543,True,1,SYNTHETIC_SHOWCASE_ONLY
9002220,1993-12-18,gig_worker,69820.72,12,25742.63,7003.16,21009.47,251,0.6095,0.7234,0,0.9154,0.0,0.3594,0.0,0.1489,0.6312,0.3572,True,0,SYNTHETIC_SHOWCASE_ONLY
9002221,1997-09-24,small_merchant,240587.17,18,60632.36,17189.79,51569.37,151,0.1855,0.8055,0,0.9455,190801.04,0.9252,6723.53,0.7034,0.7884,0.7806,True,1,SYNTHETIC_SHOWCASE_ONLY
9002222,1993-10-09,small_merchant,114670.89,36,26469.89,10713.21,32139.64,277,0.4245,0.8328,2,0.93,116251.82,0.7794,3869.94,0.7198,0.8617,0.733,True,1,SYNTHETIC_SHOWCASE_ONLY
9002223,1993-02-18,gig_worker,39371.12,12,38134.73,15567.74,46703.23,182,0.7472,0.9128,2,0.4692,0.0,0.1397,0.0,0.3089,0.9364,0.3494,True,0,SYNTHETIC_SHOWCASE_ONLY
9002224,1995-02-12,informal_worker,219943.46,12,86601.33,26384.15,79152.45,83,0.8942,0.8988,1,0.8023,0.0,0.2499,0.0,0.4752,0.5277,0.1031,True,0,SYNTHETIC_SHOWCASE_ONLY
9002225,1995-01-03,gig_worker,154067.89,24,33992.89,6705.3,20115.89,179,0.8409,0.8855,0,0.526,0.0,0.2426,0.0,0.5514,0.6132,0.2122,True,0,SYNTHETIC_SHOWCASE_ONLY
9002226,1996-02-06,small_merchant,47853.78,18,19392.82,7004.28,21012.83,166,0.8365,0.7868,0,0.5621,38411.04,0.8851,20036.53,0.7195,0.6294,0.0185,True,0,SYNTHETIC_SHOWCASE_ONLY
9002227,1997-05-22,informal_worker,63947.81,36,20717.35,4578.7,13736.1,180,0.7514,0.9014,0,0.5231,0.0,0.0914,0.0,0.1615,0.505,0.2348,True,0,SYNTHETIC_SHOWCASE_ONLY
9002228,1997-08-31,gig_worker,124405.7,18,28008.85,8041.1,24123.31,238,0.5554,0.7114,0,0.6305,0.0,0.2446,0.0,0.3446,0.8573,0.3964,True,1,SYNTHETIC_SHOWCASE_ONLY
9002229,1994-06-13,informal_worker,33546.92,12,20664.46,5350.99,16052.98,244,0.7242,0.8519,2,0.5835,0.0,0.0697,0.0,0.2614,0.6103,0.2165,True,0,SYNTHETIC_SHOWCASE_ONLY
9002230,1997-11-26,small_merchant,97164.31,24,21419.95,5801.93,17405.78,42,0.8965,0.9708,0,0.6571,56641.67,0.4908,11896.63,0.733,0.7622,0.1566,True,0,SYNTHETIC_SHOWCASE_ONLY
9002231,1996-03-01,small_merchant,105449.52,24,44930.93,13905.5,41716.5,228,0.9199,0.8066,1,0.7828,115805.33,0.944,30299.89,0.6636,0.8475,0.0,True,0,SYNTHETIC_SHOWCASE_ONLY
9002232,1993-05-08,first_time_borrower,147057.98,36,45821.78,17991.78,53975.33,139,0.7352,0.8694,0,0.5088,0.0,0.1847,0.0,0.1463,0.8971,0.307,True,0,SYNTHETIC_SHOWCASE_ONLY
9002233,1997-09-10,small_merchant,25953.29,12,12701.2,4054.54,12163.61,80,0.8819,0.9535,0,0.6811,29384.11,0.9679,11227.43,0.527,0.5068,0.1553,True,0,SYNTHETIC_SHOWCASE_ONLY
9002234,1993-09-09,gig_worker,55192.95,18,18906.07,7474.0,22421.99,162,0.7598,0.997,0,0.9239,0.0,0.6951,0.0,0.0425,0.4842,0.3438,True,0,SYNTHETIC_SHOWCASE_ONLY
9002235,1995-12-11,first_time_borrower,18305.32,12,22409.44,4950.48,14851.45,142,0.6919,0.89,2,0.561,0.0,0.5113,0.0,0.1015,0.5423,0.3496,True,1,SYNTHETIC_SHOWCASE_ONLY
9002236,1996-12-14,informal_worker,33116.09,12,37328.88,9860.26,29580.77,279,0.6385,0.8679,1,0.7205,0.0,0.3539,0.0,0.4984,0.5675,0.2342,True,0,SYNTHETIC_SHOWCASE_ONLY
9002237,1994-04-01,informal_worker,117521.54,36,48466.89,17082.21,51246.64,85,0.7663,0.9682,0,0.8703,0.0,0.228,0.0,0.4878,0.4002,0.2696,True,0,SYNTHETIC_SHOWCASE_ONLY
9002238,1994-05-10,gig_worker,212411.67,36,102426.87,39035.45,117106.34,44,0.8335,0.8943,0,0.7626,0.0,0.4404,0.0,0.1481,0.8365,0.1293,True,0,SYNTHETIC_SHOWCASE_ONLY
9002239,1995-05-20,gig_worker,74104.3,18,22391.5,7547.39,22642.18,127,0.9019,0.95,0,0.737,0.0,0.4855,0.0,0.2447,0.9421,0.083,True,0,SYNTHETIC_SHOWCASE_ONLY
9002240,1997-06-04,informal_worker,17586.5,36,22934.78,5314.0,15941.99,186,0.8748,0.6957,1,0.3801,0.0,0.3801,0.0,0.1129,0.5148,0.1343,True,0,SYNTHETIC_SHOWCASE_ONLY
9002241,1994-02-13,gig_worker,49684.91,12,37140.88,8112.69,24338.07,192,0.8508,0.7739,0,0.7107,0.0,0.4721,0.0,0.3508,0.7904,0.2158,True,0,SYNTHETIC_SHOWCASE_ONLY
9002242,1996-04-26,gig_worker,30719.57,24,20180.98,6883.09,20649.28,123,0.7453,0.6268,0,0.5645,0.0,0.294,0.0,0.1912,0.8256,0.3596,True,1,SYNTHETIC_SHOWCASE_ONLY
9002243,1995-04-07,informal_worker,66419.04,18,26168.14,9136.25,27408.76,52,0.8949,0.8742,0,0.7351,0.0,0.1898,0.0,0.1041,0.3433,0.2164,True,0,SYNTHETIC_SHOWCASE_ONLY
9002244,1993-07-24,gig_worker,38682.54,24,22942.39,9438.04,28314.13,90,0.6931,0.803,2,0.652,0.0,0.1977,0.0,0.0498,0.6241,0.3528,True,1,SYNTHETIC_SHOWCASE_ONLY
9002245,1996-07-22,gig_worker,9591.56,24,7955.08,1699.83,5099.48,248,0.7565,0.6461,0,0.8706,0.0,0.2209,0.0,0.2104,0.5706,0.2519,True,0,SYNTHETIC_SHOWCASE_ONLY
9002246,1997-03-01,gig_worker,95931.01,18,29706.22,11646.73,34940.2,62,0.3692,0.8264,1,0.8232,0.0,0.1243,0.0,0.0488,0.8959,0.6007,True,1,SYNTHETIC_SHOWCASE_ONLY
9002247,1995-11-18,small_merchant,99356.08,24,25653.28,5920.13,17760.39,46,0.763,0.7842,0,0.8949,31016.44,0.755,10504.03,0.6918,0.8564,0.3703,True,0,SYNTHETIC_SHOWCASE_ONLY
9002248,1993-11-19,informal_worker,186333.28,12,51541.92,10788.3,32364.91,198,0.7944,0.9831,0,0.8236,0.0,0.0609,0.0,0.3755,0.7467,0.2289,True,0,SYNTHETIC_SHOWCASE_ONLY
9002249,1993-10-12,first_time_borrower,50959.51,24,28073.89,9846.92,29540.76,199,0.7106,0.7135,0,0.9401,0.0,0.1992,0.0,0.4974,0.9229,0.2696,True,0,SYNTHETIC_SHOWCASE_ONLY
9002250,1995-02-13,gig_worker,66839.63,12,15331.75,6122.84,18368.53,206,0.6393,0.7773,0,0.866,0.0,0.1576,0.0,0.2292,0.5583,0.4736,True,1,SYNTHETIC_SHOWCASE_ONLY
9002251,1995-07-14,gig_worker,81436.02,12,24737.42,5105.83,15317.49,214,0.7533,0.8566,0,0.732,0.0,0.1848,0.0,0.4045,0.5743,0.4023,True,0,SYNTHETIC_SHOWCASE_ONLY
9002252,1995-10-06,small_merchant,33912.38,24,10262.38,3154.08,9462.23,209,0.8219,0.9449,0,0.8592,26674.71,0.4896,214.75,0.8385,0.5515,0.0712,True,0,SYNTHETIC_SHOWCASE_ONLY
9002253,1994-03-21,small_merchant,24058.6,24,15657.72,5871.24,17613.71,176,0.2806,0.5614,2,0.881,46808.22,0.843,4918.17,0.2833,0.6533,0.8825,True,1,SYNTHETIC_SHOWCASE_ONLY
9002254,1995-07-04,small_merchant,63276.55,36,37987.13,15472.63,46417.88,126,0.7713,0.7869,0,0.7336,65170.36,0.9084,55602.83,0.8958,0.7628,0.3107,True,0,SYNTHETIC_SHOWCASE_ONLY
9002255,1994-06-23,first_time_borrower,66860.85,12,24865.49,10126.35,30379.04,89,0.6145,0.7444,1,0.6913,0.0,0.3407,0.0,0.5538,0.3957,0.2884,True,1,SYNTHETIC_SHOWCASE_ONLY
9002256,1996-06-06,small_merchant,71780.09,6,43597.88,9822.7,29468.1,23,0.8504,0.9534,2,0.82,128350.52,0.9088,13264.09,0.7227,0.6718,0.2141,True,0,SYNTHETIC_SHOWCASE_ONLY
9002257,1996-12-25,small_merchant,39513.86,18,10892.74,2921.95,8765.84,136,0.8136,0.878,0,0.9185,23724.19,0.8608,12470.86,0.7056,0.8039,0.1444,True,0,SYNTHETIC_SHOWCASE_ONLY
9002258,1996-04-06,first_time_borrower,48791.82,24,24923.8,5030.46,15091.39,124,0.7577,0.6817,0,0.8473,0.0,0.2527,0.0,0.4694,0.6222,0.2414,True,0,SYNTHETIC_SHOWCASE_ONLY
9002259,1993-01-03,gig_worker,28268.25,36,22286.0,8088.82,24266.45,57,0.4075,0.8926,0,0.7682,0.0,0.2804,0.0,0.1371,0.632,0.5146,True,1,SYNTHETIC_SHOWCASE_ONLY
9002260,1997-12-17,first_time_borrower,56134.1,24,44301.2,12932.97,38798.91,132,0.8603,0.7679,0,0.613,0.0,0.206,0.0,0.4366,0.473,0.2789,True,0,SYNTHETIC_SHOWCASE_ONLY
9002261,1993-02-13,small_merchant,44852.54,18,38672.57,9127.59,27382.77,172,0.5119,0.9295,0,0.7304,153145.13,0.9401,48472.15,0.9529,0.8179,0.3716,True,0,SYNTHETIC_SHOWCASE_ONLY
9002262,1997-12-30,small_merchant,96605.91,24,38110.34,12886.54,38659.61,142,0.7803,0.9236,1,0.7,48366.67,0.9343,49582.11,0.766,0.8314,0.0965,True,0,SYNTHETIC_SHOWCASE_ONLY
9002263,1993-02-28,first_time_borrower,35992.28,12,58678.97,13428.01,40284.02,256,0.815,0.8988,1,0.8205,0.0,0.2111,0.0,0.0821,0.5713,0.1887,True,0,SYNTHETIC_SHOWCASE_ONLY
9002264,1995-08-02,small_merchant,70077.66,36,23465.3,8810.02,26430.07,57,0.719,0.9096,0,0.7919,56861.91,0.8951,24764.54,0.7072,0.6657,0.3016,True,0,SYNTHETIC_SHOWCASE_ONLY
9002265,1993-07-13,small_merchant,101643.52,18,53146.02,20383.5,61150.51,98,0.9594,0.5094,4,0.624,209909.36,0.6005,19273.29,0.3362,0.4899,0.1028,True,1,SYNTHETIC_SHOWCASE_ONLY
9002266,1993-06-23,gig_worker,51410.76,12,16962.17,4431.9,13295.71,252,0.7882,0.6766,1,0.9209,0.0,0.3686,0.0,0.1419,0.3152,0.0922,True,0,SYNTHETIC_SHOWCASE_ONLY
9002267,1996-06-01,informal_worker,78595.7,18,16666.21,6317.47,18952.4,93,0.8931,0.6894,0,0.7747,0.0,0.1649,0.0,0.3178,0.8215,0.0149,True,0,SYNTHETIC_SHOWCASE_ONLY
9002268,1996-08-22,small_merchant,177775.95,24,40186.17,13927.44,41782.33,91,0.5966,0.8573,1,0.8499,100310.88,0.8988,53701.94,0.7801,0.8456,0.4576,True,1,SYNTHETIC_SHOWCASE_ONLY
9002269,1993-08-04,gig_worker,42647.55,12,13598.08,5178.78,15536.33,24,0.8197,0.8803,2,0.8074,0.0,0.6314,0.0,0.1467,0.922,0.0692,True,0,SYNTHETIC_SHOWCASE_ONLY
9002270,1997-11-19,informal_worker,89920.77,9,36860.19,9970.84,29912.52,182,0.4395,0.8337,1,0.9074,0.0,0.2336,0.0,0.1309,0.383,0.4994,True,1,SYNTHETIC_SHOWCASE_ONLY
9002271,1994-08-09,informal_worker,107962.94,24,29395.3,9562.02,28686.06,70,0.3574,0.7134,0,0.5453,0.0,0.2438,0.0,0.6322,0.462,0.6587,True,1,SYNTHETIC_SHOWCASE_ONLY
9002272,1994-08-05,small_merchant,218349.78,36,46837.95,17287.95,51863.86,148,0.7702,0.9365,0,0.8658,183663.44,0.663,64223.09,0.6337,0.7038,0.2238,True,0,SYNTHETIC_SHOWCASE_ONLY
9002273,1994-06-27,gig_worker,74943.04,18,27212.36,6575.41,19726.24,146,0.6789,0.6822,1,0.9098,0.0,0.4913,0.0,0.5731,0.4468,0.4364,True,1,SYNTHETIC_SHOWCASE_ONLY
9002274,1995-04-23,small_merchant,29826.45,9,28763.52,11521.25,34563.76,240,0.6824,0.8109,1,0.3752,129401.21,0.5395,25833.3,0.2166,0.8403,0.2398,True,1,SYNTHETIC_SHOWCASE_ONLY
9002275,1993-11-21,gig_worker,141970.07,18,35753.63,11482.29,34446.87,236,0.6559,0.771,0,0.7238,0.0,0.5617,0.0,0.112,0.8268,0.4535,True,0,SYNTHETIC_SHOWCASE_ONLY
9002276,1995-02-15,gig_worker,13162.14,9,20371.42,6893.44,20680.31,259,0.4623,0.802,0,0.8058,0.0,0.0508,0.0,0.6669,0.7589,0.592,True,0,SYNTHETIC_SHOWCASE_ONLY
9002277,1994-01-19,small_merchant,79089.68,12,19949.93,7336.7,22010.09,118,0.9279,0.6769,0,0.6491,33036.31,0.9285,14660.58,0.4994,0.8097,0.1217,True,1,SYNTHETIC_SHOWCASE_ONLY
9002278,1993-04-04,gig_worker,34233.68,6,35160.76,12250.23,36750.69,57,0.6428,0.993,0,0.6909,0.0,0.5719,0.0,0.2147,0.8715,0.3286,True,0,SYNTHETIC_SHOWCASE_ONLY
9002279,1994-11-05,gig_worker,29517.27,18,27609.13,10688.66,32065.99,90,0.8818,0.7491,1,0.5874,0.0,0.6276,0.0,0.2515,0.834,0.1941,True,0,SYNTHETIC_SHOWCASE_ONLY
9002280,1996-05-12,informal_worker,93020.26,12,23027.61,8881.56,26644.67,141,0.9584,0.788,0,0.9091,0.0,0.2457,0.0,0.1558,0.6669,0.1022,True,0,SYNTHETIC_SHOWCASE_ONLY
9002281,1996-10-25,small_merchant,97785.21,9,26909.2,9193.24,27579.72,14,0.8506,0.9857,0,0.8525,53200.17,0.7807,20752.81,0.6685,0.8639,0.2075,True,0,SYNTHETIC_SHOWCASE_ONLY
9002282,1994-10-08,first_time_borrower,184942.24,12,60195.23,18753.55,56260.64,191,0.8103,0.8499,1,0.5988,0.0,0.2809,0.0,0.6351,0.9614,0.2206,True,1,SYNTHETIC_SHOWCASE_ONLY
9002283,1994-08-15,first_time_borrower,95311.92,18,22636.32,9011.16,27033.48,83,0.8868,0.8364,1,0.7901,0.0,0.2574,0.0,0.6067,0.6022,0.1701,True,0,SYNTHETIC_SHOWCASE_ONLY
9002284,1996-12-08,informal_worker,97017.94,12,22323.39,5911.86,17735.58,224,0.9148,0.5578,4,0.6557,0.0,0.1747,0.0,0.1793,0.5972,0.0217,True,1,SYNTHETIC_SHOWCASE_ONLY
9002285,1996-05-28,first_time_borrower,32238.16,9,12337.35,2695.16,8085.49,194,0.9421,0.7888,1,0.4037,0.0,0.4056,0.0,0.4088,0.5408,0.0616,True,1,SYNTHETIC_SHOWCASE_ONLY
9002286,1997-02-28,first_time_borrower,136735.79,18,27436.52,8515.83,25547.49,50,0.8588,0.9037,0,0.7768,0.0,0.2212,0.0,0.1173,0.6993,0.0532,True,0,SYNTHETIC_SHOWCASE_ONLY
9002287,1997-07-13,small_merchant,83410.91,24,38378.93,12792.41,38377.24,125,0.9478,0.8487,1,0.8827,75236.48,0.7629,22759.48,0.472,0.7293,0.0458,True,0,SYNTHETIC_SHOWCASE_ONLY
9002288,1997-02-08,informal_worker,56662.41,24,41828.57,13785.19,41355.57,135,0.7841,0.8003,0,0.9981,0.0,0.452,0.0,0.6843,0.5036,0.2077,True,0,SYNTHETIC_SHOWCASE_ONLY
9002289,1997-09-07,gig_worker,127476.98,12,29492.88,12100.8,36302.39,24,0.5061,0.7105,0,0.6081,0.0,0.2399,0.0,0.3561,0.6362,0.4398,True,1,SYNTHETIC_SHOWCASE_ONLY
9002290,1995-01-31,informal_worker,107585.1,24,44300.88,15387.39,46162.16,113,0.6121,0.6559,3,0.8973,0.0,0.3281,0.0,0.4786,0.6354,0.4668,True,1,SYNTHETIC_SHOWCASE_ONLY
9002291,1994-12-22,small_merchant,176903.49,24,39773.27,9165.63,27496.88,95,0.8838,0.7754,0,0.6005,119682.27,0.8579,31713.92,0.9128,0.5038,0.1321,True,0,SYNTHETIC_SHOWCASE_ONLY
9002292,1994-08-11,gig_worker,41519.38,18,47771.09,11293.64,33880.93,254,0.7737,0.9179,0,0.9767,0.0,0.3933,0.0,0.2913,0.2749,0.231,True,0,SYNTHETIC_SHOWCASE_ONLY
9002293,1994-03-06,gig_worker,48890.8,18,44910.42,8737.87,26213.62,232,0.8641,0.7743,0,0.5606,0.0,0.1729,0.0,0.2604,0.5902,0.2243,True,0,SYNTHETIC_SHOWCASE_ONLY
9002294,1996-09-29,first_time_borrower,46234.95,6,59489.16,15260.52,45781.56,241,0.2029,0.7719,1,0.8646,0.0,0.2898,0.0,0.6024,0.3957,0.9339,True,1,SYNTHETIC_SHOWCASE_ONLY
9002295,1996-07-28,small_merchant,83851.92,12,25809.74,7636.31,22908.93,101,0.9085,0.7974,0,0.5648,71046.81,0.839,34728.55,0.0622,0.8984,0.0065,True,0,SYNTHETIC_SHOWCASE_ONLY
9002296,1997-01-03,gig_worker,63088.17,12,14808.73,4994.9,14984.71,180,0.6052,0.7925,2,0.7956,0.0,0.275,0.0,0.0966,0.5199,0.2655,True,1,SYNTHETIC_SHOWCASE_ONLY
9002297,1993-11-02,gig_worker,91322.72,12,38505.05,7875.71,23627.13,180,0.8838,0.9222,0,0.784,0.0,0.4074,0.0,0.3261,0.7737,0.1652,True,0,SYNTHETIC_SHOWCASE_ONLY
9002298,1995-06-17,small_merchant,40687.85,36,40726.14,8344.03,25032.1,208,0.651,0.7933,1,0.873,86445.12,0.7571,28954.94,0.7977,0.6034,0.2744,True,0,SYNTHETIC_SHOWCASE_ONLY
9002299,1994-02-10,first_time_borrower,133450.91,12,59489.65,21405.64,64216.93,104,0.4878,0.7876,2,0.9223,0.0,0.1865,0.0,0.0789,0.7684,0.368,True,1,SYNTHETIC_SHOWCASE_ONLY
9002300,1997-06-19,informal_worker,110388.32,18,51791.39,19707.15,59121.44,247,0.6205,0.745,1,0.9179,0.0,0.1394,0.0,0.1915,0.6149,0.492,True,0,SYNTHETIC_SHOWCASE_ONLY
9002301,1994-05-04,small_merchant,244438.47,36,71238.35,14517.74,43553.21,12,0.6539,0.9412,0,0.8784,256148.78,0.8749,21003.61,0.8792,0.5286,0.4447,True,0,SYNTHETIC_SHOWCASE_ONLY
9002302,1993-09-20,gig_worker,130808.63,18,37702.8,15438.47,46315.4,226,0.709,0.8588,0,0.6006,0.0,0.1102,0.0,0.3076,0.4706,0.295,True,0,SYNTHETIC_SHOWCASE_ONLY
9002303,1995-11-07,gig_worker,32916.23,12,31250.44,9587.2,28761.59,279,0.6095,0.6724,0,0.871,0.0,0.1304,0.0,0.2998,0.4371,0.3276,True,0,SYNTHETIC_SHOWCASE_ONLY
9002304,1997-05-25,small_merchant,35268.9,36,14402.66,5228.32,15684.95,17,0.9191,0.8782,0,0.6368,29311.96,0.5958,980.05,0.6092,0.6597,0.0496,True,0,SYNTHETIC_SHOWCASE_ONLY
9002305,1997-07-31,informal_worker,111251.65,12,32462.67,9253.49,27760.48,47,0.7794,0.7282,0,0.6384,0.0,0.5026,0.0,0.1264,0.6257,0.2166,True,1,SYNTHETIC_SHOWCASE_ONLY
9002306,1993-06-25,informal_worker,37349.03,6,21477.44,4778.07,14334.2,191,0.6669,0.9763,0,0.7026,0.0,0.5922,0.0,0.3333,0.6379,0.343,True,0,SYNTHETIC_SHOWCASE_ONLY
9002307,1994-08-19,small_merchant,74106.64,12,30992.01,8280.85,24842.54,39,0.4345,0.7759,2,0.6198,40950.91,0.7802,23449.09,0.8304,0.812,0.7283,True,1,SYNTHETIC_SHOWCASE_ONLY
9002308,1993-10-08,informal_worker,94857.09,12,28742.33,6014.55,18043.65,240,0.6963,0.8334,0,0.7269,0.0,0.3618,0.0,0.5714,0.7544,0.2772,True,0,SYNTHETIC_SHOWCASE_ONLY
9002309,1994-07-17,small_merchant,83315.63,24,35115.29,8711.56,26134.68,140,0.4005,0.8381,0,0.8739,155707.85,0.6726,1660.66,0.4869,0.7465,0.6889,True,1,SYNTHETIC_SHOWCASE_ONLY
9002310,1995-09-02,small_merchant,19661.71,12,26721.96,8749.27,26247.8,198,0.3607,0.8271,0,0.8934,97045.92,0.8203,22098.12,0.658,0.8411,0.6493,True,0,SYNTHETIC_SHOWCASE_ONLY
9002311,1994-05-28,small_merchant,69278.12,24,43860.5,9651.15,28953.46,149,0.9474,0.8137,0,0.9598,160052.73,0.932,52523.5,0.74,0.8442,0.0,True,0,SYNTHETIC_SHOWCASE_ONLY
9002312,1993-05-04,informal_worker,30418.99,6,7576.8,2637.24,7911.72,18,0.7801,0.9596,0,0.7371,0.0,0.2236,0.0,0.6473,0.4486,0.2985,True,1,SYNTHETIC_SHOWCASE_ONLY
9002313,1995-07-21,small_merchant,51943.18,36,30673.57,5806.77,17420.32,272,0.6203,0.897,1,0.842,52854.7,0.6467,27071.74,0.4084,0.6715,0.3214,True,0,SYNTHETIC_SHOWCASE_ONLY
9002314,1993-04-07,first_time_borrower,209346.6,6,49869.0,10585.66,31756.99,142,0.8987,0.5959,0,0.9368,0.0,0.5919,0.0,0.0691,0.5922,0.0613,True,1,SYNTHETIC_SHOWCASE_ONLY
9002315,1994-02-18,small_merchant,182371.23,36,68705.4,17477.04,52431.13,53,0.7787,0.8052,0,0.4513,297985.86,0.822,77291.5,0.424,0.5391,0.1892,True,0,SYNTHETIC_SHOWCASE_ONLY
9002316,1993-01-01,gig_worker,106663.71,6,39787.23,9644.95,28934.84,26,0.4936,0.9614,0,0.9026,0.0,0.0647,0.0,0.385,0.6104,0.573,True,1,SYNTHETIC_SHOWCASE_ONLY
9002317,1993-06-08,gig_worker,250838.07,24,62862.41,12167.68,36503.03,241,0.8853,0.9359,0,0.8483,0.0,0.7293,0.0,0.3297,0.5881,0.0032,True,0,SYNTHETIC_SHOWCASE_ONLY
9002318,1995-03-08,small_merchant,69429.53,24,30365.1,5796.77,17390.31,196,0.4178,0.8366,1,0.7576,79095.52,0.7038,29957.96,0.7795,0.6763,0.6225,True,0,SYNTHETIC_SHOWCASE_ONLY
9002319,1997-04-03,small_merchant,46244.31,18,28038.5,9805.27,29415.82,31,0.6225,0.6891,1,0.6082,121486.26,0.8905,16490.07,0.4508,0.4611,0.1729,True,1,SYNTHETIC_SHOWCASE_ONLY
9002320,1996-11-15,small_merchant,38344.54,6,36101.12,8488.13,25464.39,198,0.628,0.8573,0,0.8506,79418.11,0.5243,1722.97,0.5701,0.6697,0.4984,True,0,SYNTHETIC_SHOWCASE_ONLY
9002321,1993-06-30,informal_worker,99426.73,18,27957.1,6411.34,19234.03,195,0.7693,0.9344,0,0.6904,0.0,0.1331,0.0,0.018,0.5167,0.3409,True,0,SYNTHETIC_SHOWCASE_ONLY
9002322,1993-03-05,gig_worker,51311.11,18,19233.87,3684.32,11052.97,106,0.7018,0.8287,1,0.5395,0.0,0.0303,0.0,0.1952,0.8475,0.2226,True,0,SYNTHETIC_SHOWCASE_ONLY
9002323,1994-09-10,informal_worker,90988.98,18,21865.04,4391.3,13173.91,65,0.3311,0.918,1,0.4756,0.0,0.3462,0.0,0.4905,0.4126,0.6865,True,1,SYNTHETIC_SHOWCASE_ONLY
9002324,1996-04-06,informal_worker,42912.55,18,16417.88,4028.99,12086.98,42,0.904,0.8366,0,0.9399,0.0,0.2921,0.0,0.1016,0.7655,0.1687,True,0,SYNTHETIC_SHOWCASE_ONLY
9002325,1996-09-25,small_merchant,87507.62,36,36083.13,8648.57,25945.71,129,0.626,0.7605,0,0.8627,44658.97,0.832,24579.37,0.3444,0.623,0.319,True,0,SYNTHETIC_SHOWCASE_ONLY
9002326,1997-02-12,small_merchant,53912.57,36,28153.53,7659.97,22979.9,226,0.7357,0.9448,0,0.8895,51993.99,0.6824,7634.77,0.7954,0.4513,0.0998,True,0,SYNTHETIC_SHOWCASE_ONLY
9002327,1994-09-17,gig_worker,34799.63,18,23553.33,4932.15,14796.44,231,0.8737,0.8955,1,0.7442,0.0,0.5825,0.0,0.1315,0.5063,0.2095,True,0,SYNTHETIC_SHOWCASE_ONLY
9002328,1993-11-03,small_merchant,90743.59,9,21331.74,5485.91,16457.74,158,0.7819,0.8749,0,0.5686,26576.2,0.7535,8234.05,0.5826,0.676,0.2425,True,1,SYNTHETIC_SHOWCASE_ONLY
9002329,1993-02-18,informal_worker,36356.92,9,35681.47,9661.22,28983.65,230,0.6524,0.8837,0,0.9589,0.0,0.1974,0.0,0.3491,0.4493,0.3373,True,0,SYNTHETIC_SHOWCASE_ONLY
9002330,1993-09-26,first_time_borrower,186083.08,24,40724.08,8239.21,24717.62,137,0.9489,0.8581,0,0.8214,0.0,0.365,0.0,0.4341,0.3538,0.0976,True,0,SYNTHETIC_SHOWCASE_ONLY
9002331,1993-04-29,informal_worker,11691.12,36,16273.82,6115.45,18346.35,23,0.5108,0.7446,0,0.9886,0.0,0.0527,0.0,0.1927,0.5156,0.5731,True,1,SYNTHETIC_SHOWCASE_ONLY
9002332,1997-04-21,gig_worker,43733.12,12,15091.26,3727.84,11183.53,38,0.4138,0.7889,2,0.783,0.0,0.0574,0.0,0.1365,0.2691,0.5803,True,1,SYNTHETIC_SHOWCASE_ONLY
9002333,1994-05-06,informal_worker,37926.06,9,44272.75,16395.69,49187.07,121,0.6365,0.8905,0,0.842,0.0,0.1144,0.0,0.3701,0.9233,0.3854,True,0,SYNTHETIC_SHOWCASE_ONLY
9002334,1997-02-12,informal_worker,58321.7,12,14470.91,3745.46,11236.37,274,0.7987,0.5076,2,0.814,0.0,0.329,0.0,0.1355,0.6576,0.1329,True,1,SYNTHETIC_SHOWCASE_ONLY
9002335,1995-10-08,small_merchant,55737.21,12,36415.63,15108.57,45325.72,226,0.8156,0.8986,1,0.2665,131626.76,0.5627,21712.17,0.6061,0.492,0.1532,True,0,SYNTHETIC_SHOWCASE_ONLY
9002336,1995-09-12,first_time_borrower,188013.02,36,60844.47,15221.47,45664.4,275,0.9151,0.6743,2,0.5928,0.0,0.137,0.0,0.2875,0.7804,0.1633,True,0,SYNTHETIC_SHOWCASE_ONLY
9002337,1995-04-11,gig_worker,282168.47,24,60912.43,24382.4,73147.21,83,0.7582,0.9478,0,0.8382,0.0,0.7013,0.0,0.4014,0.6153,0.3409,True,0,SYNTHETIC_SHOWCASE_ONLY
9002338,1997-02-04,gig_worker,137924.87,9,39900.28,9939.79,29819.36,272,0.8519,0.6552,0,0.524,0.0,0.354,0.0,0.1507,0.7642,0.0706,True,0,SYNTHETIC_SHOWCASE_ONLY
9002339,1993-03-21,gig_worker,54480.89,12,39347.53,9574.99,28724.97,258,0.744,0.8453,1,0.8688,0.0,0.1092,0.0,0.4731,0.7463,0.4427,True,0,SYNTHETIC_SHOWCASE_ONLY
9002340,1993-06-19,gig_worker,300000.0,6,82526.55,17003.16,51009.47,13,0.5587,0.8768,0,0.5914,0.0,0.227,0.0,0.0572,0.9052,0.4206,True,1,SYNTHETIC_SHOWCASE_ONLY
9002341,1995-02-13,first_time_borrower,23216.11,18,9131.18,3763.05,11289.16,61,0.724,0.9131,0,0.3445,0.0,0.5237,0.0,0.0637,0.7377,0.2457,True,0,SYNTHETIC_SHOWCASE_ONLY
9002342,1994-12-22,small_merchant,14742.57,18,22405.88,9027.58,27082.75,94,0.2608,0.966,0,0.5203,57529.92,0.9474,30512.74,0.4894,0.5517,0.84,True,1,SYNTHETIC_SHOWCASE_ONLY
9002343,1995-09-24,gig_worker,115362.9,6,42076.13,13204.97,39614.92,30,0.74,0.9173,0,0.8589,0.0,0.1888,0.0,0.0398,0.4311,0.2836,True,0,SYNTHETIC_SHOWCASE_ONLY
9002344,1996-09-09,small_merchant,99425.14,12,23814.79,6209.29,18627.87,254,0.6376,0.8388,1,0.8406,88824.14,0.6065,34522.19,0.7499,0.8861,0.2979,True,1,SYNTHETIC_SHOWCASE_ONLY
9002345,1995-12-09,small_merchant,126508.42,36,50769.62,18357.27,55071.82,86,0.4858,0.818,0,0.9284,213737.09,0.8872,24545.63,0.8074,0.6608,0.4554,True,0,SYNTHETIC_SHOWCASE_ONLY
9002346,1994-04-16,small_merchant,108175.48,24,27476.05,7989.43,23968.28,45,0.7725,0.4321,1,0.913,55847.57,0.7971,12401.46,0.8651,0.59,0.2855,True,1,SYNTHETIC_SHOWCASE_ONLY
9002347,1994-08-21,gig_worker,110491.61,18,29827.82,9580.4,28741.19,241,0.5124,0.7715,1,0.9158,0.0,0.2056,0.0,0.2825,0.4136,0.4407,True,1,SYNTHETIC_SHOWCASE_ONLY
9002348,1996-10-05,informal_worker,64063.17,18,24541.38,4858.03,14574.1,186,0.8223,0.6837,1,0.5012,0.0,0.3111,0.0,0.4529,0.3513,0.1085,True,0,SYNTHETIC_SHOWCASE_ONLY
9002349,1994-01-03,gig_worker,44066.75,36,21788.87,6789.94,20369.82,150,0.2782,0.795,1,0.871,0.0,0.1248,0.0,0.2503,0.7279,0.7376,True,1,SYNTHETIC_SHOWCASE_ONLY
9002350,1995-07-10,informal_worker,81756.39,24,21533.11,7194.25,21582.74,120,0.7967,0.7889,0,0.8164,0.0,0.2281,0.0,0.1754,0.7395,0.1424,True,0,SYNTHETIC_SHOWCASE_ONLY
9002351,1995-09-11,gig_worker,70904.25,36,31892.29,9128.94,27386.83,37,0.5608,0.9117,0,0.9165,0.0,0.1327,0.0,0.1903,0.3396,0.3462,True,0,SYNTHETIC_SHOWCASE_ONLY
9002352,1996-10-01,informal_worker,26031.82,6,19305.95,7428.31,22284.93,155,0.8346,0.798,3,0.5645,0.0,0.0857,0.0,0.4122,0.6913,0.089,True,1,SYNTHETIC_SHOWCASE_ONLY
9002353,1996-07-28,informal_worker,89012.02,12,44245.02,18080.22,54240.66,89,0.8015,0.8188,0,0.9484,0.0,0.2244,0.0,0.2575,0.4239,0.2509,True,0,SYNTHETIC_SHOWCASE_ONLY
9002354,1995-04-29,gig_worker,170796.69,6,38311.61,8007.72,24023.17,209,0.6851,0.7145,0,0.8102,0.0,0.3647,0.0,0.1423,0.5515,0.3331,True,1,SYNTHETIC_SHOWCASE_ONLY
9002355,1994-07-19,gig_worker,87657.7,24,47461.76,14360.6,43081.79,234,0.6437,0.9785,0,0.9299,0.0,0.1928,0.0,0.5755,0.6593,0.3205,True,0,SYNTHETIC_SHOWCASE_ONLY
9002356,1994-11-03,first_time_borrower,26608.89,24,16286.24,6153.11,18459.33,228,0.6443,0.8699,0,0.7806,0.0,0.1347,0.0,0.3783,0.822,0.2739,True,0,SYNTHETIC_SHOWCASE_ONLY
9002357,1995-01-22,small_merchant,14701.15,9,12384.62,2798.1,8394.31,163,0.6682,0.7403,0,0.9824,44056.15,0.4611,5739.03,0.5947,0.9315,0.2008,True,0,SYNTHETIC_SHOWCASE_ONLY
9002358,1994-02-05,informal_worker,23550.55,36,27943.8,7785.89,23357.67,261,0.4167,0.834,0,0.7843,0.0,0.0421,0.0,0.3275,0.9002,0.5397,True,0,SYNTHETIC_SHOWCASE_ONLY
9002359,1996-02-16,gig_worker,300000.0,36,112576.03,46386.18,139158.55,239,0.6995,0.9723,1,0.5295,0.0,0.2411,0.0,0.2796,0.5583,0.334,True,0,SYNTHETIC_SHOWCASE_ONLY
9002360,1994-01-16,gig_worker,152290.21,12,51417.82,19455.96,58367.87,140,0.7316,0.4113,1,0.7727,0.0,0.4753,0.0,0.3671,0.5802,0.205,True,1,SYNTHETIC_SHOWCASE_ONLY
9002361,1996-03-30,small_merchant,81762.1,18,21457.42,4043.32,12129.95,134,0.4745,0.758,2,0.5936,26192.79,0.7865,27336.46,0.4276,0.7142,0.5096,True,1,SYNTHETIC_SHOWCASE_ONLY
9002362,1996-10-04,first_time_borrower,137350.42,18,34328.31,11124.26,33372.79,103,0.5205,0.5873,2,0.8774,0.0,0.348,0.0,0.1741,0.4578,0.554,True,1,SYNTHETIC_SHOWCASE_ONLY
9002363,1997-10-23,gig_worker,85370.85,6,39703.77,12041.21,36123.62,120,0.6919,0.6574,2,0.8162,0.0,0.2524,0.0,0.3692,0.9064,0.3143,True,1,SYNTHETIC_SHOWCASE_ONLY
9002364,1993-08-06,informal_worker,59743.61,24,14517.84,4667.83,14003.5,114,0.7274,0.6817,1,0.6421,0.0,0.0845,0.0,0.4033,0.92,0.2681,True,1,SYNTHETIC_SHOWCASE_ONLY
9002365,1996-10-19,informal_worker,261015.88,12,54034.62,20876.46,62629.37,198,0.5863,0.4327,3,0.9838,0.0,0.3269,0.0,0.6207,0.763,0.4788,True,1,SYNTHETIC_SHOWCASE_ONLY
9002366,1993-06-07,gig_worker,99831.09,36,25837.86,8990.96,26972.88,159,0.6848,0.8912,0,0.6727,0.0,0.2153,0.0,0.0914,0.8049,0.4341,True,0,SYNTHETIC_SHOWCASE_ONLY
9002367,1994-09-08,gig_worker,100035.16,24,26807.39,8937.8,26813.41,177,0.8566,0.7361,2,0.8659,0.0,0.0471,0.0,0.2498,0.7837,0.0955,True,0,SYNTHETIC_SHOWCASE_ONLY
9002368,1993-11-18,gig_worker,70855.53,36,28321.5,7658.36,22975.09,110,0.5696,0.7004,2,0.4062,0.0,0.2378,0.0,0.5423,0.8231,0.4465,True,1,SYNTHETIC_SHOWCASE_ONLY
9002369,1993-10-24,small_merchant,208641.88,24,48500.97,15352.51,46057.52,140,0.8318,0.7572,0,0.8998,133291.63,0.8714,36102.71,0.5569,0.8887,0.212,True,0,SYNTHETIC_SHOWCASE_ONLY
9002370,1993-11-17,informal_worker,19308.78,9,19486.41,5975.3,17925.91,175,0.9117,0.806,1,0.5866,0.0,0.1068,0.0,0.5396,0.8474,0.0219,True,0,SYNTHETIC_SHOWCASE_ONLY
9002371,1993-03-22,small_merchant,48109.45,12,12340.16,3055.57,9166.71,39,0.3996,0.9246,1,0.7627,32649.12,0.743,17411.44,0.508,0.7185,0.6589,True,1,SYNTHETIC_SHOWCASE_ONLY
9002372,1997-02-11,gig_worker,71692.73,24,32695.03,9741.98,29225.93,227,0.9072,0.7233,0,0.9377,0.0,0.2792,0.0,0.1726,0.9407,0.0951,True,0,SYNTHETIC_SHOWCASE_ONLY
9002373,1993-04-22,informal_worker,32443.89,12,10498.67,3707.7,11123.1,18,0.6544,0.7388,0,0.8307,0.0,0.3131,0.0,0.0539,0.4503,0.2911,True,0,SYNTHETIC_SHOWCASE_ONLY
9002374,1994-12-29,informal_worker,109747.79,24,24232.02,6369.77,19109.31,139,0.859,0.6306,0,0.846,0.0,0.5986,0.0,0.0564,0.5675,0.1255,True,0,SYNTHETIC_SHOWCASE_ONLY
9002375,1996-06-30,small_merchant,161462.2,12,49496.61,15530.76,46592.29,65,0.5174,0.6277,0,0.8408,197180.6,0.7224,63691.2,0.2289,0.8291,0.4106,True,0,SYNTHETIC_SHOWCASE_ONLY
9002376,1997-12-14,small_merchant,26344.95,9,36972.32,10583.03,31749.09,221,0.5596,0.8518,0,0.8403,113831.08,0.851,28211.91,0.5072,0.8321,0.5824,True,0,SYNTHETIC_SHOWCASE_ONLY
9002377,1997-04-08,gig_worker,174533.54,18,46179.47,11171.18,33513.55,31,0.7816,0.834,0,0.5252,0.0,0.3287,0.0,0.1935,0.7902,0.3173,True,0,SYNTHETIC_SHOWCASE_ONLY
9002378,1993-09-08,informal_worker,176781.92,24,37711.8,12400.08,37200.25,58,0.9241,0.8591,0,0.8562,0.0,0.1754,0.0,0.2837,0.5967,0.0938,True,0,SYNTHETIC_SHOWCASE_ONLY
9002379,1997-12-09,small_merchant,300000.0,18,89047.07,29298.09,87894.26,222,0.774,0.9242,1,0.6216,111630.67,0.8417,22212.65,0.4948,0.7138,0.1978,True,0,SYNTHETIC_SHOWCASE_ONLY
9002380,1996-04-08,small_merchant,92687.65,18,21112.17,4037.26,12111.78,139,0.5445,0.7316,0,0.8718,79978.02,0.8184,8469.69,0.7875,0.6031,0.389,True,0,SYNTHETIC_SHOWCASE_ONLY
9002381,1993-11-24,gig_worker,143425.72,12,33896.36,12686.21,38058.62,177,0.7393,0.9489,0,0.8096,0.0,0.4613,0.0,0.3548,0.8371,0.3065,True,1,SYNTHETIC_SHOWCASE_ONLY
9002382,1995-03-31,informal_worker,99600.22,24,22689.6,5744.76,17234.28,116,0.9563,0.6829,3,0.825,0.0,0.7354,0.0,0.5813,0.6865,0.1161,True,1,SYNTHETIC_SHOWCASE_ONLY
9002383,1997-08-04,informal_worker,93697.43,18,44321.47,15771.67,47315.02,146,0.7077,0.8997,0,0.5608,0.0,0.279,0.0,0.2055,0.665,0.3239,True,0,SYNTHETIC_SHOWCASE_ONLY
9002384,1994-12-19,small_merchant,73026.37,18,27184.54,7160.3,21480.91,16,0.7786,0.7024,4,0.9013,66892.98,0.8677,27425.17,0.597,0.7873,0.1443,True,1,SYNTHETIC_SHOWCASE_ONLY
9002385,1993-12-02,first_time_borrower,276753.92,12,63895.57,24493.17,73479.52,140,0.874,0.8993,1,0.7677,0.0,0.4433,0.0,0.1687,0.6225,0.0225,True,0,SYNTHETIC_SHOWCASE_ONLY
9002386,1997-05-17,first_time_borrower,99954.91,18,21702.18,7866.27,23598.81,152,0.5409,0.8843,0,0.7075,0.0,0.3226,0.0,0.0741,0.5644,0.3809,True,1,SYNTHETIC_SHOWCASE_ONLY
9002387,1997-10-07,gig_worker,68555.66,6,55016.07,18246.62,54739.85,142,0.9324,0.8336,1,0.6141,0.0,0.1781,0.0,0.4203,0.5762,0.0344,True,0,SYNTHETIC_SHOWCASE_ONLY
9002388,1997-11-17,informal_worker,52064.59,18,37222.43,11439.52,34318.57,207,0.5709,0.6094,2,0.7098,0.0,0.2829,0.0,0.2433,0.9386,0.3217,True,1,SYNTHETIC_SHOWCASE_ONLY
9002389,1997-10-12,small_merchant,58609.05,12,27567.1,11322.64,33967.92,119,0.393,0.6373,0,0.7417,84111.93,0.9129,23991.07,0.4951,0.493,0.6703,True,1,SYNTHETIC_SHOWCASE_ONLY
9002390,1997-05-13,first_time_borrower,144921.94,24,36327.57,14750.21,44250.64,39,0.7341,0.7779,0,0.7643,0.0,0.3886,0.0,0.3646,0.4901,0.2892,True,0,SYNTHETIC_SHOWCASE_ONLY
9002391,1995-04-10,gig_worker,141245.13,24,31741.07,12563.9,37691.69,216,0.7936,0.5592,1,0.7066,0.0,0.2034,0.0,0.0941,0.928,0.1239,True,0,SYNTHETIC_SHOWCASE_ONLY
9002392,1993-12-18,gig_worker,104735.18,18,33217.03,9624.83,28874.49,152,0.8136,0.7962,0,0.8781,0.0,0.0971,0.0,0.2114,0.6874,0.2336,True,0,SYNTHETIC_SHOWCASE_ONLY
9002393,1996-02-01,small_merchant,27847.49,24,25353.24,10279.49,30838.48,230,0.9504,0.9093,0,0.8832,67362.82,0.5887,14509.53,0.4231,0.713,0.0504,True,0,SYNTHETIC_SHOWCASE_ONLY
9002394,1994-02-08,gig_worker,38718.6,18,19994.2,6278.07,18834.2,249,0.8873,0.8125,0,0.9448,0.0,0.2264,0.0,0.2803,0.861,0.2727,True,0,SYNTHETIC_SHOWCASE_ONLY
9002395,1995-05-14,informal_worker,104202.86,9,23840.13,6909.88,20729.63,29,0.8641,0.8155,2,0.9218,0.0,0.5043,0.0,0.2144,0.68,0.0928,True,1,SYNTHETIC_SHOWCASE_ONLY
9002396,1996-04-12,small_merchant,26577.39,24,12482.09,2594.98,7784.94,232,0.8264,0.8145,1,0.4552,21026.27,0.9293,6830.6,0.634,0.9224,0.1474,True,0,SYNTHETIC_SHOWCASE_ONLY
9002397,1997-09-25,gig_worker,44140.04,36,41944.18,14734.79,44204.37,22,0.5447,0.7702,0,0.6834,0.0,0.3302,0.0,0.2837,0.5058,0.4492,True,0,SYNTHETIC_SHOWCASE_ONLY
9002398,1994-06-12,small_merchant,29855.83,6,15476.55,4117.56,12352.69,233,0.6038,0.768,0,0.5885,33077.69,0.7398,21587.49,0.3628,0.6273,0.4126,True,1,SYNTHETIC_SHOWCASE_ONLY
9002399,1994-04-05,first_time_borrower,104660.7,12,25222.44,7958.58,23875.74,116,0.8093,0.8387,0,0.6926,0.0,0.134,0.0,0.1994,0.4243,0.2457,True,0,SYNTHETIC_SHOWCASE_ONLY
9002400,1996-09-03,informal_worker,105909.64,18,38216.45,14340.56,43021.68,78,0.9729,0.7988,1,0.5703,0.0,0.2069,0.0,0.3631,0.6573,0.0,True,0,SYNTHETIC_SHOWCASE_ONLY
9002401,1993-01-12,small_merchant,56761.46,12,41892.84,10910.9,32732.71,79,0.4746,0.9281,1,0.7956,106975.63,0.9638,702.85,0.5049,0.7879,0.582,True,1,SYNTHETIC_SHOWCASE_ONLY
9002402,1995-11-01,gig_worker,23599.72,18,11945.7,3011.18,9033.53,200,0.7723,0.7867,1,0.5779,0.0,0.2473,0.0,0.2735,0.4464,0.2034,True,0,SYNTHETIC_SHOWCASE_ONLY
9002403,1996-09-24,gig_worker,128489.75,18,26792.38,11013.75,33041.26,256,0.562,0.9776,0,0.8466,0.0,0.2149,0.0,0.2478,0.5306,0.4674,True,0,SYNTHETIC_SHOWCASE_ONLY
9002404,1995-10-03,first_time_borrower,87305.88,24,34913.79,13649.42,40948.27,42,0.7266,0.764,0,0.6061,0.0,0.2513,0.0,0.3595,0.8602,0.4411,True,0,SYNTHETIC_SHOWCASE_ONLY
9002405,1994-12-03,informal_worker,73005.24,6,28707.9,5448.11,16344.32,253,0.4634,0.9582,0,0.7892,0.0,0.4031,0.0,0.4491,0.8537,0.4857,True,1,SYNTHETIC_SHOWCASE_ONLY
9002406,1997-02-21,small_merchant,67974.62,12,53375.96,20744.63,62233.9,45,0.8382,0.7585,0,0.7917,142607.22,0.8771,2777.65,0.5935,0.3547,0.0927,True,0,SYNTHETIC_SHOWCASE_ONLY
9002407,1994-11-09,first_time_borrower,36614.53,24,18873.09,5510.31,16530.94,92,0.805,0.8762,0,0.8077,0.0,0.1747,0.0,0.3924,0.7472,0.1032,True,0,SYNTHETIC_SHOWCASE_ONLY
9002408,1996-07-21,gig_worker,43819.57,12,10471.58,1924.81,5774.43,141,0.7516,0.8053,1,0.5928,0.0,0.2779,0.0,0.3688,0.8124,0.1153,True,1,SYNTHETIC_SHOWCASE_ONLY
9002409,1995-04-28,informal_worker,167698.13,18,41312.33,10617.47,31852.4,145,0.7067,0.7387,0,0.591,0.0,0.4557,0.0,0.034,0.5792,0.2051,True,0,SYNTHETIC_SHOWCASE_ONLY
9002410,1993-02-18,gig_worker,54442.82,6,21636.96,8552.88,25658.64,65,0.7431,0.8134,1,0.9121,0.0,0.4015,0.0,0.1635,0.6421,0.3021,True,1,SYNTHETIC_SHOWCASE_ONLY
9002411,1995-08-27,gig_worker,54559.06,12,12038.44,2984.41,8953.24,122,0.8566,0.7544,1,0.6853,0.0,0.1331,0.0,0.1513,0.538,0.1385,True,0,SYNTHETIC_SHOWCASE_ONLY
9002412,1993-04-01,small_merchant,58984.83,12,25948.62,8618.0,25853.99,133,0.9218,0.7147,1,0.813,112834.66,0.7994,1812.43,0.5758,0.8964,0.0333,True,0,SYNTHETIC_SHOWCASE_ONLY
9002413,1997-08-27,small_merchant,222554.02,12,50545.42,16498.73,49496.2,101,0.6535,0.4586,2,0.7792,151496.12,0.9529,23546.76,0.7348,0.5756,0.3989,True,1,SYNTHETIC_SHOWCASE_ONLY
9002414,1996-01-04,first_time_borrower,11282.3,24,15269.28,3023.11,9069.32,195,0.4687,0.76,0,0.7203,0.0,0.1785,0.0,0.4481,0.844,0.3797,True,0,SYNTHETIC_SHOWCASE_ONLY
9002415,1994-11-11,small_merchant,182833.77,18,85925.67,19457.93,58373.79,158,0.6086,0.9277,0,0.9066,239317.52,0.8345,26295.3,0.6163,0.6899,0.4819,True,0,SYNTHETIC_SHOWCASE_ONLY
9002416,1995-06-07,informal_worker,81697.31,24,18728.03,7704.57,23113.72,244,0.4963,0.7668,0,0.6361,0.0,0.2415,0.0,0.1396,0.8743,0.4956,True,0,SYNTHETIC_SHOWCASE_ONLY
9002417,1996-02-05,informal_worker,133293.73,24,29194.19,11866.67,35600.01,92,0.8572,0.9668,0,0.7031,0.0,0.2478,0.0,0.1449,0.2758,0.1249,True,0,SYNTHETIC_SHOWCASE_ONLY
9002418,1994-04-21,informal_worker,61265.63,12,15596.1,2934.21,8802.64,109,0.9307,0.7584,1,0.6554,0.0,0.2316,0.0,0.502,0.6722,0.1304,True,1,SYNTHETIC_SHOWCASE_ONLY
9002419,1994-06-11,first_time_borrower,101331.28,6,28564.87,9151.15,27453.44,127,0.451,0.8232,1,0.763,0.0,0.2074,0.0,0.1232,0.8712,0.5054,True,1,SYNTHETIC_SHOWCASE_ONLY
9002420,1995-02-04,small_merchant,109978.16,24,26258.92,8629.42,25888.25,252,0.6716,0.6399,3,0.8803,41059.1,0.7464,32160.58,0.7788,0.7707,0.328,True,1,SYNTHETIC_SHOWCASE_ONLY
9002421,1994-04-18,small_merchant,50864.06,12,13697.97,3610.35,10831.05,84,0.4011,0.7638,0,0.7555,60142.68,0.8954,13140.59,0.8976,0.4638,0.6017,True,1,SYNTHETIC_SHOWCASE_ONLY
9002422,1996-10-15,gig_worker,186810.6,12,108701.05,28238.08,84714.23,233,0.9465,0.9288,0,0.6874,0.0,0.0965,0.0,0.511,0.4328,0.101,True,0,SYNTHETIC_SHOWCASE_ONLY
9002423,1993-07-09,gig_worker,58530.41,9,22074.93,6819.08,20457.24,249,0.4048,0.7068,1,0.7671,0.0,0.1755,0.0,0.2559,0.5959,0.8058,True,1,SYNTHETIC_SHOWCASE_ONLY
9002424,1997-02-18,first_time_borrower,77451.55,24,22084.2,5853.48,17560.44,214,0.8665,0.9861,0,0.9032,0.0,0.3273,0.0,0.4626,0.7534,0.1378,True,0,SYNTHETIC_SHOWCASE_ONLY
9002425,1994-09-29,small_merchant,142054.7,12,44582.51,14778.8,44336.41,213,0.8152,0.7366,0,0.7032,57269.41,0.9531,41385.7,0.4653,0.7599,0.3262,True,0,SYNTHETIC_SHOWCASE_ONLY
9002426,1995-10-22,small_merchant,300000.0,9,66889.82,21243.75,63731.25,13,0.3344,0.9705,0,0.7714,267958.41,0.7192,71225.78,0.5312,0.5152,0.6356,True,0,SYNTHETIC_SHOWCASE_ONLY
9002427,1993-10-16,gig_worker,129094.39,18,48081.34,16867.53,50602.58,138,0.5497,0.7037,0,0.7926,0.0,0.1863,0.0,0.4809,0.8904,0.3881,True,0,SYNTHETIC_SHOWCASE_ONLY
9002428,1994-12-05,small_merchant,21758.35,24,15731.07,3817.16,11451.47,34,0.6328,0.8347,1,0.5752,29446.42,0.8682,14009.77,0.5365,0.7085,0.5281,True,0,SYNTHETIC_SHOWCASE_ONLY
9002429,1996-10-09,informal_worker,47911.79,12,31027.71,5885.41,17656.23,66,0.6587,0.7223,2,0.8355,0.0,0.3226,0.0,0.0908,0.7485,0.3221,True,0,SYNTHETIC_SHOWCASE_ONLY
9002430,1994-05-10,gig_worker,49058.53,24,11349.18,2841.43,8524.3,64,0.7853,0.958,0,0.54,0.0,0.1444,0.0,0.2894,0.7355,0.2481,True,0,SYNTHETIC_SHOWCASE_ONLY
9002431,1993-08-30,informal_worker,27555.14,12,43164.7,11800.02,35400.06,42,0.7182,0.7337,0,0.8928,0.0,0.2762,0.0,0.1482,0.5032,0.2819,True,0,SYNTHETIC_SHOWCASE_ONLY
9002432,1995-08-12,informal_worker,56508.88,12,12772.75,5118.73,15356.18,249,0.5937,0.9073,0,0.5691,0.0,0.0497,0.0,0.3787,0.7188,0.3932,True,1,SYNTHETIC_SHOWCASE_ONLY
9002433,1993-10-24,informal_worker,16082.97,12,19042.4,4932.27,14796.82,127,0.672,0.7276,1,0.4604,0.0,0.0693,0.0,0.056,0.3228,0.3014,True,0,SYNTHETIC_SHOWCASE_ONLY
9002434,1994-07-29,gig_worker,64952.43,9,27957.0,10218.71,30656.13,110,0.6633,0.8102,0,0.6032,0.0,0.4682,0.0,0.1661,0.8301,0.2469,True,0,SYNTHETIC_SHOWCASE_ONLY
9002435,1995-04-03,informal_worker,142857.7,12,34667.67,9930.55,29791.65,264,0.7308,0.8708,0,0.65,0.0,0.334,0.0,0.2051,0.6456,0.227,True,1,SYNTHETIC_SHOWCASE_ONLY
9002436,1995-10-28,gig_worker,59128.66,24,24703.77,9021.16,27063.49,22,0.7004,0.8348,1,0.9141,0.0,0.2732,0.0,0.3198,0.7076,0.3693,True,0,SYNTHETIC_SHOWCASE_ONLY
9002437,1996-03-13,small_merchant,244888.86,9,58053.48,22150.71,66452.12,94,0.2225,0.8671,0,0.7447,71559.98,0.5871,82526.41,0.7728,0.5941,0.7606,True,1,SYNTHETIC_SHOWCASE_ONLY
9002438,1996-05-20,informal_worker,41257.95,36,39621.01,11039.28,33117.84,225,0.7758,0.3809,3,0.3913,0.0,0.4214,0.0,0.241,0.6403,0.1998,True,1,SYNTHETIC_SHOWCASE_ONLY
9002439,1997-03-22,informal_worker,108773.43,9,38155.59,9813.38,29440.13,173,0.7476,0.6388,3,0.419,0.0,0.279,0.0,0.2246,0.838,0.3596,True,1,SYNTHETIC_SHOWCASE_ONLY
9002440,1993-05-01,gig_worker,49086.15,12,15519.42,3301.75,9905.25,68,0.7019,0.8292,0,0.836,0.0,0.3066,0.0,0.1104,0.6009,0.2743,True,0,SYNTHETIC_SHOWCASE_ONLY
9002441,1994-10-24,first_time_borrower,286109.23,18,63301.0,23563.95,70691.86,174,0.873,0.8883,0,0.8113,0.0,0.4825,0.0,0.2312,0.6204,0.216,True,0,SYNTHETIC_SHOWCASE_ONLY
9002442,1993-01-02,gig_worker,19270.91,24,19043.64,4042.54,12127.62,234,0.7264,0.5291,3,0.8852,0.0,0.6471,0.0,0.4456,0.7088,0.2379,True,1,SYNTHETIC_SHOWCASE_ONLY
9002443,1993-01-18,informal_worker,134735.53,9,64471.6,14173.04,42519.12,142,0.8424,0.5165,1,0.6546,0.0,0.0754,0.0,0.7558,0.8403,0.1176,True,0,SYNTHETIC_SHOWCASE_ONLY
9002444,1994-01-23,first_time_borrower,258771.23,9,73910.74,28036.16,84108.47,232,0.8254,0.8715,0,0.8373,0.0,0.0888,0.0,0.5256,0.7629,0.1895,True,0,SYNTHETIC_SHOWCASE_ONLY
9002445,1995-12-29,small_merchant,175896.93,18,35811.88,9828.41,29485.22,83,0.8343,0.7411,0,0.9049,158787.3,0.8888,35079.01,0.5145,0.5384,0.2027,True,0,SYNTHETIC_SHOWCASE_ONLY
9002446,1997-06-22,informal_worker,199077.48,12,45950.78,15764.65,47293.96,28,0.8171,0.6447,0,0.7445,0.0,0.2825,0.0,0.304,0.5117,0.1471,True,0,SYNTHETIC_SHOWCASE_ONLY
9002447,1996-11-13,informal_worker,30272.05,18,7000.0,2355.56,7066.68,270,0.9741,0.5519,1,0.4252,0.0,0.4495,0.0,0.1148,0.8326,0.1243,True,0,SYNTHETIC_SHOWCASE_ONLY
9002448,1996-03-26,informal_worker,73322.37,24,25498.08,4940.21,14820.63,166,0.8961,0.8024,0,0.7953,0.0,0.1468,0.0,0.1724,0.5857,0.0574,True,0,SYNTHETIC_SHOWCASE_ONLY
9002449,1996-11-21,informal_worker,146513.85,6,47524.44,10134.52,30403.55,241,0.5031,0.8161,0,0.6866,0.0,0.3616,0.0,0.6238,0.2408,0.51,True,1,SYNTHETIC_SHOWCASE_ONLY
9002450,1993-11-10,informal_worker,191044.21,24,43639.79,8847.24,26541.72,16,0.8059,0.6952,2,0.7711,0.0,0.2246,0.0,0.2961,0.4676,0.2347,True,1,SYNTHETIC_SHOWCASE_ONLY
9002451,1997-03-14,gig_worker,69014.26,6,15591.68,5149.47,15448.4,101,0.8751,0.9374,0,0.9131,0.0,0.3467,0.0,0.6179,0.6681,0.1705,True,1,SYNTHETIC_SHOWCASE_ONLY
9002452,1997-06-14,informal_worker,100433.65,24,24318.03,8738.51,26215.54,133,0.4877,0.9171,2,0.7693,0.0,0.1771,0.0,0.1749,0.8072,0.487,True,1,SYNTHETIC_SHOWCASE_ONLY
9002453,1993-06-23,gig_worker,34821.73,36,8287.51,2627.33,7881.98,144,0.4162,0.7852,1,0.8454,0.0,0.2125,0.0,0.2584,0.738,0.5212,True,0,SYNTHETIC_SHOWCASE_ONLY
9002454,1995-05-09,first_time_borrower,152614.11,18,34139.02,6989.13,20967.4,106,0.6892,0.6342,1,0.6491,0.0,0.0615,0.0,0.1103,0.5931,0.3724,True,1,SYNTHETIC_SHOWCASE_ONLY
9002455,1997-02-24,gig_worker,12479.65,36,11338.53,4117.09,12351.26,14,0.7132,0.6816,1,0.4447,0.0,0.4819,0.0,0.1551,0.8417,0.2411,True,0,SYNTHETIC_SHOWCASE_ONLY
9002456,1995-05-20,gig_worker,90935.19,24,48174.69,9532.15,28596.44,100,0.6926,0.9865,0,0.5156,0.0,0.4125,0.0,0.3732,0.8161,0.3599,True,0,SYNTHETIC_SHOWCASE_ONLY
9002457,1997-03-15,first_time_borrower,241798.85,6,49398.12,17873.29,53619.86,177,0.8246,0.7486,2,0.7033,0.0,0.0871,0.0,0.0251,0.4844,0.0969,True,1,SYNTHETIC_SHOWCASE_ONLY
9002458,1997-09-05,gig_worker,66828.21,6,22298.26,8983.08,26949.24,128,0.7014,0.9414,0,0.7937,0.0,0.5096,0.0,0.0268,0.6704,0.2679,True,1,SYNTHETIC_SHOWCASE_ONLY
9002459,1995-05-17,small_merchant,49497.3,6,35960.35,9288.5,27865.51,38,0.9511,0.7044,0,0.7664,95154.53,0.9206,38520.79,0.7529,0.8778,0.0,True,0,SYNTHETIC_SHOWCASE_ONLY
9002460,1993-04-19,informal_worker,70980.61,12,25229.08,4989.04,14967.12,144,0.3564,0.8185,1,0.6721,0.0,0.1846,0.0,0.5089,0.7278,0.592,True,1,SYNTHETIC_SHOWCASE_ONLY
9002461,1994-09-13,gig_worker,108225.12,18,31447.53,9998.39,29995.17,119,0.7214,0.9271,0,0.6585,0.0,0.1298,0.0,0.6844,0.6791,0.1881,True,0,SYNTHETIC_SHOWCASE_ONLY
9002462,1994-01-28,gig_worker,68516.04,18,16143.54,3790.56,11371.69,161,0.8493,0.8882,0,0.9499,0.0,0.329,0.0,0.4142,0.5211,0.1856,True,0,SYNTHETIC_SHOWCASE_ONLY
9002463,1995-05-16,small_merchant,157555.0,18,37750.58,12061.39,36184.16,120,0.9656,0.4432,2,0.7691,55601.49,0.9914,467.01,0.7871,0.8468,0.0,True,0,SYNTHETIC_SHOWCASE_ONLY
9002464,1995-12-06,gig_worker,10401.05,12,12736.04,4856.21,14568.64,238,0.7154,0.8845,0,0.5255,0.0,0.1169,0.0,0.3139,0.981,0.3295,True,1,SYNTHETIC_SHOWCASE_ONLY
9002465,1995-04-28,gig_worker,30193.33,6,11632.91,2502.87,7508.61,171,0.6848,0.6263,2,0.8736,0.0,0.0734,0.0,0.3225,0.6169,0.2932,True,1,SYNTHETIC_SHOWCASE_ONLY
9002466,1993-12-23,gig_worker,18235.04,12,26408.31,6266.97,18800.92,86,0.6349,0.4923,1,0.7195,0.0,0.2586,0.0,0.0184,0.9001,0.3505,True,1,SYNTHETIC_SHOWCASE_ONLY
9002467,1994-07-04,small_merchant,114049.92,36,25300.08,9163.28,27489.85,243,0.9297,0.7678,4,0.7902,52289.64,0.6607,7935.75,0.6975,0.7351,0.0909,True,1,SYNTHETIC_SHOWCASE_ONLY
9002468,1996-05-25,small_merchant,43562.67,12,31909.68,10634.73,31904.19,181,0.7532,0.6541,0,0.7437,115432.03,0.8046,35139.88,0.604,0.5541,0.2832,True,0,SYNTHETIC_SHOWCASE_ONLY
9002469,1993-02-19,gig_worker,68664.8,12,20500.33,4289.39,12868.17,79,0.5838,0.43,1,0.6957,0.0,0.306,0.0,0.3861,0.2401,0.4647,True,1,SYNTHETIC_SHOWCASE_ONLY
9002470,1994-01-26,informal_worker,215334.15,9,69223.23,12783.4,38350.21,142,0.7376,0.8406,1,0.8885,0.0,0.2707,0.0,0.4419,0.4019,0.3343,True,1,SYNTHETIC_SHOWCASE_ONLY
9002471,1997-06-18,informal_worker,101387.56,36,30243.91,10036.75,30110.26,71,0.9445,0.6868,1,0.9915,0.0,0.4711,0.0,0.2973,0.8086,0.0,True,0,SYNTHETIC_SHOWCASE_ONLY
9002472,1993-07-01,gig_worker,96409.37,12,31311.57,8792.52,26377.55,12,0.8365,0.9359,2,0.9783,0.0,0.3346,0.0,0.5596,0.387,0.1891,True,0,SYNTHETIC_SHOWCASE_ONLY
9002473,1995-01-28,small_merchant,115382.95,18,30780.36,6934.89,20804.66,237,0.5949,0.9199,0,0.7973,105779.87,0.787,3666.32,0.3718,0.6183,0.3027,True,0,SYNTHETIC_SHOWCASE_ONLY
9002474,1994-01-13,first_time_borrower,152020.96,6,45313.33,11881.13,35643.39,262,0.7584,0.7894,0,0.795,0.0,0.3644,0.0,0.1875,0.9014,0.1747,True,1,SYNTHETIC_SHOWCASE_ONLY
9002475,1993-07-11,informal_worker,36818.87,6,36917.76,14603.81,43811.42,94,0.5764,0.7285,1,0.5511,0.0,0.0656,0.0,0.1209,0.8349,0.4899,True,1,SYNTHETIC_SHOWCASE_ONLY
9002476,1995-02-11,small_merchant,76636.55,24,34617.98,13122.94,39368.83,22,0.7977,0.9341,0,0.9546,144422.06,0.4664,5534.38,0.7224,0.664,0.1451,True,0,SYNTHETIC_SHOWCASE_ONLY
9002477,1995-08-11,small_merchant,119792.15,18,39864.13,12477.69,37433.08,147,0.9285,0.7912,2,0.7717,164459.73,0.6526,58786.86,0.661,0.7917,0.0607,True,0,SYNTHETIC_SHOWCASE_ONLY
9002478,1993-11-18,gig_worker,23685.26,24,11662.63,3338.11,10014.33,23,0.7669,0.789,1,0.6352,0.0,0.2478,0.0,0.139,0.5473,0.2748,True,0,SYNTHETIC_SHOWCASE_ONLY
9002479,1993-05-23,informal_worker,46856.14,12,11875.98,4427.19,13281.57,57,0.7176,0.6114,0,0.7925,0.0,0.2325,0.0,0.7088,0.8337,0.22,True,0,SYNTHETIC_SHOWCASE_ONLY
9002480,1993-09-03,first_time_borrower,53958.66,36,26996.21,9953.55,29860.64,159,0.9252,0.9591,0,0.6846,0.0,0.4774,0.0,0.5192,0.9212,0.0,True,0,SYNTHETIC_SHOWCASE_ONLY
9002481,1996-04-04,first_time_borrower,108131.49,18,25465.41,8470.91,25412.74,133,0.8053,0.9394,1,0.3212,0.0,0.4971,0.0,0.338,0.8732,0.2144,True,0,SYNTHETIC_SHOWCASE_ONLY
9002482,1997-04-20,gig_worker,46069.6,36,36985.03,12129.05,36387.16,218,0.7114,0.6488,1,0.7131,0.0,0.611,0.0,0.2854,0.4649,0.2313,True,0,SYNTHETIC_SHOWCASE_ONLY
9002483,1993-11-26,small_merchant,112666.49,9,28270.32,9734.85,29204.55,114,0.805,0.7817,0,0.8084,49886.92,0.9817,32671.76,0.6631,0.568,0.1095,True,0,SYNTHETIC_SHOWCASE_ONLY
9002484,1994-08-09,gig_worker,52098.47,12,37021.53,12450.14,37350.42,57,0.1878,0.8705,1,0.6614,0.0,0.0942,0.0,0.4557,0.6612,0.8456,True,1,SYNTHETIC_SHOWCASE_ONLY
9002485,1994-09-20,small_merchant,45016.12,12,15399.25,5031.79,15095.38,176,0.9086,0.4637,4,0.8188,41116.47,0.7975,21708.77,0.7148,0.4055,0.2147,True,1,SYNTHETIC_SHOWCASE_ONLY
9002486,1994-10-21,small_merchant,55999.05,24,27855.96,8697.26,26091.77,110,0.5739,0.9173,0,0.6373,56387.52,0.7392,7216.63,0.6467,0.5023,0.3303,True,0,SYNTHETIC_SHOWCASE_ONLY
9002487,1994-03-23,informal_worker,50075.32,24,14709.55,4448.34,13345.02,255,0.9096,0.7348,1,0.565,0.0,0.4251,0.0,0.0649,0.8464,0.0667,True,0,SYNTHETIC_SHOWCASE_ONLY
9002488,1993-04-11,gig_worker,51785.78,18,33713.43,8340.1,25020.3,44,0.9306,0.882,0,0.6988,0.0,0.0906,0.0,0.1718,0.5817,0.0,True,0,SYNTHETIC_SHOWCASE_ONLY
9002489,1995-08-17,first_time_borrower,46598.42,6,11366.01,4294.27,12882.8,113,0.7544,0.9404,1,0.898,0.0,0.2101,0.0,0.1735,0.5218,0.2532,True,1,SYNTHETIC_SHOWCASE_ONLY
9002490,1994-10-15,gig_worker,103382.29,9,33095.37,6700.93,20102.8,220,0.7453,0.7309,0,0.8863,0.0,0.1724,0.0,0.2249,0.6272,0.1816,True,1,SYNTHETIC_SHOWCASE_ONLY
9002491,1994-09-17,gig_worker,66566.27,6,13833.38,4668.77,14006.32,188,0.6135,0.8641,0,0.7209,0.0,0.5701,0.0,0.244,0.4737,0.3145,True,1,SYNTHETIC_SHOWCASE_ONLY
9002492,1994-04-29,first_time_borrower,86920.95,24,23292.03,8374.2,25122.59,13,0.7082,0.985,0,0.9156,0.0,0.2935,0.0,0.2576,0.5392,0.2405,True,0,SYNTHETIC_SHOWCASE_ONLY
9002493,1997-08-24,informal_worker,140799.42,12,43024.5,9358.37,28075.1,199,0.5738,0.983,0,0.8715,0.0,0.2183,0.0,0.5035,0.4584,0.3571,True,0,SYNTHETIC_SHOWCASE_ONLY
9002494,1996-01-20,small_merchant,132670.07,9,31228.99,6197.72,18593.17,203,0.6991,0.9013,0,0.873,76935.44,0.9739,36657.27,0.6012,0.8182,0.2627,True,1,SYNTHETIC_SHOWCASE_ONLY
9002495,1995-02-04,informal_worker,19909.51,12,12708.71,2579.44,7738.32,210,0.76,0.4732,3,0.6456,0.0,0.1403,0.0,0.4702,0.7203,0.2464,True,1,SYNTHETIC_SHOWCASE_ONLY
9002496,1994-01-11,gig_worker,68616.54,6,20276.36,6640.68,19922.04,32,0.8122,0.9007,0,0.9298,0.0,0.2441,0.0,0.1482,0.7875,0.1348,True,0,SYNTHETIC_SHOWCASE_ONLY
9002497,1997-01-02,gig_worker,31568.23,36,13620.05,2716.45,8149.36,146,0.5463,0.8485,1,0.7316,0.0,0.2848,0.0,0.3374,0.8754,0.4569,True,0,SYNTHETIC_SHOWCASE_ONLY
9002498,1997-06-11,small_merchant,48070.43,12,12412.7,3046.44,9139.31,224,0.5256,0.6914,0,0.9746,26938.15,0.5282,6884.74,0.6601,0.3913,0.5322,True,1,SYNTHETIC_SHOWCASE_ONLY
9002499,1993-03-01,small_merchant,20965.93,36,29626.9,6641.01,19923.03,216,0.5,0.7369,1,0.9682,59790.53,0.7067,14888.63,0.5426,0.4671,0.4738,True,0,SYNTHETIC_SHOWCASE_ONLY
9002500,1997-08-25,informal_worker,90938.69,24,36640.26,10237.81,30713.43,70,0.8524,0.8297,1,0.6325,0.0,0.0418,0.0,0.3601,0.6624,0.0422,True,0,SYNTHETIC_SHOWCASE_ONLY
9002501,1996-07-01,gig_worker,119956.1,18,34594.52,13472.22,40416.67,13,0.8918,0.7644,0,0.8925,0.0,0.4815,0.0,0.1601,0.7659,0.1805,True,0,SYNTHETIC_SHOWCASE_ONLY
9002502,1993-07-02,informal_worker,98222.64,12,37392.32,9051.06,27153.17,137,0.7175,0.7373,0,0.6972,0.0,0.075,0.0,0.5811,0.8262,0.3188,True,1,SYNTHETIC_SHOWCASE_ONLY
9002503,1996-10-07,informal_worker,45855.19,24,27840.37,8491.02,25473.05,247,0.8533,0.7529,0,0.6724,0.0,0.2297,0.0,0.3636,0.3516,0.195,True,0,SYNTHETIC_SHOWCASE_ONLY
9002504,1993-07-16,gig_worker,64906.23,24,24556.52,7874.38,23623.14,107,0.8846,0.9243,1,0.8812,0.0,0.4355,0.0,0.0818,0.4197,0.0657,True,0,SYNTHETIC_SHOWCASE_ONLY
9002505,1993-04-03,gig_worker,72584.15,6,16728.79,3969.33,11908.0,86,0.743,0.9221,1,0.715,0.0,0.0413,0.0,0.2386,0.7839,0.2552,True,1,SYNTHETIC_SHOWCASE_ONLY
9002506,1993-07-30,small_merchant,34231.17,36,22668.27,6987.63,20962.9,119,0.8286,0.7518,0,0.8053,81998.44,0.7134,26323.12,0.7126,0.4878,0.1287,True,0,SYNTHETIC_SHOWCASE_ONLY
9002507,1995-04-20,informal_worker,32899.63,12,14849.37,5211.54,15634.61,240,0.9348,0.5934,2,0.5749,0.0,0.4574,0.0,0.362,0.7421,0.1566,True,0,SYNTHETIC_SHOWCASE_ONLY
9002508,1996-02-06,informal_worker,92519.72,12,18662.67,3447.0,10340.99,205,0.8571,0.4178,2,0.7075,0.0,0.3821,0.0,0.1695,0.5047,0.1362,True,1,SYNTHETIC_SHOWCASE_ONLY
9002509,1995-01-14,informal_worker,134895.93,12,29221.05,5398.34,16195.01,117,0.5753,0.7979,0,0.5778,0.0,0.1127,0.0,0.316,0.823,0.3886,True,1,SYNTHETIC_SHOWCASE_ONLY
9002510,1993-08-11,small_merchant,19831.19,24,26460.62,6987.4,20962.21,112,0.5325,0.7783,0,0.8489,112728.71,0.9393,34095.72,0.548,0.6245,0.509,True,0,SYNTHETIC_SHOWCASE_ONLY
9002511,1993-12-30,gig_worker,300000.0,12,121908.89,37960.31,113880.93,272,0.9031,0.6695,1,0.8443,0.0,0.391,0.0,0.2408,0.5649,0.1093,True,0,SYNTHETIC_SHOWCASE_ONLY
9002512,1997-04-06,small_merchant,13029.73,12,14676.13,3664.43,10993.3,163,0.9052,0.9637,0,0.9017,43730.12,0.9187,11573.7,0.6242,0.3203,0.1222,True,0,SYNTHETIC_SHOWCASE_ONLY
9002513,1997-10-24,gig_worker,123012.24,6,26368.16,8129.5,24388.5,278,0.3248,0.8988,0,0.8152,0.0,0.0717,0.0,0.1319,0.5633,0.6761,True,1,SYNTHETIC_SHOWCASE_ONLY
9002514,1996-10-09,informal_worker,35948.16,12,14137.25,5196.16,15588.49,138,0.7539,0.9759,0,0.7991,0.0,0.1042,0.0,0.3818,0.5138,0.2077,True,0,SYNTHETIC_SHOWCASE_ONLY
9002515,1993-07-08,gig_worker,56742.61,9,23244.47,6358.0,19074.01,98,0.8679,0.7561,0,0.4764,0.0,0.1299,0.0,0.1185,0.7214,0.0824,True,1,SYNTHETIC_SHOWCASE_ONLY
9002516,1997-02-05,gig_worker,42688.14,24,23702.96,9600.73,28802.19,59,0.6362,0.737,0,0.9461,0.0,0.098,0.0,0.4969,0.5438,0.4493,True,0,SYNTHETIC_SHOWCASE_ONLY
9002517,1996-06-17,small_merchant,130327.82,12,42003.25,15699.1,47097.31,39,0.9284,0.916,0,0.6427,63553.87,0.9171,60757.11,0.5366,0.561,0.1007,True,0,SYNTHETIC_SHOWCASE_ONLY
9002518,1995-08-19,small_merchant,27934.35,36,22564.2,4223.4,12670.21,260,0.8028,0.8306,0,0.8859,35423.74,0.7942,3853.86,0.8425,0.7327,0.3144,True,0,SYNTHETIC_SHOWCASE_ONLY
9002519,1993-09-19,informal_worker,105120.53,24,25543.2,4912.79,14738.37,24,0.9164,0.8915,1,0.2061,0.0,0.517,0.0,0.3147,0.6338,0.0922,True,0,SYNTHETIC_SHOWCASE_ONLY
9002520,1997-12-25,small_merchant,62888.46,24,22774.74,5239.9,15719.71,136,0.8687,0.7323,0,0.9732,61274.62,0.7464,31691.97,0.6891,0.809,0.1215,True,0,SYNTHETIC_SHOWCASE_ONLY
9002521,1995-03-20,first_time_borrower,44197.09,36,14292.0,5513.91,16541.73,157,0.7453,0.8988,0,0.4681,0.0,0.4722,0.0,0.2497,0.9346,0.2288,True,0,SYNTHETIC_SHOWCASE_ONLY
9002522,1993-03-22,first_time_borrower,88032.28,12,20474.81,3909.36,11728.08,35,0.9305,0.8058,2,0.4556,0.0,0.2413,0.0,0.0819,0.5552,0.0711,True,0,SYNTHETIC_SHOWCASE_ONLY
9002523,1994-01-19,first_time_borrower,32975.35,18,23309.82,5117.69,15353.07,271,0.2537,0.7881,1,0.771,0.0,0.2292,0.0,0.3303,0.4055,0.7309,True,1,SYNTHETIC_SHOWCASE_ONLY
9002524,1995-01-03,informal_worker,39767.08,6,29010.01,11184.31,33552.94,97,0.8807,0.9399,0,0.6738,0.0,0.2296,0.0,0.1767,0.6978,0.2384,True,0,SYNTHETIC_SHOWCASE_ONLY
9002525,1993-04-24,informal_worker,89766.37,9,36616.51,7346.22,22038.65,107,0.823,0.9712,0,0.8609,0.0,0.2794,0.0,0.6139,0.4597,0.1653,True,0,SYNTHETIC_SHOWCASE_ONLY
9002526,1994-08-15,informal_worker,101547.43,12,25018.07,9358.76,28076.28,73,0.8938,0.9318,1,0.8981,0.0,0.5738,0.0,0.4851,0.435,0.0,True,0,SYNTHETIC_SHOWCASE_ONLY
9002527,1995-05-06,small_merchant,21275.22,24,24807.84,8317.75,24953.25,142,0.8015,0.765,4,0.6838,109241.91,0.8634,3590.4,0.6328,0.5563,0.0026,True,0,SYNTHETIC_SHOWCASE_ONLY
9002528,1997-09-29,small_merchant,50244.24,24,12258.43,3707.34,11122.01,28,0.8189,0.8414,1,0.886,53442.92,0.953,5930.75,0.7381,0.7109,0.2121,True,0,SYNTHETIC_SHOWCASE_ONLY
9002529,1993-06-07,informal_worker,101705.84,12,36280.38,11367.49,34102.46,138,0.5615,0.9809,0,0.5315,0.0,0.4791,0.0,0.5373,0.4454,0.4732,True,0,SYNTHETIC_SHOWCASE_ONLY
9002530,1995-11-20,gig_worker,61585.35,24,20048.88,6820.97,20462.92,53,0.7128,0.7912,0,0.7039,0.0,0.1379,0.0,0.0858,0.6424,0.2496,True,0,SYNTHETIC_SHOWCASE_ONLY
9002531,1997-07-31,gig_worker,123571.94,12,40077.84,16111.36,48334.07,55,0.6887,0.9083,0,0.7852,0.0,0.4862,0.0,0.2854,0.6245,0.2418,True,0,SYNTHETIC_SHOWCASE_ONLY
9002532,1997-01-12,first_time_borrower,44620.9,6,52672.62,14161.56,42484.67,49,0.4291,0.6987,0,0.7068,0.0,0.3905,0.0,0.3486,0.7813,0.5484,True,1,SYNTHETIC_SHOWCASE_ONLY
9002533,1997-08-16,gig_worker,43468.66,6,25584.98,4799.9,14399.69,123,0.9224,0.6227,2,0.5799,0.0,0.1526,0.0,0.2679,0.9184,0.103,True,0,SYNTHETIC_SHOWCASE_ONLY
9002534,1993-11-08,small_merchant,67218.63,18,17133.15,7000.52,21001.55,42,0.9081,0.6885,1,0.8887,68315.22,0.7322,9676.94,0.6054,0.7855,0.0066,True,0,SYNTHETIC_SHOWCASE_ONLY
9002535,1997-01-03,informal_worker,67051.83,18,27776.47,7839.15,23517.44,166,0.7648,0.7635,2,0.8941,0.0,0.3379,0.0,0.3516,0.8535,0.1858,True,0,SYNTHETIC_SHOWCASE_ONLY
9002536,1997-11-22,gig_worker,101498.58,12,33101.6,9876.47,29629.4,52,0.4091,0.9784,0,0.5988,0.0,0.0711,0.0,0.1552,0.7504,0.5675,True,1,SYNTHETIC_SHOWCASE_ONLY
9002537,1994-08-19,first_time_borrower,114486.95,6,24064.91,6572.48,19717.43,123,0.665,0.9193,0,0.722,0.0,0.3921,0.0,0.1137,0.7256,0.2832,True,1,SYNTHETIC_SHOWCASE_ONLY
9002538,1995-06-30,gig_worker,17163.88,18,21358.85,6043.68,18131.03,99,0.734,0.5881,0,0.9386,0.0,0.4806,0.0,0.471,0.7466,0.2827,True,0,SYNTHETIC_SHOWCASE_ONLY
9002539,1995-08-28,first_time_borrower,94627.12,24,36697.18,7618.33,22854.98,234,0.4305,0.9045,0,0.5733,0.0,0.4393,0.0,0.4472,0.6611,0.5585,True,1,SYNTHETIC_SHOWCASE_ONLY
9002540,1995-06-21,informal_worker,77848.43,6,35553.62,14020.96,42062.88,51,0.6923,0.7511,0,0.6587,0.0,0.2777,0.0,0.2977,0.6431,0.12,True,1,SYNTHETIC_SHOWCASE_ONLY
9002541,1994-06-14,gig_worker,25333.47,24,23712.1,4851.31,14553.92,15,0.7214,0.7383,0,0.7838,0.0,0.3032,0.0,0.4032,0.6973,0.5037,True,0,SYNTHETIC_SHOWCASE_ONLY
9002542,1997-11-08,gig_worker,60547.26,18,12657.54,3477.2,10431.59,26,0.9559,0.8379,2,0.5908,0.0,0.1545,0.0,0.5776,0.7329,0.0695,True,0,SYNTHETIC_SHOWCASE_ONLY
9002543,1997-10-13,small_merchant,168376.06,12,34857.42,12147.01,36441.02,173,0.8893,0.7703,1,0.8954,153441.87,0.9279,30625.94,0.6809,0.6807,0.1495,True,0,SYNTHETIC_SHOWCASE_ONLY
9002544,1994-11-27,small_merchant,38175.7,6,19373.14,5497.73,16493.19,218,0.3262,0.8645,0,0.8475,25921.46,0.8914,16751.54,0.3018,0.3511,0.6911,True,1,SYNTHETIC_SHOWCASE_ONLY
9002545,1997-01-10,gig_worker,147894.89,36,31034.15,10958.49,32875.47,195,0.9907,0.8826,0,0.6397,0.0,0.3235,0.0,0.2295,0.8193,0.0,True,0,SYNTHETIC_SHOWCASE_ONLY
9002546,1994-12-27,first_time_borrower,22723.73,12,30107.07,7162.96,21488.87,186,0.8324,0.6811,1,0.8569,0.0,0.2484,0.0,0.4063,0.6102,0.1784,True,0,SYNTHETIC_SHOWCASE_ONLY
9002547,1996-12-22,gig_worker,55589.44,12,11307.99,2865.46,8596.39,110,0.6428,0.9298,0,0.9461,0.0,0.2248,0.0,0.4681,0.6647,0.4437,True,1,SYNTHETIC_SHOWCASE_ONLY
9002548,1995-12-04,first_time_borrower,124540.74,24,29111.22,9011.76,27035.27,69,0.8095,0.6485,0,0.7077,0.0,0.4332,0.0,0.3489,0.3751,0.1924,True,0,SYNTHETIC_SHOWCASE_ONLY
9002549,1995-05-09,gig_worker,55309.41,24,35844.14,10745.57,32236.7,63,0.6155,0.6863,0,0.677,0.0,0.0901,0.0,0.1621,0.9887,0.2746,True,0,SYNTHETIC_SHOWCASE_ONLY
9002550,1993-08-22,first_time_borrower,123099.85,24,38017.16,15802.96,47408.89,238,0.3695,0.7771,1,0.8806,0.0,0.0867,0.0,0.1137,0.7767,0.6367,True,1,SYNTHETIC_SHOWCASE_ONLY
9002551,1996-04-10,gig_worker,121823.75,24,29622.67,6723.69,20171.08,17,0.4855,0.6075,0,0.9542,0.0,0.4721,0.0,0.3384,0.384,0.5286,True,1,SYNTHETIC_SHOWCASE_ONLY
9002552,1994-08-10,small_merchant,21731.38,9,10839.05,3487.99,10463.96,152,0.5331,0.9795,0,0.8718,43648.92,0.8574,14977.76,0.9091,0.641,0.4953,True,1,SYNTHETIC_SHOWCASE_ONLY
9002553,1994-01-31,small_merchant,111463.1,24,51686.85,18193.41,54580.23,15,0.8219,0.7691,0,0.8677,193548.76,0.9313,45028.3,0.7365,0.651,0.2095,True,0,SYNTHETIC_SHOWCASE_ONLY
9002554,1993-12-19,gig_worker,114853.81,12,34106.75,11446.42,34339.25,142,0.4041,0.8699,1,0.8327,0.0,0.2938,0.0,0.2053,0.7504,0.7003,True,1,SYNTHETIC_SHOWCASE_ONLY
9002555,1997-11-28,informal_worker,19599.88,24,15714.93,6372.62,19117.86,164,0.8207,0.934,1,0.7617,0.0,0.2071,0.0,0.0764,0.4705,0.2646,True,0,SYNTHETIC_SHOWCASE_ONLY
9002556,1993-07-08,gig_worker,21488.55,12,19184.03,3776.12,11328.35,65,0.8633,0.7208,1,0.5844,0.0,0.6397,0.0,0.208,0.5477,0.1333,True,0,SYNTHETIC_SHOWCASE_ONLY
9002557,1996-12-29,small_merchant,53160.53,6,31286.67,6812.56,20437.68,183,0.7822,0.6724,1,0.8103,85957.2,0.914,10277.91,0.6171,0.8592,0.1435,True,0,SYNTHETIC_SHOWCASE_ONLY
9002558,1997-05-01,small_merchant,149839.95,12,38803.13,13242.3,39726.91,13,0.6798,0.8511,0,0.6582,171734.6,0.8742,53239.42,0.5596,0.6803,0.3194,True,1,SYNTHETIC_SHOWCASE_ONLY
9002559,1993-02-26,informal_worker,49025.86,24,22153.21,8795.62,26386.87,202,0.6073,0.7302,0,0.7169,0.0,0.1754,0.0,0.4162,0.6527,0.2972,True,1,SYNTHETIC_SHOWCASE_ONLY
9002560,1995-12-13,gig_worker,117868.87,18,41614.83,11586.4,34759.2,256,0.6884,0.9354,0,0.8275,0.0,0.2075,0.0,0.6447,0.542,0.1063,True,0,SYNTHETIC_SHOWCASE_ONLY
9002561,1995-11-21,gig_worker,17289.53,24,11842.28,3448.13,10344.38,185,0.8662,0.8754,0,0.6926,0.0,0.3462,0.0,0.332,0.711,0.1746,True,0,SYNTHETIC_SHOWCASE_ONLY
9002562,1994-10-17,gig_worker,24684.79,6,16976.4,4635.93,13907.79,244,0.819,0.7799,0,0.697,0.0,0.2029,0.0,0.2779,0.8643,0.1007,True,0,SYNTHETIC_SHOWCASE_ONLY
9002563,1996-05-02,small_merchant,35986.79,9,10394.84,3509.24,10527.73,246,0.8624,0.9058,0,0.5876,23211.0,0.7216,9361.98,0.7149,0.6506,0.1348,True,0,SYNTHETIC_SHOWCASE_ONLY
9002564,1995-01-17,gig_worker,19599.25,18,18200.52,5764.51,17293.53,244,0.9853,0.761,0,0.9183,0.0,0.2356,0.0,0.2997,0.5742,0.0,True,0,SYNTHETIC_SHOWCASE_ONLY
9002565,1995-03-14,first_time_borrower,204339.79,12,57747.59,16620.35,49861.05,12,0.6798,0.9397,0,0.4472,0.0,0.1482,0.0,0.0924,0.5239,0.3693,True,0,SYNTHETIC_SHOWCASE_ONLY
9002566,1995-02-27,small_merchant,177668.4,24,75184.84,15719.23,47157.68,63,0.5509,0.8593,0,0.8903,304321.75,0.7139,16505.9,0.6123,0.8011,0.3592,True,0,SYNTHETIC_SHOWCASE_ONLY
9002567,1997-01-02,informal_worker,111359.85,36,31337.26,6397.17,19191.52,144,0.8877,0.8232,0,0.6802,0.0,0.3645,0.0,0.2517,0.7098,0.2443,True,0,SYNTHETIC_SHOWCASE_ONLY
9002568,1996-03-02,small_merchant,46981.91,18,20609.63,4175.13,12525.4,102,0.6939,0.4063,2,0.5343,70058.25,0.7426,30319.33,0.4396,0.4006,0.3271,True,1,SYNTHETIC_SHOWCASE_ONLY
9002569,1994-11-24,gig_worker,108818.49,12,25174.14,6870.97,20612.91,162,0.5566,0.7071,1,0.6584,0.0,0.2994,0.0,0.2383,0.6833,0.435,True,1,SYNTHETIC_SHOWCASE_ONLY
9002570,1997-08-20,small_merchant,29675.88,18,35142.37,13176.89,39530.68,155,0.7269,0.9585,0,0.2227,119667.89,0.6894,42979.77,0.3541,0.6411,0.3429,True,0,SYNTHETIC_SHOWCASE_ONLY
9002571,1997-01-04,gig_worker,59907.87,36,13223.21,3204.36,9613.08,222,0.7853,0.7494,0,0.7481,0.0,0.5947,0.0,0.0175,0.4499,0.1543,True,0,SYNTHETIC_SHOWCASE_ONLY
9002572,1997-08-31,small_merchant,37909.53,18,21272.28,7054.23,21162.68,148,0.8295,0.8972,1,0.6899,83453.48,0.6662,6364.82,0.6079,0.4939,0.2348,True,0,SYNTHETIC_SHOWCASE_ONLY
9002573,1996-08-26,small_merchant,43888.93,24,55754.22,23070.65,69211.94,185,0.409,0.65,0,0.6318,217960.89,0.908,40877.66,0.5576,0.6584,0.5737,True,1,SYNTHETIC_SHOWCASE_ONLY
9002574,1994-12-16,small_merchant,52113.91,12,16949.93,4042.23,12126.69,171,0.7647,0.6204,2,0.5571,37822.91,0.7482,13355.24,0.7721,0.4558,0.2647,True,1,SYNTHETIC_SHOWCASE_ONLY
9002575,1996-11-12,first_time_borrower,31019.56,24,19544.08,8084.71,24254.14,61,0.8753,0.6903,0,0.9197,0.0,0.0792,0.0,0.3512,0.8787,0.1849,True,0,SYNTHETIC_SHOWCASE_ONLY
9002576,1994-08-25,gig_worker,73839.97,9,28177.89,7600.86,22802.57,185,0.6106,0.9734,0,0.5128,0.0,0.0854,0.0,0.1258,0.7765,0.2636,True,0,SYNTHETIC_SHOWCASE_ONLY
9002577,1994-05-10,small_merchant,132480.36,24,32076.15,12149.98,36449.93,128,0.7484,0.7902,0,0.6326,106642.93,0.9515,569.0,0.6047,0.6614,0.1956,True,0,SYNTHETIC_SHOWCASE_ONLY
9002578,1995-04-04,gig_worker,84689.11,24,20742.87,7672.09,23016.26,232,0.8181,0.8417,2,0.8875,0.0,0.1663,0.0,0.5733,0.5745,0.1889,True,0,SYNTHETIC_SHOWCASE_ONLY
9002579,1997-11-05,small_merchant,94183.43,36,29053.75,10574.91,31724.72,224,0.6511,0.738,1,0.8623,76588.76,0.952,13407.18,0.4514,0.8797,0.2709,True,0,SYNTHETIC_SHOWCASE_ONLY
9002580,1995-11-04,informal_worker,183789.04,9,37487.8,10515.4,31546.19,146,0.6031,0.6443,0,0.4769,0.0,0.1004,0.0,0.4276,0.6794,0.4509,True,1,SYNTHETIC_SHOWCASE_ONLY
9002581,1994-12-02,gig_worker,189553.54,24,71786.86,27274.48,81823.44,81,0.6602,0.7745,2,0.8104,0.0,0.4445,0.0,0.0777,0.6248,0.2925,True,0,SYNTHETIC_SHOWCASE_ONLY
9002582,1995-04-24,informal_worker,20379.52,9,26353.66,7921.52,23764.55,219,0.6445,0.8765,3,0.7876,0.0,0.8163,0.0,0.2005,0.4005,0.3252,True,1,SYNTHETIC_SHOWCASE_ONLY
9002583,1994-06-16,small_merchant,115441.97,12,27450.43,5609.34,16828.03,28,0.5653,0.5686,1,0.5895,103091.41,0.8518,18368.26,0.5568,0.4135,0.4366,True,1,SYNTHETIC_SHOWCASE_ONLY
9002584,1996-04-17,gig_worker,91726.08,24,58287.15,21759.01,65277.03,261,0.927,0.9777,0,0.851,0.0,0.4047,0.0,0.3452,0.4088,0.1476,True,0,SYNTHETIC_SHOWCASE_ONLY
9002585,1994-10-02,first_time_borrower,29588.52,18,21511.87,5261.85,15785.55,224,0.87,0.8939,0,0.6821,0.0,0.3178,0.0,0.1244,0.4722,0.2589,True,0,SYNTHETIC_SHOWCASE_ONLY
9002586,1995-10-10,small_merchant,13464.44,12,14827.97,3094.24,9282.72,182,0.8103,0.9139,0,0.603,34724.43,0.9899,12065.95,0.7355,0.7314,0.1359,True,0,SYNTHETIC_SHOWCASE_ONLY
9002587,1994-11-07,informal_worker,64497.45,24,31573.68,7621.79,22865.36,74,0.7707,0.8453,1,0.8583,0.0,0.655,0.0,0.0808,0.5123,0.2745,True,0,SYNTHETIC_SHOWCASE_ONLY
9002588,1994-08-09,small_merchant,95517.86,18,46935.23,17268.45,51805.36,83,0.5246,0.9107,0,0.8063,172381.07,0.7965,846.1,0.5381,0.8036,0.498,True,0,SYNTHETIC_SHOWCASE_ONLY
9002589,1997-11-07,first_time_borrower,64338.85,18,33298.33,13400.04,40200.13,116,0.6256,0.9449,0,0.6633,0.0,0.3919,0.0,0.1491,0.7601,0.3852,True,1,SYNTHETIC_SHOWCASE_ONLY
9002590,1994-09-24,gig_worker,85791.78,18,26726.0,9199.7,27599.11,246,0.3258,0.7629,1,0.2219,0.0,0.2534,0.0,0.252,0.9223,0.6563,True,1,SYNTHETIC_SHOWCASE_ONLY
9002591,1993-05-09,small_merchant,54581.26,24,13970.89,3388.22,10164.66,185,0.5975,0.8373,1,0.9544,30092.46,0.8328,15335.87,0.4034,0.5326,0.3323,True,0,SYNTHETIC_SHOWCASE_ONLY
9002592,1994-11-23,informal_worker,128676.72,12,27226.4,10928.25,32784.75,82,0.573,0.6562,0,0.7221,0.0,0.5752,0.0,0.1088,0.781,0.4684,True,1,SYNTHETIC_SHOWCASE_ONLY
9002593,1995-08-30,small_merchant,51307.89,6,50608.47,13971.49,41914.48,43,0.8446,0.8895,0,0.719,72858.7,0.8243,53272.76,0.6347,0.6336,0.0452,True,0,SYNTHETIC_SHOWCASE_ONLY
9002594,1993-06-22,small_merchant,19536.27,18,15484.33,5657.47,16972.42,77,0.6696,0.5575,1,0.53,62660.77,0.9136,2048.83,0.5768,0.915,0.2289,True,0,SYNTHETIC_SHOWCASE_ONLY
9002595,1994-07-13,first_time_borrower,79551.85,24,24896.47,4661.71,13985.14,40,0.8287,0.7846,1,0.7424,0.0,0.5096,0.0,0.6497,0.6683,0.0,True,0,SYNTHETIC_SHOWCASE_ONLY
9002596,1993-10-31,small_merchant,23987.03,12,23247.83,6273.25,18819.75,161,0.5873,0.7499,0,0.9001,70047.85,0.6936,16182.02,0.6497,0.733,0.3997,True,0,SYNTHETIC_SHOWCASE_ONLY
9002597,1995-07-04,informal_worker,44697.56,9,20031.51,5791.18,17373.53,206,0.7541,0.8301,0,0.5981,0.0,0.1424,0.0,0.0936,0.336,0.1503,True,0,SYNTHETIC_SHOWCASE_ONLY
9002598,1996-08-13,informal_worker,105591.68,36,31538.45,7720.08,23160.24,16,0.6139,0.8505,0,0.8376,0.0,0.3027,0.0,0.4015,0.7191,0.3954,True,0,SYNTHETIC_SHOWCASE_ONLY
9002599,1997-11-04,first_time_borrower,139749.03,24,34639.37,11635.14,34905.41,111,0.7069,0.6316,1,0.6484,0.0,0.2568,0.0,0.3697,0.724,0.2485,True,1,SYNTHETIC_SHOWCASE_ONLY
9002600,1994-12-12,first_time_borrower,53677.98,18,34465.59,9492.78,28478.33,45,0.7803,0.9321,0,0.8735,0.0,0.4443,0.0,0.299,0.7515,0.2142,True,0,SYNTHETIC_SHOWCASE_ONLY
9002601,1997-04-26,small_merchant,62005.22,24,17519.87,3543.54,10630.62,210,0.9543,0.7233,0,0.8566,67605.06,0.9359,7397.25,0.4558,0.9248,0.0707,True,0,SYNTHETIC_SHOWCASE_ONLY
9002602,1994-01-27,gig_worker,43734.39,36,12706.74,4310.67,12932.01,159,0.8714,0.838,0,0.8491,0.0,0.264,0.0,0.4072,0.7205,0.1755,True,0,SYNTHETIC_SHOWCASE_ONLY
9002603,1996-11-26,gig_worker,139174.31,18,31758.2,7562.71,22688.14,235,0.9075,0.8216,1,0.5093,0.0,0.3933,0.0,0.5757,0.6178,0.0122,True,0,SYNTHETIC_SHOWCASE_ONLY
9002604,1995-10-25,informal_worker,43497.66,12,21963.09,7597.2,22791.6,187,0.745,0.6202,1,0.7883,0.0,0.2061,0.0,0.0771,0.6511,0.2566,True,1,SYNTHETIC_SHOWCASE_ONLY
9002605,1996-10-16,first_time_borrower,263927.55,18,67666.72,12754.73,38264.19,218,0.8429,0.7049,0,0.7467,0.0,0.2525,0.0,0.2582,0.6544,0.1604,True,0,SYNTHETIC_SHOWCASE_ONLY
9002606,1996-10-11,small_merchant,270426.25,36,69183.97,23842.16,71526.49,223,0.587,0.8417,1,0.6711,122516.1,0.9809,98993.66,0.7251,0.6926,0.4203,True,0,SYNTHETIC_SHOWCASE_ONLY
9002607,1995-08-31,gig_worker,120301.16,24,72801.43,15311.53,45934.59,40,0.865,0.9175,0,0.8918,0.0,0.0958,0.0,0.4225,0.4827,0.1249,True,0,SYNTHETIC_SHOWCASE_ONLY
9002608,1994-04-16,gig_worker,59433.17,6,17831.23,3808.83,11426.5,194,0.7535,0.7347,1,0.8591,0.0,0.1846,0.0,0.2392,0.8108,0.281,True,1,SYNTHETIC_SHOWCASE_ONLY
9002609,1995-08-19,small_merchant,131402.75,36,36800.14,11648.94,34946.82,68,0.8243,0.7625,1,0.6385,116679.0,0.8185,36946.02,0.6075,0.6491,0.2554,True,0,SYNTHETIC_SHOWCASE_ONLY
9002610,1997-02-18,first_time_borrower,76876.34,24,42532.21,9673.98,29021.95,51,0.7212,0.6584,1,0.7756,0.0,0.3772,0.0,0.3584,0.939,0.3761,True,0,SYNTHETIC_SHOWCASE_ONLY
9002611,1997-11-08,gig_worker,104278.9,12,40294.48,14632.17,43896.52,150,0.7613,0.8681,0,0.9214,0.0,0.1813,0.0,0.2308,0.3954,0.3204,True,0,SYNTHETIC_SHOWCASE_ONLY
9002612,1997-08-21,informal_worker,59461.49,36,23619.99,5707.48,17122.44,22,0.6392,0.9851,0,0.7734,0.0,0.1265,0.0,0.0764,0.753,0.3004,True,0,SYNTHETIC_SHOWCASE_ONLY
9002613,1993-11-28,informal_worker,207132.4,24,51738.58,13998.1,41994.31,88,0.6497,0.8961,1,0.8895,0.0,0.2691,0.0,0.0171,0.6491,0.6206,True,0,SYNTHETIC_SHOWCASE_ONLY
9002614,1995-12-27,first_time_borrower,16889.01,24,28006.38,11102.73,33308.2,274,0.5922,0.9227,0,0.6713,0.0,0.2025,0.0,0.1598,0.7213,0.2784,True,0,SYNTHETIC_SHOWCASE_ONLY
9002615,1993-07-10,gig_worker,83506.7,36,29775.78,11606.83,34820.48,260,0.7523,0.7779,1,0.9529,0.0,0.249,0.0,0.2993,0.5426,0.274,True,0,SYNTHETIC_SHOWCASE_ONLY
9002616,1996-05-06,first_time_borrower,18885.86,6,13383.79,4172.26,12516.77,109,0.7236,0.8723,0,0.6964,0.0,0.6412,0.0,0.2514,0.7103,0.2912,True,0,SYNTHETIC_SHOWCASE_ONLY
9002617,1997-12-18,informal_worker,131490.71,24,38156.33,9848.11,29544.34,245,0.8832,0.7591,3,0.7179,0.0,0.1052,0.0,0.2675,0.8084,0.1957,True,0,SYNTHETIC_SHOWCASE_ONLY
9002618,1993-04-07,informal_worker,88798.32,12,24709.97,7912.57,23737.72,162,0.4076,0.7181,1,0.7895,0.0,0.2264,0.0,0.4787,0.4031,0.481,True,1,SYNTHETIC_SHOWCASE_ONLY
9002619,1996-04-13,gig_worker,98168.6,24,34998.26,13709.68,41129.04,100,0.9191,0.6218,1,0.8902,0.0,0.0867,0.0,0.0675,0.628,0.225,True,0,SYNTHETIC_SHOWCASE_ONLY
9002620,1997-09-23,small_merchant,93563.03,24,31345.14,8404.7,25214.11,34,0.32,0.9689,0,0.8537,83184.01,0.9038,7898.72,0.4777,0.7899,0.6553,True,1,SYNTHETIC_SHOWCASE_ONLY
9002621,1997-03-27,informal_worker,60661.28,24,30540.51,10536.4,31609.2,22,0.4026,0.6456,4,0.6592,0.0,0.3612,0.0,0.3068,0.6331,0.5737,True,1,SYNTHETIC_SHOWCASE_ONLY
9002622,1994-12-18,small_merchant,54198.95,24,27392.3,5387.57,16162.7,59,0.3428,0.7918,0,0.7883,95621.51,0.8321,14526.53,0.4956,0.7628,0.718,True,1,SYNTHETIC_SHOWCASE_ONLY
9002623,1993-07-09,small_merchant,158416.04,24,40844.51,10889.67,32669.02,118,0.8068,0.8117,0,0.8294,101143.17,0.6557,12733.82,0.8289,0.8704,0.1167,True,0,SYNTHETIC_SHOWCASE_ONLY
9002624,1997-08-15,small_merchant,30021.89,12,25450.52,7377.87,22133.61,148,0.2224,0.6103,4,0.4346,96311.95,0.8412,6779.31,0.6406,0.824,0.7482,True,1,SYNTHETIC_SHOWCASE_ONLY
9002625,1997-08-10,small_merchant,55626.34,12,13925.33,2751.92,8255.76,224,0.6142,0.8869,0,0.8649,23965.13,0.637,13355.09,0.7442,0.6334,0.3972,True,0,SYNTHETIC_SHOWCASE_ONLY
9002626,1995-11-24,gig_worker,128114.8,9,36792.84,10185.96,30557.89,277,0.7961,0.803,0,0.5599,0.0,0.2318,0.0,0.1022,0.7526,0.2668,True,1,SYNTHETIC_SHOWCASE_ONLY
9002627,1997-11-23,small_merchant,85294.55,24,18989.42,3925.25,11775.74,259,0.8689,0.7931,1,0.4754,45354.44,0.7831,25728.72,0.7953,0.7937,0.0791,True,0,SYNTHETIC_SHOWCASE_ONLY
9002628,1993-01-09,gig_worker,25870.55,18,14828.62,5415.69,16247.08,116,0.4897,0.4896,2,0.6237,0.0,0.2233,0.0,0.3985,0.7617,0.6433,True,1,SYNTHETIC_SHOWCASE_ONLY
9002629,1996-01-31,first_time_borrower,48463.47,18,17141.93,5078.94,15236.82,101,0.952,0.8353,0,0.9233,0.0,0.1118,0.0,0.4302,0.5902,0.1174,True,0,SYNTHETIC_SHOWCASE_ONLY
9002630,1993-03-12,first_time_borrower,24750.74,12,32079.08,12844.46,38533.37,166,0.6228,0.5078,2,0.7041,0.0,0.6493,0.0,0.2345,0.4926,0.3639,True,1,SYNTHETIC_SHOWCASE_ONLY
9002631,1997-09-05,gig_worker,123370.7,18,26732.38,6244.46,18733.39,208,0.4047,0.6396,3,0.8977,0.0,0.797,0.0,0.0504,0.8719,0.6271,True,1,SYNTHETIC_SHOWCASE_ONLY
9002632,1996-05-27,gig_worker,35929.71,12,10059.49,3450.83,10352.48,15,0.7779,0.8542,0,0.4344,0.0,0.2051,0.0,0.1831,0.7544,0.222,True,0,SYNTHETIC_SHOWCASE_ONLY
9002633,1997-07-26,gig_worker,77805.75,36,23290.6,7296.15,21888.44,209,0.8408,0.7157,0,0.6849,0.0,0.5218,0.0,0.4146,0.8214,0.1145,True,0,SYNTHETIC_SHOWCASE_ONLY
9002634,1995-10-25,small_merchant,187670.67,24,49079.21,9545.14,28635.41,236,0.6457,0.6318,0,0.4253,168396.26,0.4403,70220.92,0.8438,0.6942,0.4553,True,1,SYNTHETIC_SHOWCASE_ONLY
9002635,1993-06-02,first_time_borrower,41734.75,18,22546.56,7021.36,21064.07,67,0.5429,0.541,1,0.6836,0.0,0.3342,0.0,0.2367,0.3365,0.5528,True,1,SYNTHETIC_SHOWCASE_ONLY
9002636,1993-02-18,small_merchant,84232.24,24,25862.03,5235.54,15706.63,122,0.727,0.8337,0,0.3612,60968.08,0.9083,37544.62,0.6945,0.4985,0.3001,True,0,SYNTHETIC_SHOWCASE_ONLY
9002637,1994-09-05,gig_worker,190504.85,9,46193.56,10056.27,30168.82,54,0.9124,0.8213,0,0.9529,0.0,0.0388,0.0,0.242,0.7984,0.0787,True,1,SYNTHETIC_SHOWCASE_ONLY
9002638,1996-09-19,gig_worker,40908.23,9,41019.16,14331.33,42994.0,209,0.7246,0.7569,2,0.6639,0.0,0.2434,0.0,0.4895,0.509,0.2915,True,0,SYNTHETIC_SHOWCASE_ONLY
9002639,1993-10-03,gig_worker,220339.33,18,45724.99,8491.33,25473.98,32,0.7603,0.86,0,0.403,0.0,0.4524,0.0,0.2005,0.7578,0.1684,True,1,SYNTHETIC_SHOWCASE_ONLY
9002640,1997-04-06,first_time_borrower,33476.45,24,7399.25,1627.29,4881.86,131,0.8525,0.9286,0,0.8781,0.0,0.5522,0.0,0.2098,0.7576,0.1698,True,0,SYNTHETIC_SHOWCASE_ONLY
9002641,1994-03-14,informal_worker,300000.0,6,64347.34,16596.06,49788.19,205,0.7907,0.6697,2,0.8677,0.0,0.3739,0.0,0.0775,0.6642,0.2702,True,1,SYNTHETIC_SHOWCASE_ONLY
9002642,1995-06-26,small_merchant,157970.18,12,38003.44,12219.55,36658.64,102,0.699,0.5649,1,0.8508,112489.26,0.5149,31620.49,0.5887,0.4818,0.3502,True,1,SYNTHETIC_SHOWCASE_ONLY
9002643,1994-01-06,small_merchant,172934.96,18,91260.06,36163.56,108490.68,57,0.7767,0.8956,0,0.9058,153836.86,0.8432,96374.31,0.2804,0.6601,0.1117,True,0,SYNTHETIC_SHOWCASE_ONLY
9002644,1995-05-01,first_time_borrower,60757.72,6,19234.16,4647.43,13942.3,213,0.6793,0.4983,1,0.5836,0.0,0.2107,0.0,0.3388,0.6775,0.3836,True,1,SYNTHETIC_SHOWCASE_ONLY
9002645,1995-04-06,small_merchant,13555.98,12,12010.1,4590.31,13770.92,38,0.8555,0.8313,0,0.8874,22814.92,0.8132,11758.14,0.3938,0.6297,0.0533,True,0,SYNTHETIC_SHOWCASE_ONLY
9002646,1993-01-10,first_time_borrower,110094.14,18,28097.18,6747.59,20242.77,41,0.7751,0.8717,0,0.6012,0.0,0.4518,0.0,0.1299,0.5178,0.3728,True,0,SYNTHETIC_SHOWCASE_ONLY
9002647,1995-11-03,first_time_borrower,31304.67,36,24533.16,6784.27,20352.82,193,0.5687,0.5806,2,0.9462,0.0,0.2249,0.0,0.2877,0.7771,0.4424,True,1,SYNTHETIC_SHOWCASE_ONLY
9002648,1996-12-07,small_merchant,169143.97,12,38319.67,7856.86,23570.59,259,0.7229,0.8753,1,0.9787,85728.84,0.9371,51059.4,0.6842,0.7933,0.2421,True,0,SYNTHETIC_SHOWCASE_ONLY
9002649,1997-09-06,first_time_borrower,77793.19,9,46907.15,18884.95,56654.84,121,0.9,0.6631,0,0.7858,0.0,0.2271,0.0,0.2718,0.2959,0.0761,True,0,SYNTHETIC_SHOWCASE_ONLY
9002650,1994-08-27,gig_worker,35062.38,6,26851.01,5279.68,15839.05,132,0.5893,0.8539,0,0.738,0.0,0.0316,0.0,0.4152,0.2966,0.4495,True,1,SYNTHETIC_SHOWCASE_ONLY
9002651,1997-05-27,informal_worker,22749.12,9,24944.78,7354.3,22062.89,70,0.9205,0.6877,1,0.6291,0.0,0.2621,0.0,0.115,0.8533,0.1018,True,1,SYNTHETIC_SHOWCASE_ONLY
9002652,1997-05-24,gig_worker,134225.34,24,35985.28,12539.28,37617.85,177,0.7241,0.7009,0,0.7333,0.0,0.0892,0.0,0.1996,0.5199,0.1211,True,1,SYNTHETIC_SHOWCASE_ONLY
9002653,1997-12-10,small_merchant,35139.58,12,24758.45,7820.87,23462.61,36,0.794,0.8488,1,0.6484,103345.69,0.7822,12925.54,0.8487,0.5802,0.3293,True,0,SYNTHETIC_SHOWCASE_ONLY
9002654,1994-11-13,gig_worker,34956.26,12,23784.0,7006.76,21020.27,12,0.79,0.6566,2,0.7023,0.0,0.5737,0.0,0.5291,0.3542,0.2446,True,1,SYNTHETIC_SHOWCASE_ONLY
9002655,1997-04-03,gig_worker,62032.63,36,46063.89,8630.42,25891.27,227,0.8775,0.7787,0,0.3687,0.0,0.3016,0.0,0.0651,0.7626,0.0677,True,0,SYNTHETIC_SHOWCASE_ONLY
9002656,1995-10-29,gig_worker,99724.97,24,51259.34,17276.1,51828.3,207,0.7913,0.7065,0,0.7023,0.0,0.2804,0.0,0.3233,0.6011,0.0541,True,0,SYNTHETIC_SHOWCASE_ONLY
9002657,1993-04-17,small_merchant,223369.21,9,47111.08,12276.98,36830.95,221,0.8413,0.7446,1,0.4883,208385.86,0.9108,63494.04,0.5452,0.48,0.282,True,1,SYNTHETIC_SHOWCASE_ONLY
9002658,1994-05-09,informal_worker,70797.7,12,25827.87,6850.79,20552.37,192,0.6768,0.965,0,0.6596,0.0,0.3516,0.0,0.0866,0.6542,0.3319,True,1,SYNTHETIC_SHOWCASE_ONLY
9002659,1996-05-12,small_merchant,17522.74,24,10025.24,2405.61,7216.83,133,0.7291,0.7454,1,0.5998,28369.55,0.5754,4999.58,0.7001,0.6565,0.2885,True,0,SYNTHETIC_SHOWCASE_ONLY
9002660,1993-10-21,small_merchant,35197.05,24,26077.31,8110.37,24331.11,73,0.6273,0.7468,2,0.9544,66917.46,0.7299,32028.96,0.5241,0.6777,0.3204,True,0,SYNTHETIC_SHOWCASE_ONLY
9002661,1995-03-05,first_time_borrower,13294.59,36,19460.25,4765.32,14295.97,260,0.8075,0.7489,1,0.6723,0.0,0.004,0.0,0.1511,0.7415,0.1097,True,0,SYNTHETIC_SHOWCASE_ONLY
9002662,1996-11-15,first_time_borrower,58038.28,6,26309.67,7410.92,22232.75,155,0.8776,0.9549,0,0.7566,0.0,0.213,0.0,0.4132,0.7728,0.1892,True,0,SYNTHETIC_SHOWCASE_ONLY
9002663,1993-10-01,gig_worker,21998.81,24,20289.04,6101.17,18303.52,232,0.6143,0.9415,0,0.4609,0.0,0.4612,0.0,0.0868,0.6853,0.4204,True,0,SYNTHETIC_SHOWCASE_ONLY
9002664,1995-06-26,small_merchant,19928.5,6,27722.64,5631.25,16893.76,159,0.4113,0.812,0,0.78,72784.68,0.8724,13842.53,0.7826,0.6321,0.5706,True,0,SYNTHETIC_SHOWCASE_ONLY
9002665,1994-01-28,informal_worker,17905.37,12,17002.36,5417.27,16251.82,153,0.7528,0.8526,0,0.6704,0.0,0.1335,0.0,0.1638,0.8284,0.3202,True,0,SYNTHETIC_SHOWCASE_ONLY
9002666,1995-09-07,informal_worker,30306.26,24,15141.82,4493.12,13479.36,148,0.8892,0.8957,0,0.968,0.0,0.019,0.0,0.4891,0.7811,0.1014,True,0,SYNTHETIC_SHOWCASE_ONLY
9002667,1994-03-16,small_merchant,196575.57,24,50354.92,17532.9,52598.69,56,0.9495,0.9179,1,0.8725,168559.07,0.6021,45773.85,0.4467,0.7265,0.0,True,0,SYNTHETIC_SHOWCASE_ONLY
9002668,1997-10-29,informal_worker,15729.63,6,17580.12,3819.72,11459.15,167,0.639,0.798,0,0.7578,0.0,0.2071,0.0,0.1075,0.7861,0.2656,True,0,SYNTHETIC_SHOWCASE_ONLY
9002669,1993-05-21,gig_worker,100428.61,12,28004.46,11069.76,33209.28,28,0.8616,0.651,2,0.8167,0.0,0.529,0.0,0.1634,0.7803,0.0743,True,1,SYNTHETIC_SHOWCASE_ONLY
9002670,1997-10-26,small_merchant,147445.73,24,44272.85,14260.28,42780.83,167,0.7088,0.888,0,0.8065,127247.29,0.8447,14407.65,0.6986,0.7618,0.2688,True,0,SYNTHETIC_SHOWCASE_ONLY
9002671,1996-12-16,informal_worker,194583.71,9,43426.53,8863.62,26590.85,89,0.7619,0.9131,1,0.6411,0.0,0.1414,0.0,0.2519,0.7829,0.256,True,1,SYNTHETIC_SHOWCASE_ONLY
9002672,1997-04-12,informal_worker,57800.48,12,41006.54,12317.26,36951.77,23,0.4964,0.8459,0,0.8289,0.0,0.1149,0.0,0.2917,0.5788,0.4842,True,1,SYNTHETIC_SHOWCASE_ONLY
9002673,1997-04-04,first_time_borrower,132594.14,12,32381.28,10449.8,31349.39,74,0.6173,0.5758,0,0.8251,0.0,0.4083,0.0,0.3513,0.4668,0.4911,True,0,SYNTHETIC_SHOWCASE_ONLY
9002674,1993-12-09,gig_worker,174610.67,9,39635.54,10084.84,30254.53,107,0.593,0.6889,2,0.6808,0.0,0.245,0.0,0.2655,0.8267,0.4071,True,1,SYNTHETIC_SHOWCASE_ONLY
9002675,1997-08-28,gig_worker,265022.21,24,54124.49,17829.5,53488.49,187,0.6003,0.652,1,0.9262,0.0,0.2851,0.0,0.3315,0.8305,0.4591,True,1,SYNTHETIC_SHOWCASE_ONLY
9002676,1995-12-22,gig_worker,142758.94,6,34336.72,9305.55,27916.65,267,0.3858,0.7063,0,0.8996,0.0,0.1072,0.0,0.5551,0.899,0.6068,True,1,SYNTHETIC_SHOWCASE_ONLY
9002677,1997-10-23,gig_worker,13268.4,18,11592.37,3137.04,9411.12,104,0.8161,0.8096,1,0.9046,0.0,0.1014,0.0,0.5194,0.6609,0.2097,True,0,SYNTHETIC_SHOWCASE_ONLY
9002678,1997-05-23,gig_worker,103575.71,24,21725.98,6475.43,19426.28,48,0.8301,0.8972,1,0.9183,0.0,0.497,0.0,0.2641,0.504,0.1968,True,0,SYNTHETIC_SHOWCASE_ONLY
9002679,1995-11-25,small_merchant,163726.84,6,39113.28,14414.84,43244.53,43,0.8977,0.6798,0,0.8147,78066.24,0.628,40415.79,0.6816,0.7106,0.1067,True,1,SYNTHETIC_SHOWCASE_ONLY
9002680,1994-11-15,small_merchant,31792.41,18,20722.05,5570.24,16710.71,190,0.8473,0.7663,2,0.8969,89249.67,0.6718,25879.64,0.8483,0.7163,0.2234,True,0,SYNTHETIC_SHOWCASE_ONLY
9002681,1993-08-03,informal_worker,80856.6,12,60937.91,19336.94,58010.82,146,0.5654,0.8839,0,0.848,0.0,0.5702,0.0,0.0782,0.689,0.3159,True,0,SYNTHETIC_SHOWCASE_ONLY
9002682,1993-07-04,small_merchant,128218.27,24,27163.61,5503.93,16511.8,192,0.7549,0.8054,0,0.7441,67646.63,0.7381,22533.63,0.5218,0.8083,0.2465,True,0,SYNTHETIC_SHOWCASE_ONLY
9002683,1994-12-13,gig_worker,37484.98,24,29169.51,7287.16,21861.49,56,0.6014,0.7855,2,0.9847,0.0,0.5356,0.0,0.6488,0.4826,0.3639,True,0,SYNTHETIC_SHOWCASE_ONLY
9002684,1997-01-20,informal_worker,193094.22,24,48042.29,10952.28,32856.83,238,0.9112,0.9668,0,0.5483,0.0,0.2384,0.0,0.2775,0.6861,0.0614,True,0,SYNTHETIC_SHOWCASE_ONLY
9002685,1995-07-12,gig_worker,61121.02,12,25647.26,6599.32,19797.97,238,0.9198,0.6433,2,0.5906,0.0,0.1063,0.0,0.0984,0.7434,0.0512,True,0,SYNTHETIC_SHOWCASE_ONLY
9002686,1995-05-30,first_time_borrower,115329.76,24,30472.28,10501.23,31503.69,72,0.5,0.8038,0,0.5566,0.0,0.0733,0.0,0.2412,0.7405,0.4448,True,0,SYNTHETIC_SHOWCASE_ONLY
9002687,1994-03-23,gig_worker,43289.98,18,43111.24,14564.47,43693.41,208,0.5041,0.8115,1,0.7489,0.0,0.1906,0.0,0.5914,0.4336,0.4201,True,1,SYNTHETIC_SHOWCASE_ONLY
9002688,1995-10-28,small_merchant,52349.81,12,13811.68,2764.9,8294.7,78,0.6853,0.7832,0,0.9357,16703.05,0.9397,12943.74,0.7666,0.7298,0.2051,True,0,SYNTHETIC_SHOWCASE_ONLY
9002689,1996-03-11,first_time_borrower,69646.03,9,24416.56,9102.82,27308.47,85,0.9183,0.8203,1,0.8078,0.0,0.0907,0.0,0.1679,0.9105,0.0346,True,0,SYNTHETIC_SHOWCASE_ONLY
9002690,1997-11-29,small_merchant,190163.79,6,41687.37,14025.35,42076.05,128,0.8114,0.8437,0,0.9063,170622.52,0.7594,42420.56,0.4496,0.6814,0.2625,True,1,SYNTHETIC_SHOWCASE_ONLY
9002691,1996-08-24,informal_worker,41290.59,12,28895.69,7861.4,23584.21,156,0.8822,0.813,1,0.6404,0.0,0.087,0.0,0.2966,0.5548,0.1383,True,0,SYNTHETIC_SHOWCASE_ONLY
9002692,1996-01-14,informal_worker,61225.61,12,56629.2,15106.5,45319.49,71,0.6958,0.2512,5,0.7773,0.0,0.1576,0.0,0.2904,0.7199,0.3895,True,1,SYNTHETIC_SHOWCASE_ONLY
9002693,1997-07-20,gig_worker,19230.6,36,13141.32,4482.97,13448.9,168,0.6105,0.9115,0,0.7646,0.0,0.5474,0.0,0.1658,0.8458,0.3516,True,0,SYNTHETIC_SHOWCASE_ONLY
9002694,1995-02-16,informal_worker,11765.92,36,12441.08,3446.62,10339.85,273,0.8282,0.7554,0,0.6912,0.0,0.124,0.0,0.0601,0.5272,0.2495,True,0,SYNTHETIC_SHOWCASE_ONLY
9002695,1997-09-04,first_time_borrower,199032.89,9,40514.26,11426.45,34279.36,89,0.6777,0.7775,1,0.8204,0.0,0.3587,0.0,0.2553,0.7157,0.3633,True,1,SYNTHETIC_SHOWCASE_ONLY
9002696,1994-11-07,first_time_borrower,48391.27,36,42427.3,13340.2,40020.59,77,0.4152,0.5761,1,0.8415,0.0,0.2261,0.0,0.2825,0.6811,0.5683,True,1,SYNTHETIC_SHOWCASE_ONLY
9002697,1993-08-22,small_merchant,37864.47,24,25519.54,5797.02,17391.05,29,0.8231,0.8487,1,0.8743,89089.79,0.8739,36193.1,0.5776,0.9627,0.2409,True,0,SYNTHETIC_SHOWCASE_ONLY
9002698,1995-02-02,small_merchant,141250.92,18,33933.2,11671.01,35013.03,27,0.4884,0.915,0,0.6191,68983.34,0.639,45228.12,0.6324,0.5676,0.5432,True,0,SYNTHETIC_SHOWCASE_ONLY
9002699,1993-08-24,informal_worker,67497.88,36,40041.0,15943.9,47831.71,228,0.7946,0.7008,0,0.9145,0.0,0.1535,0.0,0.1527,0.6732,0.2103,True,0,SYNTHETIC_SHOWCASE_ONLY
9002700,1993-08-05,small_merchant,29897.23,24,18945.19,4002.08,12006.24,156,0.3886,0.7091,1,0.9115,73545.69,0.8203,12961.2,0.5636,0.5136,0.6535,True,1,SYNTHETIC_SHOWCASE_ONLY
9002701,1997-05-29,gig_worker,70963.22,18,19943.78,6562.45,19687.36,160,0.8171,0.9028,1,0.8129,0.0,0.2288,0.0,0.2043,0.6073,0.2018,True,1,SYNTHETIC_SHOWCASE_ONLY
9002702,1996-12-22,gig_worker,72213.71,12,30669.63,6563.93,19691.78,167,0.9152,0.7974,2,0.9139,0.0,0.2205,0.0,0.4363,0.8578,0.0,True,0,SYNTHETIC_SHOWCASE_ONLY
9002703,1994-02-08,gig_worker,184788.24,12,43214.12,14495.52,43486.56,47,0.6664,0.83,0,0.6976,0.0,0.2802,0.0,0.1788,0.9139,0.3431,True,0,SYNTHETIC_SHOWCASE_ONLY
9002704,1997-03-10,small_merchant,54531.79,36,15999.3,5814.61,17443.83,136,0.6173,0.8745,0,0.6198,59686.13,0.8473,2348.16,0.5979,0.9121,0.3857,True,0,SYNTHETIC_SHOWCASE_ONLY
9002705,1993-05-06,gig_worker,47566.82,12,25462.06,5526.35,16579.04,238,0.7438,0.7764,1,0.7624,0.0,0.0905,0.0,0.3783,0.4458,0.2704,True,0,SYNTHETIC_SHOWCASE_ONLY
9002706,1994-06-04,gig_worker,80456.77,6,24902.57,7923.92,23771.75,252,0.6542,0.9052,0,0.8763,0.0,0.0079,0.0,0.0411,0.7951,0.4118,True,1,SYNTHETIC_SHOWCASE_ONLY
9002707,1996-07-13,gig_worker,150995.6,12,34220.5,12639.45,37918.35,18,0.784,0.8518,1,0.7262,0.0,0.2099,0.0,0.0792,0.5986,0.2942,True,0,SYNTHETIC_SHOWCASE_ONLY
9002708,1994-07-09,first_time_borrower,61447.21,18,27883.34,8947.33,26841.99,79,0.9487,0.9275,0,0.4382,0.0,0.4637,0.0,0.1706,0.7264,0.0666,True,0,SYNTHETIC_SHOWCASE_ONLY
9002709,1996-08-26,gig_worker,82745.98,12,21545.79,8278.8,24836.39,123,0.7092,0.6827,2,0.9765,0.0,0.1852,0.0,0.4106,0.8026,0.31,True,1,SYNTHETIC_SHOWCASE_ONLY
9002710,1997-05-16,gig_worker,123874.57,36,50984.22,18831.47,56494.41,133,0.3946,0.7385,0,0.8115,0.0,0.1884,0.0,0.2157,0.6747,0.7016,True,1,SYNTHETIC_SHOWCASE_ONLY
9002711,1993-05-01,small_merchant,64616.82,12,21614.43,6738.97,20216.91,12,0.7497,0.9366,0,0.6965,51277.27,0.8713,24214.15,0.3087,0.8482,0.2741,True,0,SYNTHETIC_SHOWCASE_ONLY
9002712,1993-02-13,gig_worker,93168.89,24,24337.01,9751.18,29253.55,13,0.4971,0.9826,0,0.6634,0.0,0.112,0.0,0.3202,0.787,0.5985,True,0,SYNTHETIC_SHOWCASE_ONLY
9002713,1997-09-13,first_time_borrower,11299.8,18,13043.44,3409.9,10229.71,254,0.5691,0.7906,2,0.7441,0.0,0.3832,0.0,0.451,0.7722,0.4649,True,0,SYNTHETIC_SHOWCASE_ONLY
9002714,1995-08-09,first_time_borrower,51720.75,18,19879.0,4224.6,12673.8,139,0.6286,0.4231,1,0.8491,0.0,0.0868,0.0,0.0778,0.8531,0.2816,True,0,SYNTHETIC_SHOWCASE_ONLY
9002715,1995-07-14,small_merchant,36550.08,9,35870.71,10233.96,30701.89,225,0.9244,0.6541,1,0.7,52303.56,0.7551,44776.59,0.375,0.2358,0.094,True,0,SYNTHETIC_SHOWCASE_ONLY
9002716,1995-04-27,small_merchant,123775.06,12,32658.12,12427.43,37282.3,174,0.7516,0.6579,0,0.668,119775.81,0.6316,15827.95,0.4374,0.9058,0.2143,True,0,SYNTHETIC_SHOWCASE_ONLY
9002717,1995-03-03,small_merchant,122252.83,24,37336.55,11144.63,33433.89,46,0.7763,0.6246,2,0.6868,69498.68,0.9426,44426.12,0.6785,0.8248,0.2737,True,1,SYNTHETIC_SHOWCASE_ONLY
9002718,1996-06-14,gig_worker,74357.58,24,36476.78,14413.32,43239.97,141,0.8472,0.9858,0,0.5107,0.0,0.4488,0.0,0.1626,0.527,0.1516,True,0,SYNTHETIC_SHOWCASE_ONLY
9002719,1995-11-25,gig_worker,71363.13,12,76272.1,27873.82,83621.45,219,0.6416,0.8511,0,0.669,0.0,0.282,0.0,0.2644,0.8292,0.1957,True,0,SYNTHETIC_SHOWCASE_ONLY
9002720,1993-10-26,gig_worker,91391.01,36,19555.02,4926.09,14778.27,279,0.6683,0.7801,1,0.3518,0.0,0.1711,0.0,0.1901,0.6659,0.3595,True,1,SYNTHETIC_SHOWCASE_ONLY
9002721,1996-02-19,gig_worker,25559.57,24,12869.77,2665.54,7996.62,208,0.4695,0.8692,0,0.8146,0.0,0.4172,0.0,0.4371,0.4507,0.552,True,1,SYNTHETIC_SHOWCASE_ONLY
9002722,1996-05-05,small_merchant,30636.17,9,16910.57,3528.83,10586.49,253,0.7673,0.7569,2,0.8492,44925.13,0.5653,3728.35,0.7884,0.7915,0.2284,True,0,SYNTHETIC_SHOWCASE_ONLY
9002723,1993-07-27,gig_worker,20861.7,18,19974.4,7003.56,21010.68,83,0.8245,0.799,1,0.4503,0.0,0.3021,0.0,0.3642,0.8321,0.2795,True,0,SYNTHETIC_SHOWCASE_ONLY
9002724,1994-11-19,gig_worker,55084.21,24,17540.76,3256.48,9769.43,58,0.4596,0.9038,0,0.4877,0.0,0.3895,0.0,0.1585,0.6953,0.5393,True,1,SYNTHETIC_SHOWCASE_ONLY
9002725,1996-12-14,small_merchant,51805.98,24,29287.53,7412.54,22237.61,55,0.8049,0.9113,0,0.7874,81848.99,0.6299,28316.79,0.2931,0.9717,0.164,True,0,SYNTHETIC_SHOWCASE_ONLY
9002726,1996-02-04,small_merchant,220099.81,9,51084.38,11703.06,35109.17,188,0.6359,0.9176,0,0.6319,224327.25,0.7347,30491.06,0.7508,0.6791,0.3981,True,0,SYNTHETIC_SHOWCASE_ONLY
9002727,1993-09-07,gig_worker,211311.52,12,58629.67,14509.75,43529.24,198,0.4848,0.7029,1,0.6829,0.0,0.1976,0.0,0.2092,0.7365,0.423,True,1,SYNTHETIC_SHOWCASE_ONLY
9002728,1993-03-15,gig_worker,22015.61,12,35668.67,14000.03,42000.08,276,0.7156,0.6695,2,0.4927,0.0,0.0845,0.0,0.249,0.4029,0.244,True,1,SYNTHETIC_SHOWCASE_ONLY
9002729,1995-11-28,gig_worker,241737.47,12,78258.32,22322.58,66967.75,148,0.735,0.8791,0,0.6217,0.0,0.0394,0.0,0.5127,0.6671,0.293,True,0,SYNTHETIC_SHOWCASE_ONLY
9002730,1995-04-24,gig_worker,38229.84,9,23597.61,8112.04,24336.12,72,0.7214,0.8567,1,0.6473,0.0,0.123,0.0,0.4159,0.3572,0.1978,True,0,SYNTHETIC_SHOWCASE_ONLY
9002731,1997-10-21,informal_worker,8538.22,18,12789.13,4993.35,14980.05,199,0.9311,0.5722,1,0.5741,0.0,0.299,0.0,0.631,0.826,0.0961,True,0,SYNTHETIC_SHOWCASE_ONLY
9002732,1995-08-12,first_time_borrower,154356.44,18,46419.98,8543.14,25629.41,243,0.5091,0.8617,0,0.7172,0.0,0.2441,0.0,0.2728,0.7353,0.3709,True,1,SYNTHETIC_SHOWCASE_ONLY
9002733,1997-08-28,small_merchant,17395.75,9,11584.63,3581.85,10745.55,262,0.4581,0.82,1,0.8604,37732.61,0.9087,6984.25,0.6829,0.753,0.6332,True,1,SYNTHETIC_SHOWCASE_ONLY
9002734,1994-01-27,small_merchant,88834.42,18,19488.08,8089.17,24267.51,146,0.5465,0.8413,1,0.7499,75932.42,0.9052,16576.08,0.6331,0.8579,0.3702,True,1,SYNTHETIC_SHOWCASE_ONLY
9002735,1995-03-28,informal_worker,112236.98,6,35940.27,6692.96,20078.88,101,0.8839,0.8535,1,0.6692,0.0,0.369,0.0,0.137,0.5116,0.0612,True,1,SYNTHETIC_SHOWCASE_ONLY
9002736,1993-09-12,informal_worker,40530.08,12,26657.26,4893.69,14681.07,124,0.9456,0.83,1,0.7077,0.0,0.3757,0.0,0.3462,0.7617,0.0185,True,0,SYNTHETIC_SHOWCASE_ONLY
9002737,1995-11-15,gig_worker,125392.2,24,25547.7,6183.45,18550.36,41,0.3813,0.9189,0,0.8488,0.0,0.1833,0.0,0.2546,0.7278,0.6837,True,1,SYNTHETIC_SHOWCASE_ONLY
9002738,1993-12-11,gig_worker,47726.37,24,15885.79,3479.84,10439.52,169,0.856,0.79,0,0.4612,0.0,0.1918,0.0,0.4172,0.6723,0.0715,True,0,SYNTHETIC_SHOWCASE_ONLY
9002739,1995-06-18,small_merchant,36993.85,12,27855.19,9461.44,28384.32,263,0.6527,0.663,2,0.8886,115606.12,0.8428,15178.35,0.5101,0.3481,0.3647,True,0,SYNTHETIC_SHOWCASE_ONLY
9002740,1994-09-21,small_merchant,130362.13,24,45329.7,9747.01,29241.03,105,0.4845,0.8213,1,0.804,90137.01,0.6747,40152.22,0.7217,0.5427,0.5222,True,0,SYNTHETIC_SHOWCASE_ONLY
9002741,1993-12-06,gig_worker,136291.87,24,28269.66,6622.69,19868.07,231,0.9371,0.7891,1,0.8935,0.0,0.0143,0.0,0.6312,0.6848,0.1049,True,0,SYNTHETIC_SHOWCASE_ONLY
9002742,1993-06-26,gig_worker,46363.22,18,18796.98,5329.91,15989.74,253,0.8203,0.6469,0,0.6704,0.0,0.5052,0.0,0.099,0.4436,0.2245,True,0,SYNTHETIC_SHOWCASE_ONLY
9002743,1995-07-25,small_merchant,38024.07,36,15384.89,5777.37,17332.1,33,0.8535,0.8395,1,0.837,40845.13,0.8511,21333.41,0.824,0.6963,0.1708,True,0,SYNTHETIC_SHOWCASE_ONLY
9002744,1997-09-26,gig_worker,49908.26,12,18984.05,4036.98,12110.93,156,0.8254,0.9409,0,0.7513,0.0,0.6586,0.0,0.3353,0.3343,0.2497,True,0,SYNTHETIC_SHOWCASE_ONLY
9002745,1993-12-29,small_merchant,61940.96,6,33802.16,7448.79,22346.38,50,0.904,0.9234,0,0.6848,74868.43,0.7071,10863.1,0.3114,0.5038,0.0441,True,0,SYNTHETIC_SHOWCASE_ONLY
9002746,1995-01-10,informal_worker,43318.09,24,33020.67,12392.1,37176.29,75,0.5609,0.9873,0,0.971,0.0,0.5069,0.0,0.5528,0.8414,0.4688,True,0,SYNTHETIC_SHOWCASE_ONLY
9002747,1994-02-15,small_merchant,60009.34,18,19067.04,7228.58,21685.74,202,0.7538,0.9693,0,0.8525,72555.26,0.7707,5219.99,0.7003,0.6341,0.2714,True,0,SYNTHETIC_SHOWCASE_ONLY
9002748,1997-01-17,gig_worker,43936.73,12,9689.47,2347.8,7043.4,186,0.5495,0.9002,0,0.6349,0.0,0.2853,0.0,0.2015,0.6919,0.5734,True,1,SYNTHETIC_SHOWCASE_ONLY
9002749,1995-01-28,gig_worker,131440.78,6,34254.25,10242.37,30727.1,163,0.5895,0.7535,3,0.6685,0.0,0.0288,0.0,0.1555,0.2595,0.3561,True,1,SYNTHETIC_SHOWCASE_ONLY
9002750,1997-11-15,first_time_borrower,18620.52,6,18197.88,5068.38,15205.13,77,0.6949,0.9126,0,0.9296,0.0,0.3328,0.0,0.0391,0.8043,0.3599,True,0,SYNTHETIC_SHOWCASE_ONLY
9002751,1994-03-24,small_merchant,92129.73,9,38976.33,8748.09,26244.28,133,0.585,0.8865,0,0.6837,53408.78,0.6402,58342.86,0.5375,0.582,0.3667,True,0,SYNTHETIC_SHOWCASE_ONLY
9002752,1993-05-28,gig_worker,12140.51,12,19477.73,5946.57,17839.71,150,0.5968,0.9155,0,0.3929,0.0,0.2749,0.0,0.373,0.7352,0.3786,True,0,SYNTHETIC_SHOWCASE_ONLY
9002753,1995-11-30,gig_worker,34068.41,36,17426.85,5455.1,16365.3,274,0.2962,0.8163,1,0.7481,0.0,0.1876,0.0,0.1738,0.3263,0.685,True,1,SYNTHETIC_SHOWCASE_ONLY
9002754,1996-04-04,informal_worker,106840.57,12,30136.2,6892.56,20677.68,163,0.3935,0.7168,2,0.7644,0.0,0.2855,0.0,0.341,0.3332,0.5434,True,1,SYNTHETIC_SHOWCASE_ONLY
9002755,1997-12-15,informal_worker,162974.11,24,86825.48,18864.02,56592.07,194,0.4968,0.8778,1,0.3756,0.0,0.1121,0.0,0.0438,0.4915,0.4774,True,1,SYNTHETIC_SHOWCASE_ONLY
9002756,1997-05-11,first_time_borrower,172430.62,6,40114.54,13622.57,40867.7,219,0.3424,0.5482,0,0.8233,0.0,0.5628,0.0,0.5217,0.4831,0.5528,True,1,SYNTHETIC_SHOWCASE_ONLY
9002757,1997-06-03,informal_worker,80722.97,12,29891.97,7923.17,23769.51,177,0.4724,0.7821,1,0.7765,0.0,0.3646,0.0,0.3922,0.7288,0.5444,True,1,SYNTHETIC_SHOWCASE_ONLY
9002758,1996-03-04,small_merchant,117896.27,36,33263.25,6737.05,20211.15,17,0.777,0.9553,0,0.7031,135747.49,0.661,24849.46,0.7247,0.4397,0.176,True,0,SYNTHETIC_SHOWCASE_ONLY
9002759,1994-10-20,small_merchant,54233.59,12,12081.42,3111.58,9334.73,149,0.8837,0.789,0,0.7598,23750.68,0.9349,8071.19,0.4211,0.8508,0.0,True,0,SYNTHETIC_SHOWCASE_ONLY
9002760,1995-02-23,gig_worker,58887.38,12,16337.79,6569.59,19708.77,199,0.8683,0.6426,3,0.4613,0.0,0.2341,0.0,0.2662,0.5147,0.1353,True,1,SYNTHETIC_SHOWCASE_ONLY
9002761,1993-09-02,informal_worker,38156.57,24,8389.31,1774.98,5324.93,257,0.7157,0.8467,0,0.8797,0.0,0.165,0.0,0.2482,0.753,0.2926,True,0,SYNTHETIC_SHOWCASE_ONLY
9002762,1995-02-27,informal_worker,266926.61,9,64234.73,21849.98,65549.94,55,0.5461,0.6911,0,0.9019,0.0,0.4033,0.0,0.0465,0.8856,0.4237,True,1,SYNTHETIC_SHOWCASE_ONLY
9002763,1994-10-28,gig_worker,180397.8,6,58285.29,23492.01,70476.04,166,0.8192,0.9286,0,0.734,0.0,0.5714,0.0,0.2244,0.5668,0.0504,True,1,SYNTHETIC_SHOWCASE_ONLY
9002764,1993-03-07,first_time_borrower,64503.64,36,33810.03,11965.96,35897.89,224,0.6986,0.784,1,0.9287,0.0,0.3857,0.0,0.2267,0.709,0.2115,True,0,SYNTHETIC_SHOWCASE_ONLY
9002765,1994-01-09,small_merchant,57117.98,12,29876.13,8582.49,25747.46,127,0.898,0.8494,1,0.8866,98794.05,0.9064,29556.39,0.3465,0.296,0.1631,True,0,SYNTHETIC_SHOWCASE_ONLY
9002766,1995-09-04,gig_worker,59185.27,18,13295.71,3388.64,10165.91,165,0.5821,0.7089,1,0.5308,0.0,0.096,0.0,0.2242,0.7382,0.4307,True,1,SYNTHETIC_SHOWCASE_ONLY
9002767,1994-11-06,small_merchant,21096.72,9,25202.43,7425.56,22276.67,71,0.689,0.8639,0,0.9494,110017.53,0.8804,10736.49,0.7086,0.7641,0.1671,True,0,SYNTHETIC_SHOWCASE_ONLY
9002768,1997-12-20,first_time_borrower,300000.0,12,66191.54,17080.34,51241.03,177,0.7777,0.7192,0,0.629,0.0,0.22,0.0,0.3598,0.5805,0.2628,True,1,SYNTHETIC_SHOWCASE_ONLY
9002769,1995-05-24,first_time_borrower,60811.24,12,29823.13,6248.29,18744.86,277,0.7714,0.7367,2,0.8819,0.0,0.2152,0.0,0.3473,0.8645,0.2286,True,0,SYNTHETIC_SHOWCASE_ONLY
9002770,1997-10-17,small_merchant,82229.62,18,21352.61,7740.47,23221.4,96,0.8792,0.5433,2,0.8605,35809.1,0.9196,15795.97,0.706,0.3842,0.2466,True,1,SYNTHETIC_SHOWCASE_ONLY
9002771,1996-04-21,first_time_borrower,24710.03,12,12041.16,2596.41,7789.24,173,0.7401,0.7352,0,0.944,0.0,0.1385,0.0,0.505,0.798,0.2305,True,0,SYNTHETIC_SHOWCASE_ONLY
9002772,1993-03-15,first_time_borrower,260401.88,24,54312.33,10191.36,30574.08,255,0.7504,0.8551,0,0.7871,0.0,0.2764,0.0,0.2754,0.6213,0.2117,True,0,SYNTHETIC_SHOWCASE_ONLY
9002773,1994-01-07,first_time_borrower,20589.19,24,27073.74,8957.11,26871.33,101,0.5152,0.8498,0,0.9892,0.0,0.2923,0.0,0.4499,0.9516,0.5758,True,0,SYNTHETIC_SHOWCASE_ONLY
9002774,1996-07-12,first_time_borrower,25960.57,18,12048.89,4314.95,12944.85,24,0.861,0.8001,0,0.5437,0.0,0.3811,0.0,0.3163,0.8487,0.2282,True,0,SYNTHETIC_SHOWCASE_ONLY
9002775,1995-09-23,small_merchant,79358.77,12,17967.36,4759.84,14279.52,165,0.6241,0.9757,0,0.8051,62729.42,0.651,16845.5,0.5437,0.7949,0.4554,True,0,SYNTHETIC_SHOWCASE_ONLY
9002776,1994-07-06,informal_worker,27385.59,18,15164.94,4915.57,14746.72,203,0.9323,0.7651,0,0.8579,0.0,0.1587,0.0,0.0518,0.8992,0.0475,True,0,SYNTHETIC_SHOWCASE_ONLY
9002777,1995-08-12,small_merchant,47646.03,24,26284.19,7451.69,22355.08,81,0.7768,0.9169,0,0.9559,109480.9,0.9217,22884.0,0.6145,0.5709,0.3084,True,0,SYNTHETIC_SHOWCASE_ONLY
9002778,1997-07-07,informal_worker,140871.02,9,30930.02,8554.19,25662.57,236,0.5909,0.9749,0,0.7088,0.0,0.069,0.0,0.2581,0.5885,0.4399,True,1,SYNTHETIC_SHOWCASE_ONLY
9002779,1994-12-11,gig_worker,93564.6,24,21991.59,4923.05,14769.15,172,0.4048,0.8955,1,0.8143,0.0,0.0844,0.0,0.129,0.8081,0.531,True,1,SYNTHETIC_SHOWCASE_ONLY
9002780,1993-03-24,informal_worker,43316.38,18,40657.64,12220.32,36660.97,64,0.7788,0.8834,0,0.7639,0.0,0.3202,0.0,0.4302,0.25,0.2595,True,0,SYNTHETIC_SHOWCASE_ONLY
9002781,1994-07-22,first_time_borrower,91681.25,36,29079.39,7050.92,21152.75,171,0.7791,0.8297,0,0.9193,0.0,0.0898,0.0,0.1761,0.7162,0.181,True,0,SYNTHETIC_SHOWCASE_ONLY
9002782,1997-09-05,small_merchant,73802.87,36,46623.95,18961.28,56883.83,168,0.8326,0.8208,2,0.6666,200090.26,0.7442,16008.1,0.7533,0.5024,0.0399,True,0,SYNTHETIC_SHOWCASE_ONLY
9002783,1996-10-23,first_time_borrower,36481.88,6,23588.31,8048.2,24144.61,199,0.6963,0.8892,0,0.6742,0.0,0.4553,0.0,0.1455,0.825,0.2975,True,1,SYNTHETIC_SHOWCASE_ONLY
9002784,1997-03-10,small_merchant,300000.0,12,120778.8,33574.99,100724.97,70,0.9626,0.7431,0,0.9683,457631.72,0.5936,133653.81,0.5937,0.9059,0.0575,True,0,SYNTHETIC_SHOWCASE_ONLY
9002785,1997-07-23,gig_worker,24450.83,18,21354.23,7390.18,22170.54,106,0.8749,0.8225,2,0.4626,0.0,0.1629,0.0,0.2092,0.5538,0.1272,True,0,SYNTHETIC_SHOWCASE_ONLY
9002786,1993-08-03,gig_worker,48403.43,18,18148.83,6552.91,19658.72,247,0.9398,0.7744,0,0.5213,0.0,0.3138,0.0,0.2747,0.6614,0.0051,True,0,SYNTHETIC_SHOWCASE_ONLY
9002787,1994-06-01,informal_worker,29522.84,24,17108.58,4967.92,14903.76,43,0.6301,0.6035,3,0.8808,0.0,0.3768,0.0,0.4692,0.66,0.3563,True,1,SYNTHETIC_SHOWCASE_ONLY
9002788,1993-04-20,small_merchant,110255.03,9,25303.76,9847.91,29543.73,141,0.8082,0.8394,1,0.7854,110867.18,0.7417,2362.46,0.5058,0.5844,0.0463,True,1,SYNTHETIC_SHOWCASE_ONLY
9002789,1993-01-09,small_merchant,37285.73,18,12265.95,4592.6,13777.81,69,0.7155,0.717,1,0.912,20946.17,0.79,3185.79,0.7363,0.4877,0.2507,True,0,SYNTHETIC_SHOWCASE_ONLY
9002790,1997-03-05,informal_worker,49877.77,36,32252.47,11636.12,34908.35,186,0.5575,0.7948,1,0.9138,0.0,0.2139,0.0,0.1497,0.4404,0.5056,True,0,SYNTHETIC_SHOWCASE_ONLY
9002791,1997-09-07,small_merchant,52467.7,36,11219.56,3187.31,9561.92,192,0.5315,0.9189,0,0.7758,38232.07,0.7767,11630.17,0.878,0.6994,0.4947,True,0,SYNTHETIC_SHOWCASE_ONLY
9002792,1993-10-12,small_merchant,127717.16,6,30259.39,10464.43,31393.3,125,0.5585,0.9006,0,0.5558,69749.08,0.8577,28711.28,0.9378,0.5364,0.4663,True,1,SYNTHETIC_SHOWCASE_ONLY
9002793,1996-08-11,first_time_borrower,25869.08,36,14637.75,4797.1,14391.31,62,0.8235,0.8787,1,0.8976,0.0,0.6173,0.0,0.1298,0.7964,0.2028,True,0,SYNTHETIC_SHOWCASE_ONLY
9002794,1995-09-04,informal_worker,112589.13,9,23317.02,8112.23,24336.7,229,0.5446,0.7596,1,0.9286,0.0,0.2251,0.0,0.2746,0.5841,0.4117,True,1,SYNTHETIC_SHOWCASE_ONLY
9002795,1993-05-07,informal_worker,66546.56,18,37426.68,10811.44,32434.31,211,0.6149,0.7138,0,0.8998,0.0,0.1024,0.0,0.3928,0.5844,0.3832,True,0,SYNTHETIC_SHOWCASE_ONLY
9002796,1997-07-31,informal_worker,159726.75,12,84617.63,29836.69,89510.07,49,0.843,0.5336,2,0.5404,0.0,0.2509,0.0,0.2007,0.675,0.0707,True,1,SYNTHETIC_SHOWCASE_ONLY
9002797,1997-05-10,first_time_borrower,38355.86,18,16689.24,4238.69,12716.07,90,0.9301,0.7238,3,0.5558,0.0,0.3003,0.0,0.2364,0.6893,0.0,True,0,SYNTHETIC_SHOWCASE_ONLY
9002798,1995-11-03,gig_worker,34521.16,6,26050.9,7835.31,23505.94,267,0.3988,0.6672,0,0.5328,0.0,0.0896,0.0,0.2058,0.6341,0.6423,True,1,SYNTHETIC_SHOWCASE_ONLY
9002799,1996-07-16,gig_worker,71669.63,12,19782.55,6187.81,18563.43,193,0.8642,0.6943,0,0.7719,0.0,0.2819,0.0,0.145,0.5963,0.1823,True,0,SYNTHETIC_SHOWCASE_ONLY
9002800,1994-12-27,gig_worker,56292.26,12,18442.67,5140.71,15422.14,33,0.7716,0.919,0,0.8376,0.0,0.364,0.0,0.1402,0.2411,0.1682,True,0,SYNTHETIC_SHOWCASE_ONLY
9002801,1996-12-18,small_merchant,90105.61,36,19866.15,3991.21,11973.64,147,0.6777,0.8263,1,0.9472,72174.66,0.7986,14942.89,0.6382,0.6415,0.3482,True,0,SYNTHETIC_SHOWCASE_ONLY
9002802,1995-03-24,informal_worker,69026.07,18,41585.7,17051.94,51155.83,227,0.656,0.8773,0,0.3776,0.0,0.2386,0.0,0.2283,0.9183,0.2473,True,0,SYNTHETIC_SHOWCASE_ONLY
9002803,1997-12-12,informal_worker,29883.7,24,22152.22,6164.95,18494.84,41,0.6055,0.8777,1,0.6518,0.0,0.3753,0.0,0.1808,0.6479,0.3402,True,0,SYNTHETIC_SHOWCASE_ONLY
9002804,1993-04-26,small_merchant,179514.4,18,82423.83,29297.49,87892.46,138,0.9552,0.962,0,0.7646,247211.7,0.7448,114892.17,0.7541,0.697,0.1249,True,0,SYNTHETIC_SHOWCASE_ONLY
9002805,1993-11-11,gig_worker,42491.51,12,34187.99,11198.62,33595.85,122,0.5937,0.7506,0,0.7615,0.0,0.0842,0.0,0.2816,0.8175,0.4603,True,0,SYNTHETIC_SHOWCASE_ONLY
9002806,1997-11-04,informal_worker,82128.96,6,17242.88,4210.36,12631.09,63,0.5626,0.8872,0,0.9502,0.0,0.4629,0.0,0.181,0.7364,0.237,True,1,SYNTHETIC_SHOWCASE_ONLY
9002807,1994-06-12,first_time_borrower,88212.12,9,23480.87,4879.03,14637.08,223,0.4559,0.8849,1,0.9711,0.0,0.0662,0.0,0.0366,0.723,0.4913,True,1,SYNTHETIC_SHOWCASE_ONLY
9002808,1994-07-22,gig_worker,78186.4,12,19054.78,5576.17,16728.51,193,0.9287,0.8615,0,0.6061,0.0,0.077,0.0,0.2734,0.7767,0.15,True,0,SYNTHETIC_SHOWCASE_ONLY
9002809,1996-12-15,gig_worker,159972.89,36,41109.43,12784.42,38353.26,176,0.8251,0.5126,1,0.8744,0.0,0.3284,0.0,0.533,0.8004,0.2193,True,0,SYNTHETIC_SHOWCASE_ONLY
9002810,1993-12-12,gig_worker,21273.41,12,12750.75,3858.47,11575.4,263,0.7847,0.8088,1,0.8845,0.0,0.5988,0.0,0.405,0.4693,0.2098,True,0,SYNTHETIC_SHOWCASE_ONLY
9002811,1995-07-27,small_merchant,17930.22,24,14710.3,5410.61,16231.84,56,0.6667,0.8832,0,0.7335,38371.52,0.8839,21008.69,0.5659,0.5758,0.4313,True,0,SYNTHETIC_SHOWCASE_ONLY
9002812,1994-06-07,gig_worker,52475.55,24,21078.69,6975.62,20926.87,237,0.4904,0.9761,0,0.7263,0.0,0.2184,0.0,0.5106,0.8537,0.4069,True,0,SYNTHETIC_SHOWCASE_ONLY
9002813,1993-12-28,small_merchant,165073.84,36,38862.08,15224.58,45673.75,13,0.8021,0.9008,0,0.414,148808.91,0.8092,35442.27,0.5287,0.6234,0.1963,True,0,SYNTHETIC_SHOWCASE_ONLY
9002814,1997-10-27,informal_worker,103958.6,12,50606.17,12531.83,37595.48,153,0.7502,0.8763,1,0.676,0.0,0.2835,0.0,0.313,0.5974,0.3504,True,0,SYNTHETIC_SHOWCASE_ONLY
9002815,1994-01-01,small_merchant,34876.65,36,54318.49,16857.74,50573.21,96,0.8885,0.8158,3,0.9299,119016.0,0.8732,64174.5,0.6797,0.7042,0.0765,True,0,SYNTHETIC_SHOWCASE_ONLY
9002816,1993-06-22,small_merchant,126531.42,18,36107.81,8597.01,25791.03,220,0.8621,0.8732,0,0.802,66760.27,0.7601,9102.22,0.4846,0.8512,0.0849,True,0,SYNTHETIC_SHOWCASE_ONLY
9002817,1996-05-15,gig_worker,39831.06,18,26907.84,9482.74,28448.23,47,0.5291,0.8675,0,0.8169,0.0,0.044,0.0,0.2391,0.6372,0.3966,True,0,SYNTHETIC_SHOWCASE_ONLY
9002818,1997-05-03,first_time_borrower,122533.94,24,41002.17,8559.7,25679.11,267,0.9238,0.7792,0,0.7214,0.0,0.0679,0.0,0.1259,0.3817,0.1087,True,0,SYNTHETIC_SHOWCASE_ONLY
9002819,1993-08-21,small_merchant,10757.31,12,16164.93,5871.6,17614.8,186,0.7581,0.901,0,0.7452,20874.68,0.9119,12806.19,0.7909,0.8232,0.2594,True,0,SYNTHETIC_SHOWCASE_ONLY
9002820,1996-07-16,small_merchant,32792.49,24,11550.97,2782.41,8347.24,125,0.8069,0.6026,0,0.8037,39862.85,0.964,6128.65,0.695,0.5761,0.2426,True,1,SYNTHETIC_SHOWCASE_ONLY
9002821,1995-09-15,gig_worker,80516.67,18,34528.69,7820.29,23460.88,267,0.4178,0.8309,0,0.6845,0.0,0.7507,0.0,0.2947,0.7686,0.5384,True,1,SYNTHETIC_SHOWCASE_ONLY
9002822,1997-02-24,informal_worker,77302.0,24,17278.78,5206.02,15618.06,102,0.6298,0.8667,3,0.8211,0.0,0.1358,0.0,0.155,0.6925,0.3617,True,1,SYNTHETIC_SHOWCASE_ONLY
9002823,1993-08-20,first_time_borrower,102464.6,24,27135.89,8125.55,24376.65,198,0.7095,0.6981,1,0.7167,0.0,0.0751,0.0,0.6022,0.6692,0.2865,True,0,SYNTHETIC_SHOWCASE_ONLY
9002824,1997-11-17,gig_worker,22493.91,18,29654.84,6308.37,18925.11,218,0.7827,0.872,0,0.8984,0.0,0.2302,0.0,0.3795,0.6369,0.13,True,0,SYNTHETIC_SHOWCASE_ONLY
9002825,1996-02-05,gig_worker,128496.58,6,31541.43,9502.35,28507.06,218,0.5989,0.9869,0,0.4669,0.0,0.4924,0.0,0.2029,0.6897,0.3436,True,1,SYNTHETIC_SHOWCASE_ONLY
9002826,1997-03-18,gig_worker,179250.58,12,43918.89,12743.9,38231.69,42,0.9967,0.7218,0,0.7503,0.0,0.269,0.0,0.0808,0.624,0.0472,True,0,SYNTHETIC_SHOWCASE_ONLY
9002827,1994-10-23,informal_worker,146903.81,24,41745.87,9129.73,27389.2,155,0.6879,0.8858,1,0.8081,0.0,0.3779,0.0,0.2641,0.6273,0.237,True,0,SYNTHETIC_SHOWCASE_ONLY
9002828,1997-09-19,first_time_borrower,144171.53,18,30747.37,9368.1,28104.3,113,0.6772,0.7842,0,0.886,0.0,0.0265,0.0,0.544,0.6819,0.3552,True,1,SYNTHETIC_SHOWCASE_ONLY
9002829,1996-02-18,small_merchant,93630.76,24,22647.22,4634.09,13902.27,236,0.9048,0.9687,0,0.8311,47884.46,0.8292,3129.16,0.6484,0.2659,0.055,True,0,SYNTHETIC_SHOWCASE_ONLY
9002830,1993-08-20,small_merchant,46091.84,12,29486.43,7914.66,23743.99,168,0.8323,0.7815,1,0.8567,98430.69,0.8321,3037.7,0.3887,0.7163,0.1213,True,0,SYNTHETIC_SHOWCASE_ONLY
9002831,1997-08-13,informal_worker,47926.73,18,21031.55,4505.9,13517.7,79,0.6211,0.898,1,0.6721,0.0,0.216,0.0,0.3004,0.5394,0.3558,True,0,SYNTHETIC_SHOWCASE_ONLY
9002832,1996-12-24,informal_worker,54519.94,24,25480.63,8923.3,26769.89,267,0.8116,0.7015,0,0.958,0.0,0.3485,0.0,0.0845,0.559,0.2245,True,0,SYNTHETIC_SHOWCASE_ONLY
9002833,1994-07-03,gig_worker,277613.5,24,98388.88,40025.91,120077.74,226,0.5994,0.926,0,0.5768,0.0,0.211,0.0,0.191,0.4657,0.4209,True,0,SYNTHETIC_SHOWCASE_ONLY
9002834,1995-09-24,gig_worker,146570.81,12,30558.89,12123.85,36371.56,51,0.9131,0.846,2,0.7393,0.0,0.3926,0.0,0.4805,0.6037,0.0396,True,1,SYNTHETIC_SHOWCASE_ONLY
9002835,1994-12-10,small_merchant,114991.38,6,34754.95,11489.47,34468.42,114,0.7246,0.9119,1,0.7037,88134.77,0.8713,44415.54,0.7903,0.8239,0.2142,True,1,SYNTHETIC_SHOWCASE_ONLY
9002836,1995-09-20,informal_worker,39453.39,24,19956.88,4486.63,13459.9,137,0.7847,0.5457,0,0.7559,0.0,0.6197,0.0,0.3221,0.7869,0.1411,True,0,SYNTHETIC_SHOWCASE_ONLY
9002837,1997-10-29,informal_worker,216684.36,24,45688.19,9613.29,28839.87,52,0.4298,0.647,1,0.6874,0.0,0.2444,0.0,0.1275,0.7022,0.616,True,1,SYNTHETIC_SHOWCASE_ONLY
9002838,1997-06-30,informal_worker,148468.46,12,40331.6,11357.11,34071.33,28,0.8325,0.6662,1,0.8408,0.0,0.2938,0.0,0.3492,0.6538,0.1723,True,0,SYNTHETIC_SHOWCASE_ONLY
9002839,1994-01-29,first_time_borrower,71660.48,18,40468.9,14933.1,44799.3,207,0.6102,0.8302,0,0.8809,0.0,0.4117,0.0,0.1207,0.9207,0.399,True,1,SYNTHETIC_SHOWCASE_ONLY
9002840,1997-11-10,gig_worker,142442.66,12,31042.35,6566.3,19698.89,225,0.7338,0.8543,2,0.7538,0.0,0.2614,0.0,0.1862,0.5381,0.2236,True,1,SYNTHETIC_SHOWCASE_ONLY
9002841,1995-03-11,small_merchant,97266.2,12,45998.82,18951.91,56855.72,66,0.7757,0.7793,1,0.8935,193299.31,0.7842,19372.98,0.522,0.4686,0.3297,True,1,SYNTHETIC_SHOWCASE_ONLY
9002842,1996-07-11,gig_worker,148026.1,9,51553.15,12687.27,38061.82,236,0.9448,0.9308,0,0.6162,0.0,0.1432,0.0,0.291,0.8513,0.074,True,0,SYNTHETIC_SHOWCASE_ONLY
9002843,1996-10-27,first_time_borrower,86879.03,12,32075.48,6712.4,20137.2,51,0.825,0.9543,0,0.3887,0.0,0.3924,0.0,0.4435,0.3899,0.1494,True,0,SYNTHETIC_SHOWCASE_ONLY
9002844,1995-06-01,informal_worker,123601.03,24,26501.21,10990.22,32970.67,100,0.7541,0.8998,1,0.8098,0.0,0.0177,0.0,0.0189,0.7848,0.2717,True,0,SYNTHETIC_SHOWCASE_ONLY
9002845,1995-04-14,gig_worker,76093.82,12,43017.14,8846.09,26538.27,44,0.9234,0.7381,0,0.8034,0.0,0.5329,0.0,0.3727,0.8185,0.0898,True,0,SYNTHETIC_SHOWCASE_ONLY
9002846,1995-04-14,gig_worker,37491.14,24,18141.9,5489.56,16468.68,261,0.3661,0.9508,0,0.8243,0.0,0.2375,0.0,0.4942,0.5696,0.6137,True,1,SYNTHETIC_SHOWCASE_ONLY
9002847,1997-04-25,informal_worker,69525.24,12,19837.69,6163.98,18491.95,129,0.4122,0.7553,1,0.7758,0.0,0.1532,0.0,0.1729,0.7776,0.5544,True,0,SYNTHETIC_SHOWCASE_ONLY
9002848,1994-12-07,informal_worker,122847.55,6,27292.73,5706.52,17119.55,191,0.3425,0.7774,1,0.787,0.0,0.5175,0.0,0.2318,0.7542,0.6855,True,1,SYNTHETIC_SHOWCASE_ONLY
9002849,1994-05-27,informal_worker,13418.6,12,12138.15,3206.15,9618.45,220,0.8457,0.9276,0,0.4787,0.0,0.3014,0.0,0.5268,0.4733,0.0946,True,0,SYNTHETIC_SHOWCASE_ONLY
9002850,1994-10-23,gig_worker,63462.7,9,41656.2,11132.5,33397.49,97,0.8065,0.6456,1,0.7243,0.0,0.4573,0.0,0.4315,0.8613,0.214,True,1,SYNTHETIC_SHOWCASE_ONLY
9002851,1993-12-22,first_time_borrower,84152.91,24,17637.12,6174.46,18523.39,27,0.9869,0.8204,0,0.9249,0.0,0.4676,0.0,0.5329,0.7552,0.0689,True,0,SYNTHETIC_SHOWCASE_ONLY
9002852,1994-12-16,informal_worker,89765.2,36,22329.06,7433.16,22299.47,252,0.5688,0.7393,1,0.8344,0.0,0.1305,0.0,0.0655,0.6284,0.4107,True,0,SYNTHETIC_SHOWCASE_ONLY
9002853,1993-07-28,informal_worker,53652.2,24,25275.37,5432.21,16296.64,135,0.8798,0.8509,0,0.6822,0.0,0.4774,0.0,0.1974,0.4027,0.0475,True,0,SYNTHETIC_SHOWCASE_ONLY
9002854,1993-06-13,informal_worker,62019.19,24,28533.02,10917.4,32752.19,233,0.8873,0.6943,0,0.6162,0.0,0.5987,0.0,0.3344,0.7575,0.1478,True,0,SYNTHETIC_SHOWCASE_ONLY
9002855,1996-08-14,first_time_borrower,63295.3,24,23742.13,8947.77,26843.31,66,0.8057,0.6831,0,0.9225,0.0,0.2798,0.0,0.1241,0.906,0.1756,True,0,SYNTHETIC_SHOWCASE_ONLY
9002856,1993-05-22,first_time_borrower,96636.0,24,27109.02,10278.5,30835.49,176,0.4968,0.8877,0,0.8333,0.0,0.3478,0.0,0.413,0.7067,0.4101,True,0,SYNTHETIC_SHOWCASE_ONLY
9002857,1995-11-04,informal_worker,83495.98,18,27209.96,5184.28,15552.83,173,0.6266,0.6338,0,0.8204,0.0,0.0378,0.0,0.2058,0.5372,0.5349,True,1,SYNTHETIC_SHOWCASE_ONLY
9002858,1996-11-25,small_merchant,90708.31,24,22592.76,5131.8,15395.4,220,0.7874,0.8066,1,0.7193,57176.7,0.8687,30190.7,0.2892,0.5079,0.1452,True,0,SYNTHETIC_SHOWCASE_ONLY
9002859,1996-08-15,small_merchant,16195.48,12,19318.65,4598.22,13794.67,240,0.929,0.7823,0,0.8991,86081.28,0.6678,4782.34,0.4774,0.5844,0.0,True,0,SYNTHETIC_SHOWCASE_ONLY
9002860,1995-03-26,informal_worker,197807.82,6,47054.76,15548.41,46645.22,78,0.9475,0.8876,0,0.6476,0.0,0.3418,0.0,0.2298,0.641,0.0,True,0,SYNTHETIC_SHOWCASE_ONLY
9002861,1993-12-20,informal_worker,8722.75,24,10196.96,2959.83,8879.48,248,0.6037,0.6268,2,0.5302,0.0,0.0928,0.0,0.1475,0.8168,0.4501,True,0,SYNTHETIC_SHOWCASE_ONLY
9002862,1997-08-27,gig_worker,113551.3,24,25367.31,9809.92,29429.77,62,0.6946,0.9173,1,0.4599,0.0,0.0506,0.0,0.264,0.8269,0.1553,True,0,SYNTHETIC_SHOWCASE_ONLY
9002863,1997-03-06,gig_worker,17669.05,12,22356.85,7394.3,22182.91,84,0.9802,0.8284,0,0.7986,0.0,0.0418,0.0,0.0998,0.724,0.0,True,0,SYNTHETIC_SHOWCASE_ONLY
9002864,1996-01-23,first_time_borrower,39795.95,36,34234.18,6466.18,19398.53,198,0.5016,0.4713,1,0.7621,0.0,0.2059,0.0,0.1602,0.6858,0.5333,True,1,SYNTHETIC_SHOWCASE_ONLY
9002865,1993-06-08,first_time_borrower,19403.78,6,13931.38,4820.58,14461.75,85,0.6853,0.8925,0,0.8804,0.0,0.3519,0.0,0.3021,0.7101,0.3366,True,0,SYNTHETIC_SHOWCASE_ONLY
9002866,1993-03-06,first_time_borrower,34835.36,24,22027.85,4205.91,12617.72,26,0.5623,0.9362,0,0.7285,0.0,0.3712,0.0,0.1108,0.8516,0.5139,True,0,SYNTHETIC_SHOWCASE_ONLY
9002867,1994-07-30,small_merchant,63118.46,36,26657.53,8879.61,26638.83,147,0.5221,0.4454,4,0.8695,95492.07,0.8394,29395.6,0.1127,0.7316,0.4596,True,1,SYNTHETIC_SHOWCASE_ONLY
9002868,1993-10-15,informal_worker,163049.78,12,46797.97,11690.39,35071.16,130,0.8411,0.7559,1,0.7978,0.0,0.4083,0.0,0.3407,0.474,0.2229,True,1,SYNTHETIC_SHOWCASE_ONLY
9002869,1997-04-21,first_time_borrower,148682.51,36,32840.2,7599.41,22798.22,266,0.6146,0.6422,2,0.8746,0.0,0.186,0.0,0.1065,0.764,0.382,True,1,SYNTHETIC_SHOWCASE_ONLY
9002870,1994-01-11,small_merchant,46133.12,24,15865.23,5614.4,16843.21,266,0.8054,0.8973,1,0.7777,47198.03,0.94,21333.19,0.5786,0.8172,0.137,True,0,SYNTHETIC_SHOWCASE_ONLY
9002871,1994-06-01,gig_worker,65211.11,24,22158.38,4728.51,14185.53,271,0.712,0.9577,0,0.5819,0.0,0.1148,0.0,0.2957,0.6917,0.2982,True,0,SYNTHETIC_SHOWCASE_ONLY
9002872,1997-11-17,first_time_borrower,85894.9,36,42841.58,10788.53,32365.6,59,0.6023,0.8648,1,0.6778,0.0,0.2646,0.0,0.1945,0.8436,0.4311,True,1,SYNTHETIC_SHOWCASE_ONLY
9002873,1997-02-03,gig_worker,64871.74,18,15734.14,5679.1,17037.31,181,0.8457,0.7986,2,0.8777,0.0,0.4868,0.0,0.4267,0.7873,0.1817,True,1,SYNTHETIC_SHOWCASE_ONLY
9002874,1994-02-04,informal_worker,29285.28,18,26962.72,8409.77,25229.3,89,0.7,0.8679,1,0.859,0.0,0.1377,0.0,0.3013,0.8901,0.4207,True,0,SYNTHETIC_SHOWCASE_ONLY
9002875,1994-12-02,informal_worker,53660.48,18,27877.69,9519.93,28559.8,111,0.5147,0.9314,1,0.7317,0.0,0.4697,0.0,0.2199,0.9005,0.5691,True,0,SYNTHETIC_SHOWCASE_ONLY
9002876,1995-07-31,informal_worker,23888.48,12,23266.83,9375.26,28125.79,76,0.9236,0.6246,1,0.6616,0.0,0.2097,0.0,0.1873,0.6191,0.1152,True,1,SYNTHETIC_SHOWCASE_ONLY
9002877,1996-04-27,gig_worker,157512.08,12,102121.71,25277.21,75831.64,198,0.8904,0.9048,0,0.7773,0.0,0.5434,0.0,0.3352,0.3988,0.0639,True,0,SYNTHETIC_SHOWCASE_ONLY
9002878,1997-09-06,informal_worker,73061.29,9,22967.8,4790.41,14371.24,170,0.8968,0.8602,0,0.7835,0.0,0.6287,0.0,0.2441,0.6325,0.0545,True,1,SYNTHETIC_SHOWCASE_ONLY
9002879,1997-05-10,gig_worker,40105.82,12,34746.95,7423.43,22270.29,217,0.6934,0.9284,0,0.5318,0.0,0.0807,0.0,0.1469,0.8199,0.3708,True,0,SYNTHETIC_SHOWCASE_ONLY
9002880,1997-11-20,first_time_borrower,20210.68,24,19382.68,4724.83,14174.48,68,0.8659,0.7209,0,0.5911,0.0,0.169,0.0,0.1827,0.7682,0.1832,True,0,SYNTHETIC_SHOWCASE_ONLY
9002881,1993-03-16,gig_worker,152730.13,36,36072.24,13330.39,39991.17,140,0.9148,0.6817,2,0.9631,0.0,0.044,0.0,0.3514,0.6029,0.1352,True,0,SYNTHETIC_SHOWCASE_ONLY
9002882,1994-03-08,informal_worker,47654.26,36,42528.85,14462.25,43386.76,124,0.6787,0.9502,0,0.808,0.0,0.4322,0.0,0.3125,0.8236,0.3699,True,0,SYNTHETIC_SHOWCASE_ONLY
9002883,1995-10-26,informal_worker,69160.67,12,21114.96,5336.93,16010.8,51,0.788,0.6707,4,0.5704,0.0,0.1474,0.0,0.0426,0.9231,0.1493,True,1,SYNTHETIC_SHOWCASE_ONLY
9002884,1993-03-31,gig_worker,58608.52,18,27274.38,10227.11,30681.32,224,0.7797,0.9834,0,0.8087,0.0,0.02,0.0,0.1422,0.55,0.3017,True,0,SYNTHETIC_SHOWCASE_ONLY
9002885,1994-10-11,gig_worker,82787.85,18,18219.1,6310.64,18931.91,153,0.7385,0.8301,0,0.6075,0.0,0.2498,0.0,0.6623,0.7403,0.313,True,0,SYNTHETIC_SHOWCASE_ONLY
9002886,1993-10-08,informal_worker,60026.74,9,16165.68,3013.63,9040.89,221,0.6833,0.7193,0,0.842,0.0,0.3556,0.0,0.2646,0.8402,0.3017,True,1,SYNTHETIC_SHOWCASE_ONLY
9002887,1997-08-31,gig_worker,39677.25,18,46056.38,8597.01,25791.02,15,0.3441,0.7948,1,0.6206,0.0,0.0708,0.0,0.2025,0.7947,0.8292,True,1,SYNTHETIC_SHOWCASE_ONLY
9002888,1993-04-26,gig_worker,97438.77,12,21462.0,8041.08,24123.23,102,0.9009,0.7895,0,0.8272,0.0,0.3106,0.0,0.0796,0.5324,0.132,True,0,SYNTHETIC_SHOWCASE_ONLY
9002889,1993-09-28,small_merchant,21283.14,36,8790.49,1975.49,5926.47,130,0.7319,0.8759,0,0.3634,33629.15,0.6789,715.81,0.4375,0.9021,0.2521,True,0,SYNTHETIC_SHOWCASE_ONLY
9002890,1993-12-23,first_time_borrower,124939.58,12,65338.11,18490.47,55471.4,87,0.8532,0.9142,0,0.8986,0.0,0.1786,0.0,0.0531,0.7085,0.1714,True,0,SYNTHETIC_SHOWCASE_ONLY
9002891,1993-09-29,small_merchant,67831.52,24,19052.51,7585.31,22755.94,239,0.6531,0.8669,1,0.7343,23116.97,0.8152,2576.89,0.3284,0.8998,0.36,True,0,SYNTHETIC_SHOWCASE_ONLY
9002892,1995-11-05,small_merchant,93514.93,24,24877.04,10344.83,31034.5,200,0.5029,0.8895,1,0.6872,63461.19,0.5734,21457.9,0.6485,0.8272,0.5765,True,1,SYNTHETIC_SHOWCASE_ONLY
9002893,1994-10-28,first_time_borrower,119055.16,24,61549.37,19325.42,57976.25,23,0.3648,0.7473,2,0.608,0.0,0.1733,0.0,0.3717,0.4648,0.561,True,1,SYNTHETIC_SHOWCASE_ONLY
9002894,1997-07-25,small_merchant,56169.52,12,26158.35,9897.94,29693.83,90,0.6674,0.6579,1,0.616,56027.64,0.77,30711.17,0.6938,0.4295,0.3463,True,1,SYNTHETIC_SHOWCASE_ONLY
9002895,1994-04-22,small_merchant,33340.75,12,25888.61,6215.62,18646.87,209,0.8942,0.9764,0,0.7964,86367.13,0.8053,14642.62,0.6197,0.6943,0.0103,True,0,SYNTHETIC_SHOWCASE_ONLY
9002896,1995-09-08,small_merchant,49864.59,36,15528.57,4235.3,12705.9,267,0.8422,0.7216,1,0.702,48627.53,0.7198,10434.9,0.6326,0.686,0.1489,True,1,SYNTHETIC_SHOWCASE_ONLY
9002897,1996-04-20,small_merchant,61452.5,6,12774.93,4673.05,14019.16,211,0.8434,0.9102,1,0.8762,18336.27,0.981,16371.98,0.5222,0.6671,0.1223,True,1,SYNTHETIC_SHOWCASE_ONLY
9002898,1996-02-18,small_merchant,62898.66,9,25850.74,10521.31,31563.94,46,0.6867,0.8096,2,0.8032,94778.81,0.8653,33029.52,0.5206,0.5893,0.4339,True,1,SYNTHETIC_SHOWCASE_ONLY
9002899,1996-12-25,informal_worker,166076.24,36,33326.51,9603.48,28810.43,106,0.5341,0.7576,2,0.8677,0.0,0.1298,0.0,0.0909,0.7955,0.4729,True,1,SYNTHETIC_SHOWCASE_ONLY
9002900,1994-01-04,gig_worker,44620.81,24,32422.63,8711.56,26134.69,215,0.6699,0.8373,0,0.7078,0.0,0.3723,0.0,0.135,0.6903,0.435,True,1,SYNTHETIC_SHOWCASE_ONLY
9002901,1995-07-16,informal_worker,91183.87,24,22224.59,7144.42,21433.25,191,0.7569,0.7254,1,0.6621,0.0,0.0929,0.0,0.5878,0.5067,0.2136,True,0,SYNTHETIC_SHOWCASE_ONLY
9002902,1997-01-01,gig_worker,132424.36,9,28273.59,10213.72,30641.16,101,0.7692,0.9497,0,0.6039,0.0,0.6671,0.0,0.2503,0.6534,0.2046,True,1,SYNTHETIC_SHOWCASE_ONLY
9002903,1997-04-25,small_merchant,42050.47,18,11592.33,3497.0,10491.01,271,0.7567,0.952,0,0.6441,18692.77,0.4657,4552.98,0.737,0.6764,0.1122,True,0,SYNTHETIC_SHOWCASE_ONLY
9002904,1996-02-03,gig_worker,37750.71,24,34920.87,8510.83,25532.5,232,0.5775,0.8846,1,0.8052,0.0,0.3695,0.0,0.3153,0.5835,0.5495,True,0,SYNTHETIC_SHOWCASE_ONLY
9002905,1996-04-05,small_merchant,61623.94,12,30255.54,12248.39,36745.16,55,0.8266,0.7415,1,0.8566,104979.77,0.8892,3114.62,0.7856,0.8469,0.1616,True,0,SYNTHETIC_SHOWCASE_ONLY
9002906,1997-04-27,informal_worker,70542.9,12,72208.79,27528.55,82585.65,135,0.733,0.7535,1,0.9428,0.0,0.184,0.0,0.2974,0.7441,0.3716,True,0,SYNTHETIC_SHOWCASE_ONLY
9002907,1996-02-16,small_merchant,91262.43,6,28100.71,11250.19,33750.56,58,0.397,0.7063,2,0.7015,62934.65,0.7129,41845.73,0.5968,0.7993,0.6193,True,1,SYNTHETIC_SHOWCASE_ONLY
9002908,1997-09-29,gig_worker,88901.65,18,17809.34,6779.53,20338.59,107,0.76,0.9269,1,0.8733,0.0,0.2755,0.0,0.3552,0.7311,0.2802,True,1,SYNTHETIC_SHOWCASE_ONLY
9002909,1993-08-21,gig_worker,61455.15,12,27326.51,7036.15,21108.46,61,0.6859,0.9075,0,0.3704,0.0,0.1732,0.0,0.3155,0.6352,0.3989,True,1,SYNTHETIC_SHOWCASE_ONLY
9002910,1994-09-28,informal_worker,31506.23,24,23923.48,5814.7,17444.11,49,0.8533,0.8559,1,0.5752,0.0,0.2563,0.0,0.2629,0.8166,0.0306,True,0,SYNTHETIC_SHOWCASE_ONLY
9002911,1993-07-24,gig_worker,61473.74,12,34496.72,13059.63,39178.9,22,0.3114,0.6776,1,0.4462,0.0,0.1998,0.0,0.3488,0.7598,0.6499,True,1,SYNTHETIC_SHOWCASE_ONLY
9002912,1993-06-15,informal_worker,88254.69,9,28363.77,11781.6,35344.79,26,0.5623,0.9007,0,0.3383,0.0,0.2456,0.0,0.3878,0.7831,0.5273,True,1,SYNTHETIC_SHOWCASE_ONLY
9002913,1995-05-12,small_merchant,47462.44,36,15293.53,4289.42,12868.27,46,0.9558,0.8506,0,0.6585,40574.93,0.7528,12567.24,0.8463,0.6531,0.0,True,0,SYNTHETIC_SHOWCASE_ONLY
9002914,1994-02-17,gig_worker,20574.12,36,12769.35,3322.42,9967.26,169,0.4124,0.8669,0,0.7282,0.0,0.591,0.0,0.4924,0.7192,0.5325,True,1,SYNTHETIC_SHOWCASE_ONLY
9002915,1995-01-14,informal_worker,123986.39,24,31766.12,7275.48,21826.45,88,0.611,0.7369,1,0.8653,0.0,0.3062,0.0,0.2045,0.3498,0.3507,True,0,SYNTHETIC_SHOWCASE_ONLY
9002916,1995-03-11,small_merchant,53692.41,36,54385.6,19967.02,59901.05,258,0.8831,0.699,0,0.8253,201436.75,0.8501,69742.59,0.6705,0.4827,0.178,True,0,SYNTHETIC_SHOWCASE_ONLY
9002917,1996-02-08,gig_worker,97190.66,9,29087.0,10132.42,30397.25,56,0.6681,0.8639,0,0.7949,0.0,0.1473,0.0,0.2112,0.8813,0.2645,True,0,SYNTHETIC_SHOWCASE_ONLY
9002918,1997-09-23,first_time_borrower,102314.33,12,41371.29,16210.0,48629.99,138,0.7595,0.974,0,0.8715,0.0,0.3968,0.0,0.1787,0.5202,0.2444,True,0,SYNTHETIC_SHOWCASE_ONLY
9002919,1997-03-31,gig_worker,52794.25,12,45529.16,13562.74,40688.22,195,0.852,0.7409,0,0.8997,0.0,0.3015,0.0,0.3833,0.9065,0.1435,True,0,SYNTHETIC_SHOWCASE_ONLY
9002920,1994-11-22,small_merchant,107929.24,12,31825.4,11218.66,33655.99,179,0.7842,0.7168,1,0.812,123135.34,0.6745,6923.42,0.8208,0.7308,0.1554,True,1,SYNTHETIC_SHOWCASE_ONLY
9002921,1994-08-18,small_merchant,67451.39,24,18939.48,6414.17,19242.5,277,0.778,0.6545,1,0.8309,54235.49,0.9195,17747.24,0.3914,0.3574,0.2559,True,1,SYNTHETIC_SHOWCASE_ONLY
9002922,1996-11-08,small_merchant,77989.61,24,30751.92,6428.81,19286.42,210,0.6559,0.9343,0,0.6866,69955.59,0.7945,41352.6,0.6825,0.8091,0.2634,True,0,SYNTHETIC_SHOWCASE_ONLY
9002923,1993-08-14,informal_worker,205471.38,6,49978.83,12044.56,36133.67,190,0.9032,0.9393,1,0.8881,0.0,0.1475,0.0,0.1622,0.7122,0.1141,True,1,SYNTHETIC_SHOWCASE_ONLY
9002924,1995-09-14,gig_worker,102586.42,12,36109.36,13228.86,39686.58,30,0.8888,0.6819,0,0.8164,0.0,0.0347,0.0,0.1393,0.6709,0.0082,True,0,SYNTHETIC_SHOWCASE_ONLY
9002925,1995-02-12,first_time_borrower,74477.47,36,40099.44,16473.9,49421.71,87,0.5551,0.6009,1,0.8208,0.0,0.1424,0.0,0.3642,0.5244,0.3334,True,1,SYNTHETIC_SHOWCASE_ONLY
9002926,1993-11-30,informal_worker,107547.47,18,22425.13,6736.55,20209.65,223,0.8606,0.6256,1,0.7762,0.0,0.3977,0.0,0.4803,0.8409,0.1805,True,1,SYNTHETIC_SHOWCASE_ONLY
9002927,1996-01-31,first_time_borrower,120785.67,12,25408.27,9823.31,29469.93,35,0.8628,0.9142,2,0.7323,0.0,0.1291,0.0,0.4977,0.32,0.1529,True,1,SYNTHETIC_SHOWCASE_ONLY
9002928,1994-08-09,informal_worker,26997.32,12,26448.92,9233.68,27701.04,223,0.7637,0.9628,0,0.4769,0.0,0.133,0.0,0.1587,0.77,0.276,True,0,SYNTHETIC_SHOWCASE_ONLY
9002929,1993-12-05,first_time_borrower,130111.15,12,27318.45,5299.96,15899.88,25,0.7522,0.9301,1,0.5691,0.0,0.4396,0.0,0.3828,0.3482,0.1167,True,0,SYNTHETIC_SHOWCASE_ONLY
9002930,1996-04-07,informal_worker,196791.52,12,49049.23,15817.84,47453.51,192,0.7957,0.7934,1,0.4909,0.0,0.339,0.0,0.6096,0.3969,0.207,True,0,SYNTHETIC_SHOWCASE_ONLY
9002931,1993-11-15,small_merchant,9703.67,12,9075.34,3040.16,9120.48,75,0.8596,0.7234,0,0.6111,38044.81,0.8567,3987.48,0.5963,0.8729,0.1603,True,0,SYNTHETIC_SHOWCASE_ONLY
9002932,1996-05-13,small_merchant,81973.71,18,28413.46,6905.98,20717.94,119,0.7441,0.894,0,0.7921,71838.14,0.6593,20809.49,0.8241,0.5867,0.2147,True,0,SYNTHETIC_SHOWCASE_ONLY
9002933,1993-10-23,informal_worker,20315.81,12,26951.7,6582.56,19747.69,233,0.8386,0.7092,1,0.4652,0.0,0.2607,0.0,0.4768,0.4386,0.1038,True,0,SYNTHETIC_SHOWCASE_ONLY
9002934,1995-03-05,small_merchant,46256.84,18,14496.16,6006.27,18018.8,253,0.7036,0.852,0,0.788,42799.71,0.949,9215.79,0.3732,0.717,0.3656,True,1,SYNTHETIC_SHOWCASE_ONLY
9002935,1997-01-15,informal_worker,181907.17,6,38654.1,7535.28,22605.83,242,0.492,0.9446,2,0.8576,0.0,0.0264,0.0,0.2119,0.6498,0.5341,True,1,SYNTHETIC_SHOWCASE_ONLY
9002936,1994-02-22,gig_worker,43904.07,6,19775.51,5148.91,15446.73,204,0.5823,0.8486,0,0.8324,0.0,0.2238,0.0,0.1925,0.6428,0.4125,True,1,SYNTHETIC_SHOWCASE_ONLY
9002937,1996-11-02,first_time_borrower,66947.66,12,23590.14,8472.62,25417.86,262,0.4184,0.9841,0,0.7235,0.0,0.2923,0.0,0.0732,0.8316,0.5219,True,1,SYNTHETIC_SHOWCASE_ONLY
9002938,1996-08-11,gig_worker,108898.26,24,68007.62,15357.14,46071.42,153,0.7876,0.8974,1,0.5453,0.0,0.1282,0.0,0.5916,0.9434,0.1713,True,1,SYNTHETIC_SHOWCASE_ONLY
9002939,1997-07-07,first_time_borrower,135499.78,24,45467.23,11722.08,35166.25,36,0.5348,0.9006,0,0.8414,0.0,0.2239,0.0,0.0761,0.3365,0.4346,True,1,SYNTHETIC_SHOWCASE_ONLY
9002940,1993-11-05,gig_worker,152407.41,9,36890.65,13663.98,40991.93,211,0.6854,0.7998,1,0.5135,0.0,0.3038,0.0,0.2882,0.8391,0.4748,True,1,SYNTHETIC_SHOWCASE_ONLY
9002941,1996-07-29,gig_worker,52007.25,18,33615.17,13398.97,40196.92,203,0.5266,0.7187,0,0.4285,0.0,0.121,0.0,0.2153,0.8728,0.337,True,1,SYNTHETIC_SHOWCASE_ONLY
9002942,1997-09-07,informal_worker,78530.11,18,25871.92,8127.17,24381.51,227,0.8368,0.8974,0,0.6997,0.0,0.2095,0.0,0.2724,0.7433,0.0985,True,0,SYNTHETIC_SHOWCASE_ONLY
9002943,1996-10-25,informal_worker,157939.66,18,73105.65,29017.39,87052.17,277,0.8184,0.3762,1,0.7647,0.0,0.0566,0.0,0.4398,0.7519,0.0463,True,1,SYNTHETIC_SHOWCASE_ONLY
9002944,1993-12-10,informal_worker,160103.09,24,41150.87,9802.4,29407.2,52,0.6263,0.8467,0,0.5353,0.0,0.1586,0.0,0.3612,0.6968,0.53,True,1,SYNTHETIC_SHOWCASE_ONLY
9002945,1997-02-10,first_time_borrower,72079.37,36,19539.16,6243.14,18729.42,122,0.8576,0.9773,0,0.9762,0.0,0.5198,0.0,0.2795,0.7322,0.1401,True,0,SYNTHETIC_SHOWCASE_ONLY
9002946,1993-07-15,gig_worker,52542.37,9,14298.51,2978.71,8936.14,261,0.5834,0.7917,1,0.7744,0.0,0.2686,0.0,0.4788,0.3958,0.4895,True,1,SYNTHETIC_SHOWCASE_ONLY
9002947,1995-12-12,first_time_borrower,83153.12,18,36755.46,13327.73,39983.19,137,0.5839,0.8829,1,0.707,0.0,0.1417,0.0,0.1274,0.3881,0.3997,True,0,SYNTHETIC_SHOWCASE_ONLY
9002948,1995-06-28,small_merchant,88233.04,18,27259.1,9598.45,28795.34,16,0.5598,0.6533,1,0.923,85756.32,0.9302,9303.67,0.7893,0.6024,0.4186,True,1,SYNTHETIC_SHOWCASE_ONLY
9002949,1995-08-28,small_merchant,48860.14,18,14101.97,5617.81,16853.44,225,0.7045,0.8894,0,0.9307,33696.04,0.7627,5964.72,0.7242,0.3176,0.383,True,0,SYNTHETIC_SHOWCASE_ONLY
9002950,1995-08-07,small_merchant,123671.84,9,34395.5,13192.33,39576.99,175,0.774,0.8396,0,0.6255,46286.05,0.811,15728.44,0.5263,0.7951,0.2857,True,1,SYNTHETIC_SHOWCASE_ONLY
9002951,1993-02-27,gig_worker,77050.79,18,24608.0,9700.69,29102.08,80,0.7332,0.6243,1,0.8413,0.0,0.2552,0.0,0.3506,0.8049,0.22,True,0,SYNTHETIC_SHOWCASE_ONLY
9002952,1995-07-17,small_merchant,159443.81,6,36122.78,14191.36,42574.08,57,0.8198,0.8093,0,0.7345,80490.09,0.9019,25714.99,0.7032,0.3101,0.2972,True,1,SYNTHETIC_SHOWCASE_ONLY
9002953,1997-09-07,informal_worker,58659.74,24,34613.36,11689.81,35069.44,149,0.8239,0.8714,1,0.8738,0.0,0.4919,0.0,0.3122,0.4657,0.2535,True,0,SYNTHETIC_SHOWCASE_ONLY
9002954,1995-03-09,gig_worker,17680.63,18,20910.21,8251.47,24754.41,184,0.8897,0.465,1,0.6985,0.0,0.1734,0.0,0.2761,0.4563,0.1186,True,0,SYNTHETIC_SHOWCASE_ONLY
9002955,1994-05-21,first_time_borrower,183433.88,12,37938.64,10829.28,32487.84,93,0.8303,0.9627,0,0.6216,0.0,0.1982,0.0,0.2955,0.5233,0.0739,True,1,SYNTHETIC_SHOWCASE_ONLY
9002956,1997-12-22,small_merchant,19120.43,36,22047.74,6724.83,20174.49,130,0.8845,0.9014,0,0.6261,38213.5,0.7214,11678.09,0.5213,0.5082,0.009,True,0,SYNTHETIC_SHOWCASE_ONLY
9002957,1993-06-30,gig_worker,104020.89,24,22746.73,9276.56,27829.68,172,0.7801,0.6245,3,0.6764,0.0,0.4185,0.0,0.015,0.2825,0.1673,True,1,SYNTHETIC_SHOWCASE_ONLY
9002958,1995-06-07,informal_worker,71438.23,18,21687.03,4744.95,14234.86,223,0.5966,0.9193,0,0.9082,0.0,0.2731,0.0,0.5136,0.5251,0.4106,True,0,SYNTHETIC_SHOWCASE_ONLY
9002959,1995-07-26,gig_worker,223702.3,36,48186.18,13540.29,40620.88,82,0.7893,0.757,1,0.5058,0.0,0.2908,0.0,0.2529,0.7961,0.2518,True,0,SYNTHETIC_SHOWCASE_ONLY
9002960,1995-05-23,gig_worker,75515.64,24,24472.0,7546.53,22639.59,14,0.7119,0.7883,0,0.7774,0.0,0.6944,0.0,0.116,0.6733,0.2835,True,0,SYNTHETIC_SHOWCASE_ONLY
9002961,1997-08-11,informal_worker,227925.52,9,54107.74,12177.94,36533.81,174,0.8418,0.782,2,0.6976,0.0,0.2538,0.0,0.2935,0.8756,0.2416,True,1,SYNTHETIC_SHOWCASE_ONLY
9002962,1995-02-10,gig_worker,248719.85,18,65909.15,16756.14,50268.43,272,0.9237,0.8849,0,0.938,0.0,0.1981,0.0,0.4475,0.6633,0.0315,True,0,SYNTHETIC_SHOWCASE_ONLY
9002963,1997-11-13,gig_worker,57165.01,18,19641.0,3636.12,10908.37,199,0.853,0.8737,0,0.6104,0.0,0.0339,0.0,0.2301,0.8481,0.013,True,0,SYNTHETIC_SHOWCASE_ONLY
9002964,1993-05-03,informal_worker,15390.37,18,7000.0,2823.41,8470.24,17,0.8212,0.7153,1,0.7655,0.0,0.4528,0.0,0.2231,0.6905,0.2631,True,0,SYNTHETIC_SHOWCASE_ONLY
9002965,1996-09-02,gig_worker,28317.86,36,46227.23,9246.83,27740.49,189,0.5271,0.8216,1,0.5615,0.0,0.203,0.0,0.1317,0.6577,0.6598,True,1,SYNTHETIC_SHOWCASE_ONLY
9002966,1995-12-19,informal_worker,40488.85,18,23761.3,9734.86,29204.58,219,0.5595,0.8502,0,0.975,0.0,0.3431,0.0,0.1149,0.6061,0.3832,True,0,SYNTHETIC_SHOWCASE_ONLY
9002967,1994-03-16,informal_worker,88455.59,6,18475.31,7228.47,21685.4,154,0.5874,0.8286,0,0.6089,0.0,0.153,0.0,0.1759,0.9553,0.5642,True,1,SYNTHETIC_SHOWCASE_ONLY
9002968,1994-02-21,gig_worker,38247.14,12,21107.32,6017.43,18052.3,257,0.5841,0.8025,0,0.8276,0.0,0.2671,0.0,0.3503,0.6226,0.416,True,0,SYNTHETIC_SHOWCASE_ONLY
9002969,1996-08-07,small_merchant,89671.97,24,22944.86,5719.12,17157.37,210,0.9362,0.9248,0,0.9115,28556.58,0.7478,10349.91,0.6466,0.6904,0.1063,True,0,SYNTHETIC_SHOWCASE_ONLY
9002970,1996-03-10,gig_worker,148078.37,12,52188.24,20196.82,60590.46,190,0.882,0.6622,1,0.7224,0.0,0.52,0.0,0.1339,0.8212,0.1307,True,0,SYNTHETIC_SHOWCASE_ONLY
9002971,1996-01-21,informal_worker,59181.64,6,30233.84,7908.99,23726.96,277,0.6309,0.8308,1,0.4976,0.0,0.4302,0.0,0.0844,0.836,0.3197,True,0,SYNTHETIC_SHOWCASE_ONLY
9002972,1993-04-03,gig_worker,257212.12,12,51848.8,9775.98,29327.95,26,0.8605,0.9366,0,0.6975,0.0,0.3426,0.0,0.3061,0.7586,0.2524,True,0,SYNTHETIC_SHOWCASE_ONLY
9002973,1995-12-28,first_time_borrower,28634.46,24,35496.36,10603.58,31810.73,172,0.805,0.7907,1,0.7996,0.0,0.1719,0.0,0.2525,0.4883,0.2763,True,0,SYNTHETIC_SHOWCASE_ONLY
9002974,1997-11-28,gig_worker,76302.54,9,24137.67,9311.99,27935.97,169,0.6415,0.9617,0,0.5456,0.0,0.3629,0.0,0.2142,0.3403,0.4364,True,1,SYNTHETIC_SHOWCASE_ONLY
9002975,1993-02-01,informal_worker,61073.34,12,23215.8,8429.71,25289.12,189,0.775,0.8606,0,0.7227,0.0,0.1661,0.0,0.1985,0.8425,0.1502,True,0,SYNTHETIC_SHOWCASE_ONLY
9002976,1995-05-07,gig_worker,34343.12,9,36663.32,13259.14,39777.41,249,0.6604,0.9683,0,0.7734,0.0,0.425,0.0,0.1682,0.6293,0.318,True,0,SYNTHETIC_SHOWCASE_ONLY
9002977,1995-06-22,gig_worker,64014.15,12,41513.09,10205.61,30616.84,222,0.7269,0.9399,0,0.9037,0.0,0.1969,0.0,0.3161,0.6224,0.2842,True,0,SYNTHETIC_SHOWCASE_ONLY
9002978,1997-06-26,small_merchant,165119.48,9,45180.47,9681.26,29043.77,155,0.9277,0.9198,0,0.684,164914.92,0.8767,44414.33,0.6051,0.6867,0.0818,True,0,SYNTHETIC_SHOWCASE_ONLY
9002979,1994-06-01,small_merchant,26589.51,9,24696.61,7266.72,21800.17,150,0.3532,0.8726,0,0.4365,47694.33,0.876,22885.27,0.5137,0.9062,0.6863,True,1,SYNTHETIC_SHOWCASE_ONLY
9002980,1995-05-19,first_time_borrower,125618.64,24,30456.62,8523.96,25571.87,64,0.9246,0.9869,0,0.8107,0.0,0.3933,0.0,0.1995,0.8357,0.0507,True,0,SYNTHETIC_SHOWCASE_ONLY
9002981,1996-08-02,gig_worker,124161.65,9,37060.21,8930.32,26790.97,33,0.6672,0.5929,2,0.6524,0.0,0.3431,0.0,0.5362,0.6913,0.4482,True,1,SYNTHETIC_SHOWCASE_ONLY
9002982,1993-04-21,gig_worker,24306.5,9,23287.14,7999.24,23997.71,209,0.7823,0.9166,0,0.6238,0.0,0.4826,0.0,0.3285,0.6653,0.1499,True,0,SYNTHETIC_SHOWCASE_ONLY
9002983,1997-01-02,small_merchant,30237.29,18,16239.28,5421.29,16263.88,224,0.8505,0.9427,0,0.6932,55378.38,0.9273,4538.22,0.2557,0.7845,0.1933,True,0,SYNTHETIC_SHOWCASE_ONLY
9002984,1997-02-10,small_merchant,22885.35,6,19014.36,5227.03,15681.1,240,0.7062,0.9495,1,0.8919,73997.96,0.8322,11601.57,0.8721,0.7421,0.3497,True,0,SYNTHETIC_SHOWCASE_ONLY
9002985,1996-08-07,first_time_borrower,102493.12,6,24940.86,7913.11,23739.33,148,0.7246,0.8381,0,0.7149,0.0,0.2554,0.0,0.1978,0.477,0.2129,True,1,SYNTHETIC_SHOWCASE_ONLY
9002986,1996-03-29,first_time_borrower,113316.0,12,38477.13,12472.77,37418.32,204,0.7646,0.8558,2,0.6416,0.0,0.3413,0.0,0.5033,0.854,0.1907,True,1,SYNTHETIC_SHOWCASE_ONLY
9002987,1996-09-27,first_time_borrower,31381.81,12,51239.65,18433.71,55301.14,217,0.7439,0.9786,0,0.8363,0.0,0.166,0.0,0.3408,0.7062,0.293,True,0,SYNTHETIC_SHOWCASE_ONLY
9002988,1996-11-28,gig_worker,43648.36,18,14604.09,4222.19,12666.57,144,0.7869,0.8033,1,0.6563,0.0,0.2978,0.0,0.1813,0.6212,0.2136,True,0,SYNTHETIC_SHOWCASE_ONLY
9002989,1997-07-08,small_merchant,57265.81,36,21020.1,7224.53,21673.58,61,0.7593,0.8069,0,0.8097,90225.3,0.4427,10776.48,0.7743,0.7538,0.2795,True,0,SYNTHETIC_SHOWCASE_ONLY
9002990,1995-02-21,informal_worker,80871.02,12,23580.75,6592.89,19778.68,254,0.4947,0.6129,2,0.9166,0.0,0.3928,0.0,0.2218,0.5848,0.5549,True,1,SYNTHETIC_SHOWCASE_ONLY
9002991,1995-04-13,small_merchant,30888.85,18,41003.96,16188.75,48566.26,12,0.7608,0.7368,3,0.934,172069.27,0.5699,43163.12,0.2914,0.6878,0.1991,True,0,SYNTHETIC_SHOWCASE_ONLY
9002992,1996-03-10,informal_worker,16425.42,36,21730.38,6371.97,19115.9,125,0.8853,0.9108,1,0.8415,0.0,0.1897,0.0,0.2289,0.7191,0.0913,True,0,SYNTHETIC_SHOWCASE_ONLY
9002993,1993-12-19,gig_worker,48688.3,18,22781.14,9018.24,27054.72,132,0.7789,0.9364,0,0.7661,0.0,0.1822,0.0,0.4151,0.6975,0.2265,True,0,SYNTHETIC_SHOWCASE_ONLY
9002994,1997-04-13,small_merchant,51602.06,24,14217.14,5384.48,16153.45,108,0.3914,0.8016,2,0.8864,34318.37,0.9014,58.44,0.7684,0.581,0.685,True,1,SYNTHETIC_SHOWCASE_ONLY
9002995,1996-11-07,first_time_borrower,124754.34,18,35312.61,11354.04,34062.13,122,0.7464,0.9708,0,0.7679,0.0,0.4603,0.0,0.3864,0.9074,0.277,True,0,SYNTHETIC_SHOWCASE_ONLY
9002996,1996-02-27,gig_worker,47274.08,18,25912.69,8639.1,25917.31,163,0.4774,0.7206,0,0.7403,0.0,0.3412,0.0,0.246,0.6894,0.4634,True,0,SYNTHETIC_SHOWCASE_ONLY
9002997,1994-07-05,first_time_borrower,31720.64,36,20455.73,6290.66,18871.98,72,0.8346,0.8809,0,0.5567,0.0,0.2243,0.0,0.1193,0.7813,0.1168,True,0,SYNTHETIC_SHOWCASE_ONLY
9002998,1994-09-27,small_merchant,89136.48,6,24720.63,6996.92,20990.75,232,0.6152,0.1835,6,0.8659,93627.5,0.8031,32593.52,0.4152,0.6402,0.3794,True,1,SYNTHETIC_SHOWCASE_ONLY
9002999,1995-03-06,gig_worker,34593.99,36,48094.24,17375.08,52125.25,28,0.795,0.8189,0,0.8326,0.0,0.3697,0.0,0.1676,0.6721,0.2669,True,0,SYNTHETIC_SHOWCASE_ONLY
9003000,1996-04-24,gig_worker,52717.64,18,17285.34,3515.17,10545.5,179,0.615,0.7455,4,0.7599,0.0,0.4169,0.0,0.6429,0.5519,0.366,True,1,SYNTHETIC_SHOWCASE_ONLY
9003001,1996-11-21,gig_worker,46100.28,18,18694.1,6017.83,18053.5,168,0.4839,0.867,0,0.6916,0.0,0.1541,0.0,0.3872,0.8527,0.5368,True,1,SYNTHETIC_SHOWCASE_ONLY
9003002,1996-05-11,small_merchant,84374.18,12,51074.52,16266.66,48799.97,53,0.5751,0.8636,1,0.7588,192582.85,0.7742,73869.84,0.7146,0.72,0.3252,True,0,SYNTHETIC_SHOWCASE_ONLY
9003003,1997-08-26,gig_worker,83897.41,12,29037.16,10367.01,31101.03,47,0.6947,0.9386,0,0.89,0.0,0.4328,0.0,0.4074,0.6541,0.3381,True,0,SYNTHETIC_SHOWCASE_ONLY
9003004,1997-10-21,informal_worker,60069.83,6,38616.76,7724.92,23174.75,76,0.7683,0.8461,0,0.6041,0.0,0.1406,0.0,0.0462,0.6251,0.2073,True,0,SYNTHETIC_SHOWCASE_ONLY
9003005,1996-07-11,first_time_borrower,104684.75,36,33955.32,10617.74,31853.22,207,0.9625,0.8046,1,0.769,0.0,0.1823,0.0,0.2511,0.8276,0.0,True,0,SYNTHETIC_SHOWCASE_ONLY
9003006,1994-11-09,small_merchant,34562.38,18,27529.11,5555.34,16666.02,263,0.8719,0.7997,0,0.9836,85227.33,0.8918,34293.66,0.425,0.5129,0.0851,True,0,SYNTHETIC_SHOWCASE_ONLY
9003007,1995-12-30,gig_worker,56499.99,24,23689.24,6309.58,18928.74,225,0.9296,0.7758,1,0.7973,0.0,0.3711,0.0,0.0228,0.6906,0.1645,True,0,SYNTHETIC_SHOWCASE_ONLY
9003008,1995-02-16,small_merchant,118774.09,12,41735.51,11389.94,34169.81,93,0.4294,0.9672,0,0.5332,88075.45,0.7161,59902.56,0.8524,0.4402,0.6426,True,1,SYNTHETIC_SHOWCASE_ONLY
9003009,1996-02-23,informal_worker,36173.4,12,48917.05,13683.72,41051.17,186,0.7645,0.8695,1,0.6464,0.0,0.0292,0.0,0.3094,0.5195,0.2702,True,0,SYNTHETIC_SHOWCASE_ONLY
9003010,1997-01-22,informal_worker,154877.99,12,47116.11,12612.31,37836.92,241,0.5968,0.8606,2,0.8484,0.0,0.046,0.0,0.4368,0.7083,0.3643,True,1,SYNTHETIC_SHOWCASE_ONLY
9003011,1994-11-06,gig_worker,61837.52,12,15850.14,4750.52,14251.56,31,0.9186,0.8958,0,0.5816,0.0,0.5351,0.0,0.1943,0.5413,0.0985,True,0,SYNTHETIC_SHOWCASE_ONLY
9003012,1995-07-13,small_merchant,251785.49,18,52381.94,9790.68,29372.03,44,0.5672,0.5873,2,0.8649,189421.77,0.6888,25611.47,0.2848,0.897,0.4313,True,1,SYNTHETIC_SHOWCASE_ONLY
9003013,1993-03-25,small_merchant,35222.65,36,23579.92,9798.55,29395.65,190,0.5811,0.7288,0,0.536,50685.43,0.9375,29355.16,0.4435,0.5706,0.5476,True,0,SYNTHETIC_SHOWCASE_ONLY
9003014,1996-09-06,small_merchant,29587.59,24,19487.83,4212.29,12636.86,60,0.3966,0.5661,1,0.827,67909.32,0.6948,9450.93,0.8498,0.8667,0.544,True,1,SYNTHETIC_SHOWCASE_ONLY
9003015,1995-06-14,gig_worker,50112.09,18,25814.26,5313.03,15939.08,204,0.845,0.7703,0,0.5226,0.0,0.3403,0.0,0.3752,0.9194,0.1814,True,0,SYNTHETIC_SHOWCASE_ONLY
9003016,1995-04-20,first_time_borrower,188578.99,12,41726.91,16127.75,48383.25,206,0.5703,0.8651,1,0.7696,0.0,0.2322,0.0,0.1577,0.8163,0.4751,True,1,SYNTHETIC_SHOWCASE_ONLY
9003017,1995-08-31,gig_worker,86746.71,18,36293.09,10199.86,30599.58,105,0.8868,0.7131,1,0.8467,0.0,0.4077,0.0,0.1606,0.9488,0.0448,True,0,SYNTHETIC_SHOWCASE_ONLY
9003018,1994-01-29,gig_worker,47753.23,18,24769.65,9877.11,29631.33,249,0.8471,0.7606,1,0.6635,0.0,0.1218,0.0,0.1381,0.7339,0.0581,True,0,SYNTHETIC_SHOWCASE_ONLY
9003019,1995-12-28,gig_worker,161622.11,24,41858.05,10367.53,31102.59,33,0.6518,0.9527,2,0.8561,0.0,0.0843,0.0,0.3158,0.179,0.3281,True,1,SYNTHETIC_SHOWCASE_ONLY
9003020,1996-09-22,small_merchant,22971.94,18,29944.26,9851.03,29553.09,83,0.8278,0.4322,1,0.5224,47834.27,0.5385,34148.87,0.6585,0.7931,0.1557,True,1,SYNTHETIC_SHOWCASE_ONLY
9003021,1994-10-01,small_merchant,64116.8,6,21267.46,5244.66,15733.97,43,0.6929,0.4844,0,0.8721,54835.19,0.7159,20274.97,0.7404,0.8057,0.4044,True,1,SYNTHETIC_SHOWCASE_ONLY
9003022,1993-08-28,gig_worker,51442.31,6,19932.42,7548.69,22646.08,194,0.8897,0.8865,0,0.7596,0.0,0.2959,0.0,0.2937,0.6103,0.1161,True,0,SYNTHETIC_SHOWCASE_ONLY
9003023,1994-12-08,small_merchant,114193.15,36,34093.86,13465.88,40397.63,155,0.9344,0.7629,0,0.6815,94616.42,0.8999,49689.45,0.6941,0.8364,0.093,True,0,SYNTHETIC_SHOWCASE_ONLY
9003024,1993-12-29,informal_worker,102721.2,24,26912.64,10708.38,32125.13,192,0.6304,0.7514,0,0.6187,0.0,0.2834,0.0,0.1794,0.7313,0.4479,True,0,SYNTHETIC_SHOWCASE_ONLY
9003025,1994-11-14,gig_worker,29369.97,36,14468.33,3185.21,9555.64,233,0.3241,0.8823,0,0.7003,0.0,0.5744,0.0,0.2842,0.7525,0.6109,True,0,SYNTHETIC_SHOWCASE_ONLY
9003026,1996-02-19,first_time_borrower,142977.43,12,42049.27,12059.13,36177.39,101,0.4717,0.8343,1,0.8367,0.0,0.0878,0.0,0.1119,0.7494,0.4643,True,1,SYNTHETIC_SHOWCASE_ONLY
9003027,1993-07-27,small_merchant,64638.49,18,22235.11,6341.75,19025.25,102,0.6058,0.9311,0,0.5791,58407.2,0.9065,27299.08,0.7238,0.593,0.2366,True,0,SYNTHETIC_SHOWCASE_ONLY
9003028,1996-09-26,gig_worker,71515.91,12,60124.77,23570.35,70711.04,218,0.7804,0.854,0,0.8698,0.0,0.1913,0.0,0.3278,0.5282,0.3115,True,0,SYNTHETIC_SHOWCASE_ONLY
9003029,1994-02-15,first_time_borrower,63962.82,36,14278.71,5531.21,16593.62,278,0.8245,0.923,1,0.8412,0.0,0.2971,0.0,0.4807,0.7589,0.2145,True,1,SYNTHETIC_SHOWCASE_ONLY
9003030,1997-06-22,informal_worker,100645.68,12,25673.63,9984.82,29954.47,48,0.8105,0.7169,0,0.7889,0.0,0.1947,0.0,0.0728,0.7207,0.1385,True,0,SYNTHETIC_SHOWCASE_ONLY
9003031,1996-08-30,small_merchant,93150.54,24,20009.66,4393.21,13179.62,15,0.6575,0.6159,1,0.7128,46014.18,0.9813,20858.57,0.9271,0.3137,0.3345,True,1,SYNTHETIC_SHOWCASE_ONLY
9003032,1994-05-13,first_time_borrower,66090.06,9,17531.54,5479.19,16437.58,113,0.6325,0.8269,0,0.5578,0.0,0.4013,0.0,0.2674,0.5843,0.2669,True,1,SYNTHETIC_SHOWCASE_ONLY
9003033,1995-10-26,small_merchant,37175.14,9,22165.68,5331.04,15993.13,233,0.7467,0.7705,0,0.4371,86312.35,0.9316,21317.31,0.7629,0.7942,0.2856,True,1,SYNTHETIC_SHOWCASE_ONLY
9003034,1993-07-22,small_merchant,163382.04,9,65501.76,15398.32,46194.96,73,0.8048,0.8902,1,0.6793,191237.64,0.8368,95523.75,0.6927,0.7104,0.0682,True,0,SYNTHETIC_SHOWCASE_ONLY
9003035,1993-07-02,first_time_borrower,69054.53,18,29994.74,8278.61,24835.84,230,0.3288,0.7732,2,0.8816,0.0,0.5633,0.0,0.4554,0.7115,0.6477,True,1,SYNTHETIC_SHOWCASE_ONLY
9003036,1997-10-12,informal_worker,14506.64,24,19147.74,5625.08,16875.25,100,0.747,0.8044,0,0.7922,0.0,0.3071,0.0,0.1818,0.6076,0.2511,True,0,SYNTHETIC_SHOWCASE_ONLY
9003037,1997-01-05,gig_worker,28011.07,36,11640.18,2293.22,6879.67,95,0.6625,0.9683,0,0.7035,0.0,0.3327,0.0,0.183,0.8131,0.4302,True,0,SYNTHETIC_SHOWCASE_ONLY
9003038,1993-10-09,informal_worker,25987.22,18,12255.2,2620.1,7860.31,93,0.9457,0.8793,0,0.9243,0.0,0.1014,0.0,0.5299,0.7255,0.0538,True,0,SYNTHETIC_SHOWCASE_ONLY
9003039,1994-06-01,small_merchant,13359.73,18,21643.44,7925.18,23775.53,258,0.8514,0.8434,0,0.6496,64972.49,0.652,14166.33,0.5269,0.8533,0.1734,True,0,SYNTHETIC_SHOWCASE_ONLY
9003040,1993-12-27,gig_worker,89388.13,24,20656.59,5038.91,15116.73,159,0.953,0.8967,0,0.6519,0.0,0.4439,0.0,0.0382,0.5665,0.1591,True,0,SYNTHETIC_SHOWCASE_ONLY
9003041,1994-12-23,first_time_borrower,31005.01,6,25145.03,9504.42,28513.27,76,0.9072,0.9059,0,0.5627,0.0,0.3598,0.0,0.183,0.6603,0.0772,True,0,SYNTHETIC_SHOWCASE_ONLY
9003042,1994-06-16,small_merchant,26381.71,24,9407.96,2050.05,6150.15,182,0.9059,0.8524,0,0.6111,32558.53,0.6856,6845.15,0.6552,0.718,0.0866,True,0,SYNTHETIC_SHOWCASE_ONLY
9003043,1994-08-23,informal_worker,108587.0,24,26794.52,9387.93,28163.78,70,0.4351,0.9778,0,0.7645,0.0,0.5387,0.0,0.1922,0.8681,0.6509,True,1,SYNTHETIC_SHOWCASE_ONLY
9003044,1995-08-25,informal_worker,149478.94,18,45856.4,12416.14,37248.41,176,0.7625,0.9924,0,0.7417,0.0,0.1978,0.0,0.1755,0.7998,0.2018,True,0,SYNTHETIC_SHOWCASE_ONLY
9003045,1993-12-12,small_merchant,82078.03,6,61017.96,16276.38,48829.15,24,0.5278,0.8155,0,0.7338,245981.82,0.851,62076.58,0.4451,0.353,0.3706,True,1,SYNTHETIC_SHOWCASE_ONLY
9003046,1997-06-01,gig_worker,37445.03,12,11278.19,4698.11,14094.34,190,0.5949,0.9879,0,0.7203,0.0,0.3254,0.0,0.613,0.5538,0.3446,True,0,SYNTHETIC_SHOWCASE_ONLY
9003047,1996-08-21,first_time_borrower,74966.91,12,19058.93,5028.93,15086.78,229,0.7009,0.6947,0,0.8059,0.0,0.179,0.0,0.4669,0.9146,0.274,True,0,SYNTHETIC_SHOWCASE_ONLY
9003048,1996-10-20,informal_worker,81033.72,36,18581.61,5250.79,15752.38,173,0.8246,0.722,1,0.8519,0.0,0.2129,0.0,0.1086,0.5835,0.1955,True,0,SYNTHETIC_SHOWCASE_ONLY
9003049,1993-11-06,informal_worker,60119.59,18,30028.62,11961.31,35883.94,139,0.8696,0.8576,0,0.8502,0.0,0.2336,0.0,0.0315,0.5676,0.1411,True,0,SYNTHETIC_SHOWCASE_ONLY
9003050,1996-07-17,small_merchant,11681.85,18,15591.31,3958.58,11875.74,65,0.745,0.9228,0,0.7481,38856.34,0.8639,9009.47,0.7152,0.7534,0.2755,True,0,SYNTHETIC_SHOWCASE_ONLY
9003051,1997-03-07,gig_worker,205613.92,18,62783.41,25563.35,76690.06,256,0.7822,0.9667,0,0.9445,0.0,0.3685,0.0,0.7869,0.6396,0.0935,True,0,SYNTHETIC_SHOWCASE_ONLY
9003052,1993-11-16,gig_worker,45556.52,24,28591.09,8029.28,24087.83,41,0.7025,0.9593,0,0.9237,0.0,0.3609,0.0,0.4754,0.8918,0.2301,True,0,SYNTHETIC_SHOWCASE_ONLY
9003053,1996-10-03,small_merchant,106520.04,12,26392.88,6581.19,19743.57,226,0.9235,0.6646,1,0.9403,68420.79,0.8058,19023.38,0.3812,0.2827,0.0479,True,1,SYNTHETIC_SHOWCASE_ONLY
9003054,1994-10-16,gig_worker,215998.47,9,60141.92,12753.17,38259.52,39,0.868,0.9704,0,0.5367,0.0,0.3541,0.0,0.204,0.8047,0.0558,True,0,SYNTHETIC_SHOWCASE_ONLY
9003055,1996-12-09,informal_worker,111196.78,18,27785.15,8110.02,24330.05,184,0.5419,0.9249,2,0.5862,0.0,0.0894,0.0,0.2238,0.8634,0.4273,True,1,SYNTHETIC_SHOWCASE_ONLY
9003056,1995-05-24,first_time_borrower,164811.0,12,33931.72,8784.85,26354.55,158,0.6893,0.6389,1,0.8364,0.0,0.4243,0.0,0.3802,0.4336,0.2746,True,1,SYNTHETIC_SHOWCASE_ONLY
9003057,1997-01-04,small_merchant,61941.25,12,19527.45,5713.53,17140.59,182,0.6254,0.867,0,0.8333,73651.93,0.8614,26922.74,0.6222,0.2948,0.3859,True,0,SYNTHETIC_SHOWCASE_ONLY
9003058,1993-09-27,small_merchant,66409.47,12,14503.12,5584.9,16754.69,116,0.5438,0.7815,1,0.583,19098.06,0.6782,7771.68,0.9183,0.9252,0.4304,True,1,SYNTHETIC_SHOWCASE_ONLY
9003059,1994-12-12,informal_worker,71531.44,12,20889.17,8686.98,26060.94,113,0.6026,0.6868,3,0.7797,0.0,0.2331,0.0,0.3494,0.491,0.4303,True,1,SYNTHETIC_SHOWCASE_ONLY
9003060,1994-05-15,gig_worker,111965.76,36,79994.1,22687.09,68061.26,261,0.7574,0.8585,1,0.8154,0.0,0.2556,0.0,0.1652,0.8931,0.3361,True,0,SYNTHETIC_SHOWCASE_ONLY
9003061,1994-03-30,first_time_borrower,156204.9,24,37941.84,9932.11,29796.32,42,0.8399,0.8322,0,0.7095,0.0,0.1982,0.0,0.0723,0.6321,0.0955,True,0,SYNTHETIC_SHOWCASE_ONLY
9003062,1994-07-18,small_merchant,116667.87,36,31943.9,12851.67,38555.01,87,0.7919,0.6653,3,0.6651,89499.42,0.7125,19269.18,0.5367,0.3279,0.2183,True,1,SYNTHETIC_SHOWCASE_ONLY
9003063,1994-11-30,gig_worker,85916.79,36,17523.54,3237.29,9711.88,192,0.7991,0.6911,4,0.8657,0.0,0.4572,0.0,0.0617,0.4659,0.1506,True,1,SYNTHETIC_SHOWCASE_ONLY
9003064,1993-08-21,gig_worker,72463.82,12,43362.93,12002.14,36006.41,227,0.6586,0.6542,3,0.8865,0.0,0.5976,0.0,0.4955,0.692,0.2274,True,1,SYNTHETIC_SHOWCASE_ONLY
9003065,1996-07-15,first_time_borrower,30144.61,12,14592.56,4119.83,12359.5,176,0.8174,0.7966,1,0.7539,0.0,0.4237,0.0,0.2131,0.6478,0.1455,True,0,SYNTHETIC_SHOWCASE_ONLY
9003066,1995-10-02,gig_worker,55621.11,24,13197.37,4381.03,13143.1,212,0.8134,0.8192,0,0.9309,0.0,0.1143,0.0,0.1822,0.8909,0.1709,True,0,SYNTHETIC_SHOWCASE_ONLY
9003067,1997-02-23,informal_worker,18771.96,6,21411.73,8330.01,24990.04,50,0.7717,0.9083,0,0.7844,0.0,0.401,0.0,0.1007,0.3207,0.1458,True,0,SYNTHETIC_SHOWCASE_ONLY
9003068,1996-07-11,gig_worker,242265.14,36,71547.4,23056.33,69168.99,197,0.8331,0.8942,1,0.8871,0.0,0.476,0.0,0.0802,0.732,0.1568,True,0,SYNTHETIC_SHOWCASE_ONLY
9003069,1993-09-30,gig_worker,205832.51,6,69629.88,24279.82,72839.45,69,0.9641,0.615,0,0.831,0.0,0.3073,0.0,0.1746,0.9115,0.0,True,0,SYNTHETIC_SHOWCASE_ONLY
9003070,1993-05-08,first_time_borrower,30276.74,18,22547.2,8721.06,26163.18,266,0.4112,0.8522,0,0.9221,0.0,0.2284,0.0,0.1781,0.4385,0.5283,True,1,SYNTHETIC_SHOWCASE_ONLY
9003071,1995-02-12,gig_worker,26874.01,18,20258.79,4185.96,12557.88,29,0.8161,0.9438,0,0.8618,0.0,0.0818,0.0,0.1675,0.805,0.2125,True,0,SYNTHETIC_SHOWCASE_ONLY
9003072,1995-05-29,gig_worker,53064.9,36,12741.07,5027.6,15082.79,236,0.9058,0.8913,2,0.5516,0.0,0.4461,0.0,0.3465,0.5781,0.1217,True,0,SYNTHETIC_SHOWCASE_ONLY
9003073,1994-03-15,small_merchant,19416.64,18,29068.62,12051.79,36155.38,46,0.8944,0.8367,0,0.7279,96538.13,0.7312,32645.8,0.5156,0.6197,0.153,True,0,SYNTHETIC_SHOWCASE_ONLY
9003074,1996-11-29,first_time_borrower,117610.38,18,30264.36,8938.12,26814.36,269,0.3195,0.9761,0,0.7774,0.0,0.5743,0.0,0.1316,0.6763,0.8066,True,1,SYNTHETIC_SHOWCASE_ONLY
9003075,1995-11-28,small_merchant,156400.4,12,40902.51,9301.34,27904.03,103,0.8696,0.843,2,0.9245,86951.97,0.6319,34983.94,0.7216,0.8205,0.0817,True,0,SYNTHETIC_SHOWCASE_ONLY
9003076,1996-09-27,gig_worker,149935.57,18,43351.62,15962.81,47888.43,196,0.605,0.8859,1,0.8956,0.0,0.2932,0.0,0.3379,0.681,0.3217,True,0,SYNTHETIC_SHOWCASE_ONLY
9003077,1993-07-19,first_time_borrower,61172.2,24,25468.49,7504.51,22513.53,130,0.699,0.8857,1,0.6047,0.0,0.0975,0.0,0.331,0.6291,0.3827,True,0,SYNTHETIC_SHOWCASE_ONLY
9003078,1997-01-28,informal_worker,26495.57,18,36565.23,7173.95,21521.84,108,0.7884,0.6979,1,0.5626,0.0,0.1363,0.0,0.3418,0.7319,0.2289,True,0,SYNTHETIC_SHOWCASE_ONLY
9003079,1994-01-12,first_time_borrower,82570.02,24,20003.31,4627.28,13881.83,246,0.7428,0.931,0,0.9357,0.0,0.0996,0.0,0.0741,0.846,0.2295,True,0,SYNTHETIC_SHOWCASE_ONLY
9003080,1995-03-30,informal_worker,41781.31,6,36233.53,14764.53,44293.6,28,0.6756,0.6118,1,0.6506,0.0,0.4697,0.0,0.1542,0.8521,0.2153,True,0,SYNTHETIC_SHOWCASE_ONLY
9003081,1995-03-14,informal_worker,40287.08,12,21949.25,5525.52,16576.57,67,0.5906,0.8113,0,0.7516,0.0,0.7243,0.0,0.1734,0.7112,0.334,True,0,SYNTHETIC_SHOWCASE_ONLY
9003082,1997-02-07,small_merchant,166370.87,36,34909.0,12873.68,38621.05,107,0.8994,0.7583,1,0.5902,116575.62,0.7951,49624.68,0.6526,0.8519,0.124,True,0,SYNTHETIC_SHOWCASE_ONLY
9003083,1994-05-21,small_merchant,64745.62,12,33578.47,8727.22,26181.65,176,0.8204,0.7847,0,0.4547,108155.2,0.8234,46048.89,0.5902,0.7999,0.2184,True,0,SYNTHETIC_SHOWCASE_ONLY
9003084,1994-03-16,informal_worker,49852.67,18,28940.16,6231.44,18694.31,181,0.5281,0.9362,0,0.796,0.0,0.3699,0.0,0.6327,0.6194,0.5032,True,0,SYNTHETIC_SHOWCASE_ONLY
9003085,1994-09-13,informal_worker,200198.35,18,41000.47,11450.2,34350.59,75,0.6968,0.9496,0,0.7904,0.0,0.1639,0.0,0.4757,0.7387,0.4271,True,0,SYNTHETIC_SHOWCASE_ONLY
9003086,1994-10-21,first_time_borrower,12887.67,36,13176.21,3647.62,10942.86,215,0.5414,0.7571,0,0.8531,0.0,0.2033,0.0,0.0987,0.8819,0.4541,True,0,SYNTHETIC_SHOWCASE_ONLY
9003087,1993-11-28,small_merchant,21950.9,9,16794.39,5284.71,15854.14,264,0.8631,0.8846,0,0.7359,64878.72,0.8152,21980.82,0.7929,0.6139,0.1023,True,0,SYNTHETIC_SHOWCASE_ONLY
9003088,1993-11-19,gig_worker,62192.88,12,24595.8,6210.54,18631.62,109,0.8455,0.797,0,0.7358,0.0,0.2346,0.0,0.1465,0.3783,0.0119,True,0,SYNTHETIC_SHOWCASE_ONLY
9003089,1994-02-27,small_merchant,56942.34,24,14005.33,4671.08,14013.24,116,0.5684,0.7531,0,0.7589,58134.51,0.6727,17780.71,0.3377,0.5733,0.3564,True,1,SYNTHETIC_SHOWCASE_ONLY
9003090,1995-05-04,informal_worker,103443.43,18,23032.58,8099.08,24297.24,187,0.4069,0.7734,1,0.8071,0.0,0.1241,0.0,0.2904,0.5693,0.5863,True,1,SYNTHETIC_SHOWCASE_ONLY
9003091,1994-09-19,small_merchant,91807.74,18,23391.72,6213.39,18640.18,248,0.7426,0.6791,1,0.6975,59107.64,0.8346,11666.0,0.6469,0.6532,0.3186,True,1,SYNTHETIC_SHOWCASE_ONLY
9003092,1994-12-17,informal_worker,257006.6,12,52502.08,16525.19,49575.57,153,0.7909,0.4872,2,0.6893,0.0,0.2146,0.0,0.2145,0.7713,0.1701,True,1,SYNTHETIC_SHOWCASE_ONLY
9003093,1996-08-05,informal_worker,20212.03,12,29982.7,12257.11,36771.33,56,0.7806,0.8755,0,0.8144,0.0,0.2658,0.0,0.2984,0.7112,0.2257,True,0,SYNTHETIC_SHOWCASE_ONLY
9003094,1994-03-16,gig_worker,152635.03,36,45893.83,11588.6,34765.8,50,0.4556,0.7911,1,0.8314,0.0,0.3954,0.0,0.2661,0.6787,0.6172,True,1,SYNTHETIC_SHOWCASE_ONLY
9003095,1997-07-20,small_merchant,35984.91,18,32362.76,13092.81,39278.42,262,0.8943,0.9599,0,0.7713,79623.51,0.8713,16338.6,0.6946,0.8943,0.1678,True,0,SYNTHETIC_SHOWCASE_ONLY
9003096,1996-10-04,informal_worker,99719.01,36,21651.71,5309.48,15928.43,90,0.8035,0.9312,0,0.7749,0.0,0.2117,0.0,0.63,0.6929,0.2998,True,0,SYNTHETIC_SHOWCASE_ONLY
9003097,1993-11-15,first_time_borrower,140781.93,36,29856.08,8944.8,26834.39,81,0.9466,0.6834,2,0.817,0.0,0.6083,0.0,0.22,0.5709,0.0,True,0,SYNTHETIC_SHOWCASE_ONLY
9003098,1994-07-28,small_merchant,76828.07,18,39738.84,14904.11,44712.34,207,0.7295,0.8147,1,0.5173,84981.34,0.9549,37175.62,0.5655,0.6237,0.2813,True,0,SYNTHETIC_SHOWCASE_ONLY
9003099,1993-12-02,small_merchant,210619.37,18,49651.92,11206.63,33619.9,100,0.6774,0.6347,3,0.6966,120480.46,0.9171,59069.64,0.5748,0.4332,0.2892,True,1,SYNTHETIC_SHOWCASE_ONLY
9003100,1994-05-14,small_merchant,88638.05,18,26277.04,6521.63,19564.9,213,0.6846,0.8939,0,0.8474,94265.69,0.6345,4384.71,0.4985,0.7379,0.2362,True,0,SYNTHETIC_SHOWCASE_ONLY
9003101,1994-10-30,small_merchant,13232.63,24,12697.43,3830.37,11491.1,243,0.8358,0.961,1,0.4688,42050.12,0.7231,4550.87,0.311,0.3891,0.1656,True,0,SYNTHETIC_SHOWCASE_ONLY
9003102,1993-08-28,gig_worker,39924.29,18,12276.16,2616.36,7849.08,116,0.5486,0.8772,0,0.4558,0.0,0.4876,0.0,0.2637,0.8688,0.4927,True,1,SYNTHETIC_SHOWCASE_ONLY
9003103,1993-01-27,first_time_borrower,117175.1,9,23939.42,8920.2,26760.6,98,0.8165,0.9582,0,0.4422,0.0,0.253,0.0,0.3369,0.6404,0.2022,True,1,SYNTHETIC_SHOWCASE_ONLY
9003104,1995-03-13,first_time_borrower,17827.03,36,9115.82,2117.14,6351.42,161,0.8974,0.9112,0,0.7535,0.0,0.0644,0.0,0.1683,0.3561,0.0014,True,0,SYNTHETIC_SHOWCASE_ONLY
9003105,1996-07-04,small_merchant,40099.34,18,66277.78,19545.12,58635.37,44,0.6851,0.8705,1,0.6697,271304.31,0.8694,81963.16,0.6167,0.6844,0.4164,True,0,SYNTHETIC_SHOWCASE_ONLY
9003106,1994-07-08,small_merchant,182643.4,24,37290.27,9619.43,28858.29,240,0.7199,0.8461,0,0.4028,141115.93,0.8443,23353.49,0.376,0.4678,0.3212,True,0,SYNTHETIC_SHOWCASE_ONLY
9003107,1997-04-21,gig_worker,49972.99,12,20636.97,6927.3,20781.91,132,0.8913,0.6749,0,0.8131,0.0,0.4682,0.0,0.4446,0.7626,0.0145,True,0,SYNTHETIC_SHOWCASE_ONLY
9003108,1994-11-06,informal_worker,41030.06,12,16437.64,5519.06,16557.18,225,0.8509,0.6966,1,0.8423,0.0,0.3364,0.0,0.6071,0.5214,0.0879,True,0,SYNTHETIC_SHOWCASE_ONLY
9003109,1997-07-03,small_merchant,171328.29,24,45864.97,11545.55,34636.66,154,0.3301,0.9323,1,0.6013,173469.56,0.9543,61321.22,0.4344,0.4593,0.7049,True,1,SYNTHETIC_SHOWCASE_ONLY
9003110,1994-03-07,informal_worker,53472.62,24,16406.19,3956.25,11868.75,244,0.5307,0.8258,1,0.6717,0.0,0.3171,0.0,0.329,0.5764,0.493,True,1,SYNTHETIC_SHOWCASE_ONLY
9003111,1995-09-12,gig_worker,33126.16,6,17175.01,3377.4,10132.19,157,0.5102,0.8119,1,0.9133,0.0,0.2944,0.0,0.1139,0.9785,0.5384,True,1,SYNTHETIC_SHOWCASE_ONLY
9003112,1996-10-25,informal_worker,20159.54,12,19385.99,5839.85,17519.54,169,0.8847,0.8998,0,0.867,0.0,0.2482,0.0,0.0704,0.4527,0.1063,True,0,SYNTHETIC_SHOWCASE_ONLY
9003113,1993-04-18,gig_worker,125414.33,24,29576.1,8632.69,25898.08,204,0.9631,0.8282,1,0.7203,0.0,0.6331,0.0,0.3652,0.7192,0.0054,True,0,SYNTHETIC_SHOWCASE_ONLY
9003114,1997-08-26,informal_worker,102856.82,36,37719.88,15117.41,45352.24,253,0.6111,0.6885,1,0.597,0.0,0.039,0.0,0.312,0.5424,0.4379,True,0,SYNTHETIC_SHOWCASE_ONLY
9003115,1994-10-29,informal_worker,176643.75,6,49634.55,15031.69,45095.06,220,0.8508,0.6903,1,0.8452,0.0,0.1436,0.0,0.1186,0.7219,0.1789,True,1,SYNTHETIC_SHOWCASE_ONLY
9003116,1995-06-29,gig_worker,202807.79,12,46237.48,12189.57,36568.7,274,0.5537,0.8282,2,0.887,0.0,0.2009,0.0,0.1074,0.8811,0.3724,True,1,SYNTHETIC_SHOWCASE_ONLY
9003117,1996-02-22,small_merchant,18990.45,12,28010.4,6744.87,20234.6,239,0.761,0.6767,0,0.5523,75412.95,0.9487,30257.05,0.3764,0.8608,0.2049,True,0,SYNTHETIC_SHOWCASE_ONLY
9003118,1996-03-20,first_time_borrower,200216.53,12,45698.02,12454.98,37364.94,196,0.8522,0.73,3,0.8167,0.0,0.0655,0.0,0.361,0.7157,0.0912,True,1,SYNTHETIC_SHOWCASE_ONLY
9003119,1993-02-13,informal_worker,79291.0,6,20289.93,5798.37,17395.12,219,0.7023,0.7435,0,0.5934,0.0,0.3036,0.0,0.1904,0.843,0.2343,True,1,SYNTHETIC_SHOWCASE_ONLY
9003120,1997-05-03,gig_worker,55684.37,18,11683.63,2887.83,8663.49,229,0.8833,0.8715,0,0.5163,0.0,0.3427,0.0,0.3087,0.5962,0.096,True,0,SYNTHETIC_SHOWCASE_ONLY
9003121,1996-02-13,small_merchant,33025.85,18,20288.65,4728.5,14185.51,163,0.7152,0.8484,0,0.8825,79740.86,0.6245,19799.91,0.7629,0.6469,0.2301,True,0,SYNTHETIC_SHOWCASE_ONLY
9003122,1997-12-29,small_merchant,38383.69,12,19014.45,7326.79,21980.37,270,0.7796,0.5522,2,0.6901,68523.61,0.4493,9020.53,0.7834,0.6,0.1582,True,1,SYNTHETIC_SHOWCASE_ONLY
9003123,1995-05-11,informal_worker,72574.31,12,20673.46,4913.22,14739.67,63,0.7973,0.7104,1,0.8788,0.0,0.4175,0.0,0.1641,0.6851,0.1976,True,1,SYNTHETIC_SHOWCASE_ONLY
9003124,1996-01-26,informal_worker,82567.04,36,17667.11,5720.64,17161.92,18,0.8376,0.8739,0,0.5386,0.0,0.492,0.0,0.2344,0.8633,0.085,True,0,SYNTHETIC_SHOWCASE_ONLY
9003125,1995-03-17,gig_worker,111479.19,12,22440.6,9269.58,27808.74,137,0.6206,0.948,0,0.8657,0.0,0.3691,0.0,0.2007,0.563,0.4027,True,1,SYNTHETIC_SHOWCASE_ONLY
9003126,1997-06-13,informal_worker,91762.45,24,37705.76,13412.24,40236.72,209,0.6602,0.9279,1,0.9197,0.0,0.3802,0.0,0.156,0.7889,0.2831,True,0,SYNTHETIC_SHOWCASE_ONLY
9003127,1997-02-28,informal_worker,189609.84,12,63785.63,21032.69,63098.06,266,0.6525,0.6531,1,0.8182,0.0,0.3744,0.0,0.2505,0.4051,0.421,True,1,SYNTHETIC_SHOWCASE_ONLY
9003128,1997-07-18,informal_worker,16518.11,24,12231.79,2322.65,6967.96,45,0.8232,0.8929,0,0.6539,0.0,0.1212,0.0,0.3311,0.8547,0.2798,True,0,SYNTHETIC_SHOWCASE_ONLY
9003129,1995-07-10,gig_worker,55134.48,24,15090.9,6080.11,18240.33,271,0.7364,0.9342,1,0.8047,0.0,0.0988,0.0,0.5296,0.8035,0.3124,True,0,SYNTHETIC_SHOWCASE_ONLY
9003130,1996-12-16,small_merchant,82047.45,12,19150.15,3600.64,10801.91,47,0.9227,0.6184,0,0.8844,26804.18,0.817,15048.82,0.2973,0.7016,0.236,True,0,SYNTHETIC_SHOWCASE_ONLY
9003131,1994-10-18,small_merchant,166362.68,18,40437.62,12230.21,36690.62,145,0.949,0.8953,2,0.78,92362.87,0.7814,26262.73,0.417,0.754,0.0674,True,0,SYNTHETIC_SHOWCASE_ONLY
9003132,1995-04-22,gig_worker,53841.89,24,25376.66,10348.07,31044.2,41,0.8317,0.4692,1,0.9435,0.0,0.1959,0.0,0.5742,0.732,0.2225,True,1,SYNTHETIC_SHOWCASE_ONLY
9003133,1996-10-20,small_merchant,95699.04,12,19779.22,7867.33,23601.98,165,0.6429,0.8841,2,0.7135,77935.7,0.7712,10132.52,0.5908,0.599,0.4165,True,1,SYNTHETIC_SHOWCASE_ONLY
9003134,1993-05-29,gig_worker,44613.37,24,39497.46,10302.8,30908.39,227,0.6139,0.6746,0,0.8357,0.0,0.2006,0.0,0.309,0.8145,0.377,True,0,SYNTHETIC_SHOWCASE_ONLY
9003135,1996-07-21,gig_worker,122899.92,12,44312.72,15565.56,46696.67,269,0.8726,0.7397,0,0.6984,0.0,0.0779,0.0,0.2013,0.6855,0.0903,True,0,SYNTHETIC_SHOWCASE_ONLY
9003136,1993-01-29,informal_worker,84363.26,18,27749.0,9695.03,29085.08,186,0.7269,0.8021,0,0.8514,0.0,0.5466,0.0,0.1357,0.5424,0.2638,True,0,SYNTHETIC_SHOWCASE_ONLY
9003137,1995-11-27,gig_worker,56026.89,36,18923.78,4225.77,12677.3,24,0.8722,0.8813,0,0.7191,0.0,0.2679,0.0,0.1068,0.8471,0.1111,True,0,SYNTHETIC_SHOWCASE_ONLY
9003138,1995-05-22,informal_worker,125433.82,9,31878.72,12961.39,38884.17,52,0.6127,0.863,2,0.946,0.0,0.3097,0.0,0.245,0.5233,0.4836,True,1,SYNTHETIC_SHOWCASE_ONLY
9003139,1995-05-06,gig_worker,82168.46,9,25034.02,6418.07,19254.22,71,0.6595,0.9414,0,0.7473,0.0,0.1596,0.0,0.1249,0.8991,0.4585,True,1,SYNTHETIC_SHOWCASE_ONLY
9003140,1995-06-22,small_merchant,23428.93,9,24941.13,6152.37,18457.12,32,0.4567,0.8479,0,0.745,44262.12,0.4889,22768.82,0.3461,0.4795,0.6251,True,1,SYNTHETIC_SHOWCASE_ONLY
9003141,1995-06-18,small_merchant,30463.37,36,21894.87,4548.99,13646.97,40,0.6032,0.7239,1,0.6801,42313.65,0.6346,4393.31,0.3938,0.9567,0.4242,True,0,SYNTHETIC_SHOWCASE_ONLY
9003142,1995-01-14,informal_worker,128410.95,9,43649.7,16361.81,49085.43,69,0.8367,0.8238,2,0.8782,0.0,0.2893,0.0,0.2594,0.7591,0.1321,True,1,SYNTHETIC_SHOWCASE_ONLY
9003143,1995-04-05,informal_worker,115413.26,12,31568.1,9182.11,27546.32,205,0.6762,0.8318,0,0.6143,0.0,0.1782,0.0,0.1889,0.4645,0.2507,True,0,SYNTHETIC_SHOWCASE_ONLY
9003144,1995-11-04,small_merchant,131761.06,24,46032.19,19016.96,57050.89,93,0.2709,0.8527,0,0.7505,170266.28,0.9661,55847.22,0.899,0.6081,0.7209,True,1,SYNTHETIC_SHOWCASE_ONLY
9003145,1996-10-26,informal_worker,115089.22,24,53177.8,20169.95,60509.86,132,0.6459,0.7917,0,0.6491,0.0,0.4534,0.0,0.5031,0.8535,0.2468,True,0,SYNTHETIC_SHOWCASE_ONLY
9003146,1995-10-06,gig_worker,28793.04,18,34900.99,9502.88,28508.65,54,0.7846,0.839,2,0.7644,0.0,0.3735,0.0,0.3952,0.5559,0.2323,True,0,SYNTHETIC_SHOWCASE_ONLY
9003147,1996-03-19,informal_worker,89099.63,36,21957.21,7924.75,23774.25,80,0.7299,0.6459,1,0.8202,0.0,0.3713,0.0,0.2805,0.5893,0.2979,True,1,SYNTHETIC_SHOWCASE_ONLY
9003148,1997-03-08,gig_worker,128607.06,6,46134.5,9485.34,28456.03,186,0.4751,0.9745,0,0.6273,0.0,0.1692,0.0,0.5638,0.7309,0.6171,True,1,SYNTHETIC_SHOWCASE_ONLY
9003149,1997-12-12,small_merchant,104012.58,18,35013.15,13048.78,39146.34,263,0.5172,0.972,0,0.8765,97773.19,0.6987,16608.32,0.6377,0.6742,0.3106,True,0,SYNTHETIC_SHOWCASE_ONLY
9003150,1993-07-18,gig_worker,260194.77,18,97692.13,36145.47,108436.41,131,0.9374,0.9694,1,0.8046,0.0,0.1443,0.0,0.2307,0.6177,0.0,True,0,SYNTHETIC_SHOWCASE_ONLY
9003151,1996-07-25,first_time_borrower,57433.7,12,32493.95,8475.18,25425.55,189,0.2809,0.8744,1,0.5671,0.0,0.142,0.0,0.4444,0.687,0.6283,True,1,SYNTHETIC_SHOWCASE_ONLY
9003152,1994-02-16,small_merchant,71076.36,24,39138.04,10685.05,32055.16,189,0.5638,0.6009,3,0.9352,172574.04,0.8172,43832.47,0.6348,0.3085,0.4657,True,1,SYNTHETIC_SHOWCASE_ONLY
9003153,1993-12-26,informal_worker,28306.64,18,32188.46,6834.94,20504.83,44,0.4073,0.9352,0,0.6815,0.0,0.4355,0.0,0.4817,0.8074,0.698,True,1,SYNTHETIC_SHOWCASE_ONLY
9003154,1996-12-19,small_merchant,99146.12,12,26699.3,7791.25,23373.74,194,0.8273,0.7815,0,0.764,109372.17,0.867,30715.93,0.6457,0.6687,0.1574,True,0,SYNTHETIC_SHOWCASE_ONLY
9003155,1993-05-06,gig_worker,44419.59,9,24729.2,5211.02,15633.05,244,0.4674,0.8295,1,0.2834,0.0,0.3578,0.0,0.1281,0.6918,0.4814,True,1,SYNTHETIC_SHOWCASE_ONLY
9003156,1997-03-29,gig_worker,61711.13,9,32247.53,8671.09,26013.27,207,0.7137,0.9413,0,0.8481,0.0,0.1038,0.0,0.1635,0.7845,0.3211,True,1,SYNTHETIC_SHOWCASE_ONLY
9003157,1996-11-08,first_time_borrower,178764.71,24,35958.62,11475.84,34427.53,72,0.3653,0.6982,4,0.8483,0.0,0.2545,0.0,0.4007,0.8877,0.6871,True,1,SYNTHETIC_SHOWCASE_ONLY
9003158,1997-12-22,informal_worker,111962.62,12,48730.77,16763.59,50290.76,56,0.5646,0.9099,0,0.9398,0.0,0.1339,0.0,0.4036,0.3371,0.2747,True,0,SYNTHETIC_SHOWCASE_ONLY
9003159,1996-05-04,gig_worker,92456.88,36,32474.42,10231.24,30693.73,119,0.6513,0.9062,0,0.6115,0.0,0.2204,0.0,0.0834,0.3601,0.2191,True,0,SYNTHETIC_SHOWCASE_ONLY
9003160,1997-05-13,informal_worker,51580.11,9,22421.44,5148.45,15445.35,106,0.3546,0.9468,0,0.4105,0.0,0.38,0.0,0.1328,0.4718,0.7105,True,1,SYNTHETIC_SHOWCASE_ONLY
9003161,1993-08-05,small_merchant,44920.96,36,23934.35,9791.67,29375.02,190,0.6498,0.856,0,0.904,69746.38,0.963,24771.02,0.6857,0.7046,0.3371,True,0,SYNTHETIC_SHOWCASE_ONLY
9003162,1997-06-13,gig_worker,9284.81,24,14838.05,4299.08,12897.25,30,0.8889,0.8362,0,0.8304,0.0,0.3055,0.0,0.6654,0.8628,0.0588,True,0,SYNTHETIC_SHOWCASE_ONLY
9003163,1993-10-20,small_merchant,271077.07,9,62152.26,25636.78,76910.34,142,0.642,0.8895,0,0.6612,222302.67,0.6819,90600.83,0.436,0.657,0.3364,True,1,SYNTHETIC_SHOWCASE_ONLY
9003164,1994-07-28,gig_worker,57913.92,9,21594.55,8214.19,24642.57,203,0.6706,0.9218,0,0.8109,0.0,0.1194,0.0,0.1729,0.644,0.2163,True,0,SYNTHETIC_SHOWCASE_ONLY
9003165,1993-08-23,gig_worker,167836.82,24,44548.39,16576.48,49729.44,27,0.6249,0.715,1,0.842,0.0,0.218,0.0,0.3643,0.6202,0.3192,True,0,SYNTHETIC_SHOWCASE_ONLY
9003166,1995-01-04,informal_worker,154057.57,6,31974.83,12119.48,36358.45,101,0.9541,0.9662,0,0.3113,0.0,0.3142,0.0,0.2804,0.7489,0.0158,True,1,SYNTHETIC_SHOWCASE_ONLY
9003167,1996-09-29,gig_worker,19840.41,12,32394.73,8172.23,24516.7,140,0.8135,0.7232,1,0.9459,0.0,0.3963,0.0,0.2498,0.5965,0.0488,True,0,SYNTHETIC_SHOWCASE_ONLY
9003168,1994-05-05,first_time_borrower,94485.27,24,26465.17,5483.39,16450.18,126,0.6201,0.8248,2,0.9363,0.0,0.1059,0.0,0.6013,0.8561,0.3862,True,0,SYNTHETIC_SHOWCASE_ONLY
9003169,1997-02-10,informal_worker,21524.48,36,19183.7,5588.67,16766.02,183,0.8535,0.7032,1,0.7779,0.0,0.3545,0.0,0.1727,0.6811,0.1515,True,0,SYNTHETIC_SHOWCASE_ONLY
9003170,1996-01-13,first_time_borrower,45997.6,24,17589.59,3899.32,11697.95,160,0.8807,0.863,1,0.669,0.0,0.3169,0.0,0.2793,0.527,0.1171,True,0,SYNTHETIC_SHOWCASE_ONLY
9003171,1996-02-23,informal_worker,277681.43,24,64191.31,21353.76,64061.27,117,0.6212,0.8366,0,0.8072,0.0,0.1064,0.0,0.4232,0.3739,0.4593,True,0,SYNTHETIC_SHOWCASE_ONLY
9003172,1997-09-11,first_time_borrower,27048.12,18,29574.3,10104.01,30312.02,32,0.7615,0.9617,0,0.8002,0.0,0.346,0.0,0.373,0.716,0.261,True,0,SYNTHETIC_SHOWCASE_ONLY
9003173,1995-02-28,small_merchant,238075.72,24,48054.37,10441.3,31323.89,184,0.8225,0.7174,1,0.8262,186166.55,0.743,41054.16,0.7494,0.8335,0.2537,True,1,SYNTHETIC_SHOWCASE_ONLY
9003174,1994-09-22,small_merchant,171771.16,12,54432.41,19356.4,58069.21,159,0.6762,0.861,0,0.5742,99785.42,0.8349,50827.0,0.6331,0.5061,0.3394,True,0,SYNTHETIC_SHOWCASE_ONLY
9003175,1997-12-22,small_merchant,53746.66,24,22988.59,4997.34,14992.03,14,0.8008,0.6523,2,0.8604,45661.63,0.7364,11527.02,0.6132,0.7349,0.2245,True,1,SYNTHETIC_SHOWCASE_ONLY
9003176,1995-10-15,first_time_borrower,23532.53,18,34311.73,9575.47,28726.42,184,0.5661,0.8987,0,0.744,0.0,0.0886,0.0,0.285,0.5376,0.3821,True,0,SYNTHETIC_SHOWCASE_ONLY
9003177,1996-01-28,gig_worker,91042.5,18,28611.53,5547.99,16643.96,224,0.7634,0.7703,0,0.9117,0.0,0.6281,0.0,0.4573,0.8511,0.2592,True,0,SYNTHETIC_SHOWCASE_ONLY
9003178,1994-06-26,small_merchant,44625.24,36,16066.59,3367.8,10103.39,127,0.8356,0.9098,1,0.744,30881.48,0.7863,14248.83,0.478,0.3137,0.1889,True,0,SYNTHETIC_SHOWCASE_ONLY
9003179,1994-01-29,informal_worker,39636.36,12,25614.9,5527.44,16582.31,207,0.6332,0.4234,4,0.7476,0.0,0.3075,0.0,0.2833,0.3732,0.4376,True,1,SYNTHETIC_SHOWCASE_ONLY
9003180,1993-11-07,small_merchant,102381.11,18,37121.92,8953.36,26860.08,212,0.4632,0.9189,0,0.9528,62345.2,0.7652,9131.17,0.4998,0.7032,0.6275,True,0,SYNTHETIC_SHOWCASE_ONLY
9003181,1994-02-13,first_time_borrower,14461.53,18,22035.85,9114.79,27344.36,191,0.8341,0.5734,3,0.6031,0.0,0.5046,0.0,0.4452,0.6362,0.1832,True,1,SYNTHETIC_SHOWCASE_ONLY
9003182,1993-12-23,small_merchant,119732.24,12,23957.46,8005.76,24017.27,136,0.4462,0.6895,2,0.9661,91364.81,0.7924,22381.74,0.7142,0.7603,0.6405,True,1,SYNTHETIC_SHOWCASE_ONLY
9003183,1996-09-25,gig_worker,53107.97,12,25764.26,8838.39,26515.16,44,0.6391,0.9218,0,0.9326,0.0,0.176,0.0,0.2718,0.7682,0.236,True,0,SYNTHETIC_SHOWCASE_ONLY
9003184,1993-04-16,informal_worker,209303.49,36,77149.0,18637.5,55912.49,45,0.874,0.8653,0,0.7833,0.0,0.4057,0.0,0.0945,0.743,0.0801,True,0,SYNTHETIC_SHOWCASE_ONLY
9003185,1996-02-24,small_merchant,47055.34,12,11609.93,2620.43,7861.29,137,0.5343,0.647,2,0.96,18119.96,0.682,16964.15,0.7435,0.5885,0.3185,True,1,SYNTHETIC_SHOWCASE_ONLY
9003186,1997-09-30,gig_worker,133095.77,18,35623.06,13464.12,40392.35,105,0.4021,0.9595,0,0.8412,0.0,0.5943,0.0,0.3375,0.7795,0.4982,True,1,SYNTHETIC_SHOWCASE_ONLY
9003187,1996-10-29,gig_worker,111812.51,18,24794.0,6532.13,19596.39,50,0.8367,0.6867,1,0.8778,0.0,0.2272,0.0,0.6908,0.8411,0.2012,True,1,SYNTHETIC_SHOWCASE_ONLY
9003188,1995-01-06,gig_worker,97623.08,24,20587.62,8474.41,25423.24,168,0.5931,0.7173,1,0.5168,0.0,0.066,0.0,0.1733,0.6953,0.3553,True,1,SYNTHETIC_SHOWCASE_ONLY
9003189,1993-04-19,informal_worker,35098.67,24,24503.7,6610.22,19830.67,180,0.7021,0.9677,0,0.951,0.0,0.3159,0.0,0.3709,0.8246,0.3179,True,0,SYNTHETIC_SHOWCASE_ONLY
9003190,1997-03-04,first_time_borrower,89402.26,9,38572.71,7995.73,23987.2,270,0.9395,0.7444,0,0.5677,0.0,0.3882,0.0,0.4657,0.6228,0.1373,True,0,SYNTHETIC_SHOWCASE_ONLY
9003191,1993-01-06,small_merchant,143595.56,12,39645.44,16339.49,49018.47,36,0.4949,0.6687,0,0.5249,155626.21,0.7493,25191.08,0.6532,0.7958,0.4578,True,1,SYNTHETIC_SHOWCASE_ONLY
9003192,1996-05-29,gig_worker,24434.1,24,30615.08,12134.57,36403.72,56,0.6236,0.9715,0,0.6645,0.0,0.3048,0.0,0.3327,0.8164,0.3931,True,0,SYNTHETIC_SHOWCASE_ONLY
9003193,1996-05-10,small_merchant,177627.88,9,47309.94,11932.17,35796.52,69,0.8116,0.6337,2,0.8597,60510.34,0.6607,8654.6,0.7528,0.887,0.242,True,1,SYNTHETIC_SHOWCASE_ONLY
9003194,1993-12-17,first_time_borrower,31995.79,18,51482.62,10211.04,30633.12,32,0.4595,0.7344,1,0.83,0.0,0.4435,0.0,0.193,0.7421,0.5613,True,0,SYNTHETIC_SHOWCASE_ONLY
9003195,1996-09-13,informal_worker,191500.45,12,41432.47,12902.88,38708.64,55,0.6067,0.7086,0,0.6712,0.0,0.5807,0.0,0.1925,0.3331,0.3923,True,0,SYNTHETIC_SHOWCASE_ONLY
9003196,1993-11-17,gig_worker,80998.98,6,21542.59,8240.07,24720.21,151,0.866,0.9125,0,0.9796,0.0,0.1383,0.0,0.2927,0.379,0.0094,True,1,SYNTHETIC_SHOWCASE_ONLY
9003197,1994-02-17,gig_worker,109631.38,36,35500.13,13258.2,39774.59,18,0.626,0.8911,0,0.7319,0.0,0.0873,0.0,0.2815,0.6259,0.3761,True,0,SYNTHETIC_SHOWCASE_ONLY
9003198,1997-01-22,first_time_borrower,88496.59,36,35581.32,8785.41,26356.22,44,0.828,0.9455,0,0.8707,0.0,0.6548,0.0,0.3433,0.7602,0.1939,True,0,SYNTHETIC_SHOWCASE_ONLY
9003199,1997-11-23,first_time_borrower,93648.2,24,18929.12,5211.65,15634.94,80,0.768,0.9938,0,0.8875,0.0,0.1969,0.0,0.0999,0.6219,0.2024,True,0,SYNTHETIC_SHOWCASE_ONLY
9003200,1994-04-29,gig_worker,50628.56,12,13182.28,2914.33,8742.98,244,0.8663,0.8722,0,0.777,0.0,0.0942,0.0,0.2375,0.7532,0.09,True,0,SYNTHETIC_SHOWCASE_ONLY
9003201,1997-08-10,first_time_borrower,44030.55,36,10604.43,4196.96,12590.88,105,0.8387,0.8007,1,0.8635,0.0,0.2522,0.0,0.0233,0.6316,0.0529,True,0,SYNTHETIC_SHOWCASE_ONLY
9003202,1997-07-26,gig_worker,122527.75,18,28954.78,5775.59,17326.76,21,0.5447,0.7103,4,0.8859,0.0,0.0271,0.0,0.2753,0.8342,0.4265,True,1,SYNTHETIC_SHOWCASE_ONLY
9003203,1996-11-05,gig_worker,22493.28,36,32306.34,11722.15,35166.45,129,0.7426,0.9451,0,0.647,0.0,0.3184,0.0,0.0749,0.7104,0.3029,True,0,SYNTHETIC_SHOWCASE_ONLY
9003204,1993-09-13,informal_worker,13347.42,6,15878.24,4536.39,13609.16,85,0.7679,0.9716,0,0.8046,0.0,0.0906,0.0,0.2174,0.6643,0.2303,True,0,SYNTHETIC_SHOWCASE_ONLY
9003205,1994-07-01,small_merchant,68133.53,9,46261.03,10729.77,32189.31,182,0.4154,0.9875,0,0.8784,124891.41,0.7872,42170.58,0.4784,0.7063,0.6318,True,1,SYNTHETIC_SHOWCASE_ONLY
9003206,1996-05-22,small_merchant,104915.05,18,30122.4,6558.94,19676.81,209,0.6781,0.8951,0,0.8427,100242.16,0.9581,30425.94,0.3661,0.7679,0.4673,True,0,SYNTHETIC_SHOWCASE_ONLY
9003207,1997-12-30,first_time_borrower,179024.2,36,53513.92,21035.21,63105.62,30,0.489,0.8468,2,0.6277,0.0,0.037,0.0,0.4166,0.8381,0.5209,True,1,SYNTHETIC_SHOWCASE_ONLY
9003208,1997-01-27,first_time_borrower,67928.25,9,33450.33,6816.58,20449.73,132,0.8395,0.8895,0,0.7824,0.0,0.2593,0.0,0.3392,0.8542,0.2609,True,0,SYNTHETIC_SHOWCASE_ONLY
9003209,1995-02-07,gig_worker,81920.92,12,16782.97,5129.37,15388.1,128,0.8826,0.7303,1,0.8313,0.0,0.1672,0.0,0.1649,0.6666,0.1415,True,1,SYNTHETIC_SHOWCASE_ONLY
9003210,1994-03-06,informal_worker,35226.63,18,34889.28,9889.32,29667.97,140,0.759,0.786,0,0.8261,0.0,0.1342,0.0,0.0559,0.3394,0.245,True,0,SYNTHETIC_SHOWCASE_ONLY
9003211,1997-10-20,informal_worker,155172.05,36,38623.37,7160.67,21482.0,145,0.7633,0.955,0,0.9146,0.0,0.1925,0.0,0.1948,0.9372,0.2374,True,0,SYNTHETIC_SHOWCASE_ONLY
9003212,1994-05-20,small_merchant,58466.48,24,21527.8,4835.21,14505.63,279,0.4278,0.5039,0,0.7332,81728.96,0.6831,5446.68,0.5719,0.7936,0.3965,True,1,SYNTHETIC_SHOWCASE_ONLY
9003213,1994-09-17,first_time_borrower,34232.44,36,14013.2,3858.62,11575.86,152,0.6011,0.6896,1,0.9512,0.0,0.2243,0.0,0.1768,0.6374,0.3506,True,0,SYNTHETIC_SHOWCASE_ONLY
9003214,1997-10-28,informal_worker,20933.52,18,29380.95,8062.67,24188.02,125,0.9284,0.9073,0,0.5023,0.0,0.4126,0.0,0.1013,0.8248,0.0666,True,0,SYNTHETIC_SHOWCASE_ONLY
9003215,1995-10-23,gig_worker,65852.02,24,17318.91,5793.43,17380.3,150,0.7065,0.709,2,0.7754,0.0,0.2466,0.0,0.2079,0.7798,0.2925,True,1,SYNTHETIC_SHOWCASE_ONLY
9003216,1994-04-29,gig_worker,191570.75,18,47953.44,18455.97,55367.92,240,0.4961,0.7581,1,0.9039,0.0,0.2439,0.0,0.8242,0.6069,0.3965,True,1,SYNTHETIC_SHOWCASE_ONLY
9003217,1993-01-10,first_time_borrower,46136.85,9,23029.12,8752.33,26257.0,142,0.8096,0.8572,0,0.7647,0.0,0.0728,0.0,0.1262,0.7073,0.155,True,0,SYNTHETIC_SHOWCASE_ONLY
9003218,1995-02-25,first_time_borrower,184184.75,24,64072.36,17602.76,52808.29,186,0.4631,0.8191,1,0.7398,0.0,0.4284,0.0,0.3661,0.6379,0.6127,True,1,SYNTHETIC_SHOWCASE_ONLY
9003219,1997-12-06,gig_worker,33012.7,18,10100.74,3963.4,11890.21,76,0.8165,0.8237,0,0.5788,0.0,0.0522,0.0,0.0319,0.793,0.2489,True,0,SYNTHETIC_SHOWCASE_ONLY
9003220,1995-03-01,gig_worker,66244.31,18,29871.55,12220.72,36662.17,266,0.8756,0.8268,0,0.8379,0.0,0.266,0.0,0.3179,0.7018,0.1627,True,0,SYNTHETIC_SHOWCASE_ONLY
9003221,1996-07-01,informal_worker,183979.86,12,55607.22,23123.08,69369.23,212,0.8879,0.7854,1,0.9615,0.0,0.5199,0.0,0.0692,0.6264,0.2889,True,1,SYNTHETIC_SHOWCASE_ONLY
9003222,1994-04-08,gig_worker,45842.18,24,18262.66,5967.31,17901.92,65,0.6252,0.8471,0,0.7359,0.0,0.409,0.0,0.2822,0.6388,0.4472,True,0,SYNTHETIC_SHOWCASE_ONLY
9003223,1996-11-17,gig_worker,115783.6,24,25940.05,9373.62,28120.87,49,0.7431,0.8375,0,0.8672,0.0,0.2028,0.0,0.5329,0.6182,0.3473,True,0,SYNTHETIC_SHOWCASE_ONLY
9003224,1996-11-17,first_time_borrower,86795.44,12,23074.94,4973.47,14920.4,164,0.8682,0.8237,0,0.7816,0.0,0.1521,0.0,0.2265,0.4418,0.1798,True,0,SYNTHETIC_SHOWCASE_ONLY
9003225,1996-01-16,informal_worker,21904.26,36,20165.96,6222.16,18666.48,107,0.8135,0.9161,0,0.6174,0.0,0.2548,0.0,0.1883,0.2244,0.2788,True,0,SYNTHETIC_SHOWCASE_ONLY
9003226,1996-11-10,first_time_borrower,129677.77,12,31488.53,6397.64,19192.91,57,0.9038,0.8252,0,0.8176,0.0,0.5833,0.0,0.1913,0.7102,0.1215,True,0,SYNTHETIC_SHOWCASE_ONLY
9003227,1995-11-23,informal_worker,31349.02,9,15035.32,3314.26,9942.77,23,0.9468,0.8112,0,0.7889,0.0,0.1804,0.0,0.105,0.7854,0.1414,True,0,SYNTHETIC_SHOWCASE_ONLY
9003228,1994-11-22,small_merchant,125211.8,9,26547.6,8857.51,26572.52,64,0.6526,0.8223,0,0.7461,90753.73,0.8916,29087.47,0.6904,0.5438,0.2527,True,1,SYNTHETIC_SHOWCASE_ONLY
9003229,1996-09-09,first_time_borrower,116748.6,18,35869.3,10089.17,30267.52,217,0.5484,0.994,0,0.6917,0.0,0.2324,0.0,0.1211,0.5845,0.5024,True,0,SYNTHETIC_SHOWCASE_ONLY
9003230,1997-03-05,gig_worker,18216.34,6,25253.37,5854.42,17563.25,78,0.7173,0.9582,0,0.9619,0.0,0.0188,0.0,0.5531,0.6002,0.3195,True,0,SYNTHETIC_SHOWCASE_ONLY
9003231,1997-03-16,gig_worker,66372.55,24,17324.24,5097.59,15292.76,28,0.7842,0.866,1,0.9282,0.0,0.4822,0.0,0.2574,0.7424,0.2183,True,0,SYNTHETIC_SHOWCASE_ONLY
9003232,1994-01-25,first_time_borrower,53955.43,24,45910.48,16969.93,50909.8,275,0.6935,0.9256,0,0.8675,0.0,0.2963,0.0,0.2553,0.55,0.4332,True,0,SYNTHETIC_SHOWCASE_ONLY
9003233,1996-05-20,informal_worker,177305.01,18,39754.69,15487.97,46463.9,44,0.6693,0.805,0,0.9549,0.0,0.2881,0.0,0.0667,0.7582,0.3854,True,1,SYNTHETIC_SHOWCASE_ONLY
9003234,1993-01-08,first_time_borrower,81071.95,24,16986.77,6836.78,20510.34,267,0.8332,0.869,2,0.6255,0.0,0.2464,0.0,0.0774,0.4667,0.164,True,0,SYNTHETIC_SHOWCASE_ONLY
9003235,1995-11-11,gig_worker,55050.84,36,15044.81,4200.86,12602.59,92,0.8931,0.2913,1,0.8134,0.0,0.2026,0.0,0.0089,0.8269,0.1134,True,0,SYNTHETIC_SHOWCASE_ONLY
9003236,1995-11-09,first_time_borrower,52209.65,12,17730.4,3309.19,9927.57,251,0.8454,0.5917,2,0.6165,0.0,0.3211,0.0,0.6508,0.8599,0.1253,True,1,SYNTHETIC_SHOWCASE_ONLY
9003237,1994-10-26,informal_worker,118191.56,9,36376.96,9365.9,28097.71,38,0.8695,0.4797,2,0.6319,0.0,0.243,0.0,0.1349,0.88,0.0497,True,1,SYNTHETIC_SHOWCASE_ONLY
9003238,1997-12-21,informal_worker,79482.88,12,31959.82,11577.26,34731.78,119,0.7978,0.8594,0,0.6388,0.0,0.1247,0.0,0.2835,0.6487,0.1396,True,0,SYNTHETIC_SHOWCASE_ONLY
9003239,1997-06-01,first_time_borrower,39593.99,18,40912.85,11515.43,34546.3,197,0.4463,0.9742,1,0.9554,0.0,0.0931,0.0,0.3053,0.4712,0.4113,True,1,SYNTHETIC_SHOWCASE_ONLY
9003240,1993-03-12,small_merchant,112216.07,12,23942.43,8286.28,24858.85,231,0.5967,0.8627,0,0.6434,53461.22,0.9869,4913.6,0.4852,0.4645,0.3518,True,0,SYNTHETIC_SHOWCASE_ONLY
9003241,1994-01-17,informal_worker,36796.44,24,17963.32,6247.01,18741.03,59,0.3146,0.9849,0,0.5281,0.0,0.1018,0.0,0.494,0.6234,0.7232,True,1,SYNTHETIC_SHOWCASE_ONLY
9003242,1994-01-15,informal_worker,86021.19,18,43521.32,8909.36,26728.07,14,0.694,0.9857,0,0.8634,0.0,0.2048,0.0,0.2339,0.3397,0.3342,True,0,SYNTHETIC_SHOWCASE_ONLY
9003243,1997-06-27,informal_worker,30952.74,18,21467.69,6325.95,18977.86,207,0.7706,0.6241,4,0.5947,0.0,0.2325,0.0,0.4792,0.463,0.2238,True,0,SYNTHETIC_SHOWCASE_ONLY
9003244,1995-08-06,first_time_borrower,152091.5,9,30622.88,8472.74,25418.22,169,0.4408,0.9081,2,0.4854,0.0,0.5111,0.0,0.23,0.7682,0.4674,True,1,SYNTHETIC_SHOWCASE_ONLY
9003245,1996-08-23,informal_worker,63168.97,12,13306.34,3646.23,10938.68,163,0.4491,0.9331,0,0.7627,0.0,0.225,0.0,0.366,0.8281,0.677,True,1,SYNTHETIC_SHOWCASE_ONLY
9003246,1997-01-18,gig_worker,45528.28,12,21299.75,8169.1,24507.29,121,0.857,0.7004,1,0.7817,0.0,0.1553,0.0,0.1713,0.9101,0.0,True,0,SYNTHETIC_SHOWCASE_ONLY
9003247,1996-11-02,gig_worker,79273.96,24,45454.63,15336.44,46009.32,217,0.7588,0.7768,1,0.9124,0.0,0.3086,0.0,0.3698,0.7982,0.2537,True,0,SYNTHETIC_SHOWCASE_ONLY
9003248,1993-06-12,first_time_borrower,82266.5,24,19853.75,6922.9,20768.69,267,0.6072,0.8837,0,0.6847,0.0,0.5579,0.0,0.3037,0.4728,0.6006,True,0,SYNTHETIC_SHOWCASE_ONLY
9003249,1993-09-14,first_time_borrower,101810.99,18,41395.26,10785.87,32357.61,233,0.9411,0.4898,5,0.8613,0.0,0.1754,0.0,0.1154,0.6154,0.1143,True,1,SYNTHETIC_SHOWCASE_ONLY
9003250,1994-12-23,first_time_borrower,44433.64,18,9145.99,2317.04,6951.12,92,0.6829,0.8915,0,0.8513,0.0,0.0798,0.0,0.2847,0.8564,0.2646,True,1,SYNTHETIC_SHOWCASE_ONLY
9003251,1994-09-10,gig_worker,97728.43,18,21406.54,4739.55,14218.65,91,0.5896,0.8128,1,0.7636,0.0,0.2272,0.0,0.1413,0.7615,0.4535,True,1,SYNTHETIC_SHOWCASE_ONLY
9003252,1996-09-26,small_merchant,101650.19,6,25789.16,4819.65,14458.94,250,0.6499,0.799,0,0.9691,114425.42,0.5206,29130.76,0.6102,0.7332,0.3777,True,1,SYNTHETIC_SHOWCASE_ONLY
9003253,1993-10-13,informal_worker,64346.42,12,64626.46,24866.94,74600.82,124,0.2898,0.7079,1,0.6766,0.0,0.073,0.0,0.3268,0.5683,0.7255,True,1,SYNTHETIC_SHOWCASE_ONLY
9003254,1994-11-10,informal_worker,58939.29,9,15975.47,3621.08,10863.25,274,0.4362,0.8682,0,0.9101,0.0,0.0506,0.0,0.5163,0.5436,0.7271,True,1,SYNTHETIC_SHOWCASE_ONLY
9003255,1994-03-08,gig_worker,191031.76,6,38639.74,10181.11,30543.33,99,0.9859,0.9064,0,0.4493,0.0,0.231,0.0,0.1149,0.8162,0.0766,True,1,SYNTHETIC_SHOWCASE_ONLY
9003256,1993-12-11,informal_worker,104283.94,12,46503.69,12170.56,36511.67,272,0.795,0.8802,0,0.8107,0.0,0.2317,0.0,0.5829,0.8201,0.2225,True,0,SYNTHETIC_SHOWCASE_ONLY
9003257,1993-11-12,gig_worker,88700.7,24,19804.11,4708.45,14125.36,65,0.9527,0.6906,2,0.8609,0.0,0.3345,0.0,0.0407,0.5683,0.094,True,1,SYNTHETIC_SHOWCASE_ONLY
9003258,1993-12-23,small_merchant,56072.21,9,23404.14,8149.61,24448.84,268,0.9354,0.5602,1,0.6079,51142.64,0.8471,20012.24,0.603,0.5449,0.059,True,1,SYNTHETIC_SHOWCASE_ONLY
9003259,1995-10-28,gig_worker,146067.01,9,29969.68,11119.0,33357.01,176,0.9611,0.9159,0,0.5914,0.0,0.1528,0.0,0.1489,0.3661,0.0,True,0,SYNTHETIC_SHOWCASE_ONLY
9003260,1995-01-19,gig_worker,47794.81,9,13750.73,3236.55,9709.66,222,0.9798,0.83,0,0.9239,0.0,0.5616,0.0,0.1675,0.6322,0.0,True,0,SYNTHETIC_SHOWCASE_ONLY
9003261,1995-03-06,gig_worker,23059.07,12,22505.39,6219.67,18659.0,17,0.7759,0.869,0,0.8554,0.0,0.261,0.0,0.2394,0.4481,0.282,True,0,SYNTHETIC_SHOWCASE_ONLY
9003262,1995-05-26,first_time_borrower,139892.64,12,51662.82,10664.86,31994.59,70,0.6459,0.9192,0,0.812,0.0,0.4472,0.0,0.513,0.5115,0.3847,True,0,SYNTHETIC_SHOWCASE_ONLY
9003263,1996-09-15,informal_worker,29464.06,6,35984.16,9479.65,28438.96,89,0.585,0.3531,2,0.9259,0.0,0.3487,0.0,0.3242,0.5541,0.369,True,1,SYNTHETIC_SHOWCASE_ONLY
9003264,1997-04-23,first_time_borrower,60727.84,12,25970.57,9081.63,27244.89,168,0.8802,0.7852,1,0.5597,0.0,0.1369,0.0,0.0723,0.6341,0.2055,True,0,SYNTHETIC_SHOWCASE_ONLY
9003265,1995-08-20,small_merchant,136801.96,36,29561.69,8970.35,26911.06,189,0.8554,0.7282,3,0.8389,64452.41,0.9797,33381.61,0.7119,0.7994,0.1484,True,0,SYNTHETIC_SHOWCASE_ONLY
9003266,1996-03-18,small_merchant,60009.79,12,37004.48,14924.84,44774.53,163,0.5051,0.7816,1,0.7175,110929.36,0.7355,50608.65,0.4686,0.8073,0.5676,True,1,SYNTHETIC_SHOWCASE_ONLY
9003267,1996-09-10,small_merchant,194012.86,12,40567.26,15771.51,47314.52,148,0.639,0.7967,0,0.6532,96134.23,0.9671,36506.65,0.5952,0.9806,0.3233,True,1,SYNTHETIC_SHOWCASE_ONLY
9003268,1996-06-14,informal_worker,22287.38,18,21437.16,4534.88,13604.65,256,0.7542,0.8704,0,0.2601,0.0,0.3192,0.0,0.115,0.6469,0.2517,True,0,SYNTHETIC_SHOWCASE_ONLY
9003269,1993-09-03,small_merchant,206190.28,12,58490.86,17629.61,52888.83,95,0.8564,0.9341,0,0.6808,119324.08,0.9608,49183.12,0.4067,0.4726,0.1382,True,0,SYNTHETIC_SHOWCASE_ONLY
9003270,1997-11-30,informal_worker,255399.13,18,52670.3,14920.91,44762.72,83,0.7478,0.6325,3,0.4841,0.0,0.2196,0.0,0.4785,0.7542,0.2435,True,1,SYNTHETIC_SHOWCASE_ONLY
9003271,1993-10-28,informal_worker,134804.4,12,38756.1,12593.67,37781.01,171,0.8267,0.8561,1,0.9095,0.0,0.3733,0.0,0.5449,0.8905,0.1398,True,0,SYNTHETIC_SHOWCASE_ONLY
9003272,1995-01-23,first_time_borrower,85110.03,24,18682.43,6779.08,20337.24,22,0.9722,0.7495,0,0.6664,0.0,0.2829,0.0,0.2596,0.4891,0.0595,True,0,SYNTHETIC_SHOWCASE_ONLY
9003273,1996-04-06,gig_worker,85115.61,36,17158.56,5684.34,17053.02,114,0.789,0.4424,1,0.9295,0.0,0.1351,0.0,0.1298,0.6355,0.2141,True,0,SYNTHETIC_SHOWCASE_ONLY
9003274,1995-01-07,small_merchant,81963.71,24,23937.22,6936.41,20809.22,162,0.6125,0.9425,0,0.5638,91200.54,0.7599,19116.61,0.5024,0.744,0.3783,True,0,SYNTHETIC_SHOWCASE_ONLY
9003275,1994-03-20,gig_worker,116524.52,12,28828.71,5946.44,17839.32,220,0.6157,0.848,0,0.7442,0.0,0.3505,0.0,0.4928,0.5217,0.2304,True,0,SYNTHETIC_SHOWCASE_ONLY
9003276,1997-08-14,gig_worker,8874.8,12,11981.08,4506.3,13518.89,96,0.888,0.8772,1,0.6762,0.0,0.1152,0.0,0.0478,0.7146,0.1414,True,0,SYNTHETIC_SHOWCASE_ONLY
9003277,1993-05-11,informal_worker,88056.85,12,35504.42,12268.17,36804.5,51,0.82,0.8313,0,0.9235,0.0,0.2525,0.0,0.122,0.4675,0.185,True,0,SYNTHETIC_SHOWCASE_ONLY
9003278,1994-03-25,small_merchant,97052.44,24,51945.05,20799.53,62398.6,204,0.9201,0.9506,1,0.8951,230055.08,0.6226,35214.37,0.5714,0.6645,0.0277,True,0,SYNTHETIC_SHOWCASE_ONLY
9003279,1997-12-19,informal_worker,156064.02,6,36925.86,11059.26,33177.77,82,0.8543,0.5293,2,0.455,0.0,0.0289,0.0,0.1346,0.8307,0.1228,True,1,SYNTHETIC_SHOWCASE_ONLY
9003280,1996-08-25,gig_worker,72489.17,18,20240.78,6010.2,18030.59,43,0.9142,0.5409,3,0.8758,0.0,0.3428,0.0,0.0997,0.8528,0.0,True,0,SYNTHETIC_SHOWCASE_ONLY
9003281,1993-06-08,first_time_borrower,63171.29,12,19122.98,3857.5,11572.49,143,0.6225,0.8351,2,0.9621,0.0,0.1467,0.0,0.1147,0.7953,0.3745,True,1,SYNTHETIC_SHOWCASE_ONLY
9003282,1996-10-09,first_time_borrower,151935.06,18,32334.46,10478.14,31434.43,177,0.7301,0.9428,0,0.7992,0.0,0.5547,0.0,0.2018,0.6221,0.2677,True,0,SYNTHETIC_SHOWCASE_ONLY
9003283,1997-11-06,small_merchant,25779.94,12,26013.58,9220.21,27660.62,160,0.861,0.8375,0,0.4917,66901.22,0.649,34773.32,0.6736,0.9614,0.076,True,0,SYNTHETIC_SHOWCASE_ONLY
9003284,1993-06-28,first_time_borrower,166140.61,12,34634.98,7776.74,23330.22,209,0.8874,0.8135,0,0.8091,0.0,0.427,0.0,0.3654,0.7258,0.0415,True,1,SYNTHETIC_SHOWCASE_ONLY
9003285,1995-01-27,gig_worker,38996.88,18,37376.07,12656.2,37968.61,218,0.9437,0.7795,0,0.8283,0.0,0.1404,0.0,0.068,0.5428,0.0199,True,0,SYNTHETIC_SHOWCASE_ONLY
9003286,1995-05-05,informal_worker,100581.34,18,47290.62,9635.96,28907.87,75,0.8205,0.9453,0,0.7767,0.0,0.2128,0.0,0.1083,0.6378,0.3029,True,0,SYNTHETIC_SHOWCASE_ONLY
9003287,1993-08-28,first_time_borrower,54852.53,12,16261.25,5438.47,16315.42,58,0.464,0.8473,0,0.9648,0.0,0.4703,0.0,0.3493,0.7414,0.5425,True,1,SYNTHETIC_SHOWCASE_ONLY
9003288,1994-01-02,informal_worker,65477.49,6,31142.75,8124.5,24373.49,31,0.6744,0.9278,0,0.5672,0.0,0.4897,0.0,0.2038,0.5903,0.3014,True,0,SYNTHETIC_SHOWCASE_ONLY
9003289,1993-11-14,informal_worker,84736.6,24,23517.3,7499.49,22498.48,129,0.8957,0.7615,0,0.8369,0.0,0.3132,0.0,0.2059,0.5267,0.0114,True,0,SYNTHETIC_SHOWCASE_ONLY
9003290,1993-12-05,small_merchant,107137.19,18,26705.24,5294.77,15884.32,133,0.5969,0.7183,2,0.843,48745.31,0.9251,18115.21,0.6879,0.919,0.3107,True,1,SYNTHETIC_SHOWCASE_ONLY
9003291,1995-01-07,informal_worker,180001.08,18,42398.83,8905.35,26716.04,66,0.6683,0.6552,1,0.7333,0.0,0.1512,0.0,0.2306,0.4816,0.294,True,1,SYNTHETIC_SHOWCASE_ONLY
9003292,1995-04-27,informal_worker,62051.82,18,44670.12,14144.81,42434.44,256,0.551,0.9116,0,0.8024,0.0,0.1252,0.0,0.1749,0.7903,0.4308,True,0,SYNTHETIC_SHOWCASE_ONLY
9003293,1994-03-11,gig_worker,76764.47,18,54787.25,10742.94,32228.81,182,0.9066,0.5918,1,0.8133,0.0,0.1518,0.0,0.3147,0.6735,0.0809,True,0,SYNTHETIC_SHOWCASE_ONLY
9003294,1994-06-13,gig_worker,28513.49,18,34346.08,7094.48,21283.44,252,0.8312,0.9579,0,0.6006,0.0,0.113,0.0,0.3844,0.5919,0.0862,True,0,SYNTHETIC_SHOWCASE_ONLY
9003295,1993-12-18,informal_worker,73298.19,6,26559.74,8979.44,26938.33,219,0.8281,0.8604,0,0.7402,0.0,0.6097,0.0,0.3965,0.5234,0.1805,True,1,SYNTHETIC_SHOWCASE_ONLY
9003296,1996-12-24,informal_worker,29887.05,18,24799.48,6623.5,19870.51,64,0.5428,0.8838,0,0.6009,0.0,0.3487,0.0,0.1299,0.6074,0.3044,True,0,SYNTHETIC_SHOWCASE_ONLY
9003297,1994-01-22,small_merchant,24375.59,18,12176.67,3531.85,10595.55,22,0.9211,0.7657,0,0.5548,41204.7,0.6872,8856.13,0.455,0.7959,0.0946,True,0,SYNTHETIC_SHOWCASE_ONLY
9003298,1997-07-16,first_time_borrower,228927.74,9,53264.89,21339.34,64018.02,58,0.959,0.9416,0,0.8752,0.0,0.3631,0.0,0.2038,0.5686,0.0,True,0,SYNTHETIC_SHOWCASE_ONLY
9003299,1995-09-11,informal_worker,114537.08,24,23991.35,7960.78,23882.35,165,0.8223,0.8592,1,0.6433,0.0,0.0243,0.0,0.7632,0.6597,0.1277,True,0,SYNTHETIC_SHOWCASE_ONLY
9003300,1997-01-05,small_merchant,150534.29,12,35695.87,10191.23,30573.68,115,0.8478,0.8068,1,0.9077,137258.19,0.9629,20144.07,0.7863,0.6574,0.1195,True,0,SYNTHETIC_SHOWCASE_ONLY
9003301,1996-03-08,small_merchant,23383.74,6,38788.46,13924.5,41773.5,204,0.6773,0.9234,0,0.7696,171475.96,0.9097,22580.46,0.488,0.8496,0.4431,True,0,SYNTHETIC_SHOWCASE_ONLY
9003302,1994-05-01,informal_worker,47733.41,24,15401.32,6314.76,18944.29,71,0.7514,0.8588,1,0.7165,0.0,0.4179,0.0,0.0879,0.7633,0.1673,True,0,SYNTHETIC_SHOWCASE_ONLY
9003303,1996-01-04,informal_worker,23966.54,24,17975.29,5909.88,17729.63,30,0.6082,0.9614,0,0.488,0.0,0.0772,0.0,0.3098,0.6427,0.4818,True,0,SYNTHETIC_SHOWCASE_ONLY
9003304,1994-05-16,small_merchant,132577.03,12,58837.19,22214.78,66644.34,187,0.7131,0.8365,0,0.7994,235224.13,0.8078,68168.62,0.7324,0.8062,0.3028,True,0,SYNTHETIC_SHOWCASE_ONLY
9003305,1993-08-05,small_merchant,79919.35,24,32188.64,12984.26,38952.78,242,0.7733,0.8755,1,0.8535,126058.3,0.6492,34996.32,0.5428,0.6926,0.2346,True,0,SYNTHETIC_SHOWCASE_ONLY
9003306,1994-04-11,informal_worker,100629.42,6,21189.87,4111.38,12334.13,188,0.5337,0.8921,0,0.9124,0.0,0.1447,0.0,0.2532,0.7575,0.3751,True,1,SYNTHETIC_SHOWCASE_ONLY
9003307,1994-05-19,informal_worker,89293.68,24,26352.36,8612.29,25836.88,260,0.7394,0.8908,1,0.7903,0.0,0.2171,0.0,0.2558,0.6269,0.2649,True,0,SYNTHETIC_SHOWCASE_ONLY
9003308,1993-09-04,first_time_borrower,83839.87,12,47162.46,13486.28,40458.84,46,0.7757,0.9143,0,0.4243,0.0,0.3485,0.0,0.2263,0.6822,0.2313,True,1,SYNTHETIC_SHOWCASE_ONLY
9003309,1993-02-13,gig_worker,150315.92,24,43845.65,16357.37,49072.11,263,0.85,0.8719,0,0.9109,0.0,0.2886,0.0,0.2082,0.7239,0.0771,True,0,SYNTHETIC_SHOWCASE_ONLY
9003310,1997-09-20,informal_worker,66329.95,12,13852.77,5429.1,16287.31,158,0.7918,0.9618,0,0.5436,0.0,0.2393,0.0,0.5192,0.6469,0.1913,True,0,SYNTHETIC_SHOWCASE_ONLY
9003311,1995-07-27,small_merchant,52782.88,12,61354.02,14076.74,42230.23,90,0.5989,0.7665,0,0.5941,271560.83,0.8197,17796.75,0.3802,0.9215,0.3433,True,0,SYNTHETIC_SHOWCASE_ONLY
9003312,1995-01-05,gig_worker,186557.37,24,44520.76,15328.17,45984.5,103,0.7323,0.9423,0,0.6569,0.0,0.2611,0.0,0.573,0.703,0.2574,True,0,SYNTHETIC_SHOWCASE_ONLY
9003313,1997-08-26,informal_worker,40450.27,6,26023.93,8897.81,26693.44,248,0.6175,0.9073,1,0.7825,0.0,0.2688,0.0,0.371,0.5661,0.4418,True,0,SYNTHETIC_SHOWCASE_ONLY
9003314,1994-02-15,informal_worker,20127.44,12,15802.65,5525.14,16575.41,76,0.4985,0.7888,2,0.9312,0.0,0.4327,0.0,0.081,0.6873,0.4195,True,0,SYNTHETIC_SHOWCASE_ONLY
9003315,1995-01-06,small_merchant,211528.0,12,46438.49,10326.24,30978.73,122,0.8513,0.6149,0,0.5706,125567.36,0.7468,28153.29,0.5542,0.5159,0.1496,True,1,SYNTHETIC_SHOWCASE_ONLY
9003316,1997-03-27,informal_worker,21403.1,18,35194.5,9379.02,28137.06,63,0.5316,0.9601,0,0.8608,0.0,0.539,0.0,0.2421,0.7918,0.3915,True,0,SYNTHETIC_SHOWCASE_ONLY
9003317,1996-02-29,small_merchant,53695.53,6,13907.96,4973.89,14921.67,185,0.6864,0.7504,1,0.6148,29524.88,0.7787,15641.37,0.8304,0.8319,0.2639,True,1,SYNTHETIC_SHOWCASE_ONLY
9003318,1994-12-30,gig_worker,24642.67,18,25048.33,9430.54,28291.61,109,0.7577,0.8794,0,0.6633,0.0,0.2752,0.0,0.1259,0.9431,0.1952,True,0,SYNTHETIC_SHOWCASE_ONLY
9003319,1994-04-13,small_merchant,300000.0,12,125557.96,47786.32,143358.97,125,0.5527,0.6771,2,0.9548,236954.36,0.9223,36985.42,0.549,0.6378,0.3486,True,1,SYNTHETIC_SHOWCASE_ONLY
9003320,1993-03-06,small_merchant,94036.4,18,28222.66,6894.28,20682.84,48,0.7604,0.5316,1,0.6955,42028.29,0.5809,18979.51,0.699,0.3979,0.3178,True,1,SYNTHETIC_SHOWCASE_ONLY
9003321,1993-06-05,informal_worker,86211.41,36,19610.37,6899.23,20697.69,112,0.732,0.9196,1,0.8831,0.0,0.3588,0.0,0.4076,0.6783,0.2374,True,1,SYNTHETIC_SHOWCASE_ONLY
9003322,1993-10-23,first_time_borrower,72808.69,12,17255.42,3419.33,10258.0,88,0.597,0.6959,0,0.8021,0.0,0.3446,0.0,0.5738,0.4768,0.4251,True,1,SYNTHETIC_SHOWCASE_ONLY
9003323,1996-12-07,informal_worker,236944.82,18,65549.92,22644.14,67932.43,137,0.7828,0.9109,1,0.8447,0.0,0.4896,0.0,0.1467,0.7963,0.1566,True,0,SYNTHETIC_SHOWCASE_ONLY
9003324,1996-03-13,gig_worker,95664.71,12,42061.34,10368.82,31106.46,180,0.8838,0.8667,0,0.9599,0.0,0.291,0.0,0.3368,0.8189,0.1924,True,0,SYNTHETIC_SHOWCASE_ONLY
9003325,1995-03-03,small_merchant,73302.59,9,55024.32,20418.24,61254.73,118,0.726,0.8179,1,0.6588,172726.85,0.7337,4597.71,0.7348,0.554,0.249,True,0,SYNTHETIC_SHOWCASE_ONLY
9003326,1996-11-30,gig_worker,107149.77,24,31542.42,12009.1,36027.31,40,0.8538,0.8257,2,0.7738,0.0,0.2015,0.0,0.0955,0.7182,0.0894,True,0,SYNTHETIC_SHOWCASE_ONLY
9003327,1993-10-21,informal_worker,142448.43,24,51117.85,13016.35,39049.06,220,0.671,0.8382,1,0.6868,0.0,0.481,0.0,0.7329,0.2455,0.32,True,0,SYNTHETIC_SHOWCASE_ONLY
9003328,1994-01-21,gig_worker,17571.26,24,18634.43,7016.5,21049.51,126,0.9257,0.9399,0,0.8138,0.0,0.3678,0.0,0.2398,0.7276,0.0624,True,0,SYNTHETIC_SHOWCASE_ONLY
9003329,1994-12-19,small_merchant,145444.62,36,30272.76,8058.58,24175.74,134,0.6925,0.6361,1,0.9898,37328.1,0.7939,2696.64,0.4688,0.5133,0.3317,True,1,SYNTHETIC_SHOWCASE_ONLY
9003330,1997-08-03,informal_worker,63740.86,12,32136.43,9311.69,27935.06,261,0.9413,0.9486,0,0.5522,0.0,0.2292,0.0,0.374,0.4516,0.0629,True,0,SYNTHETIC_SHOWCASE_ONLY
9003331,1996-01-27,informal_worker,33133.02,18,54368.18,21843.83,65531.48,220,0.965,0.9007,0,0.6605,0.0,0.2143,0.0,0.544,0.808,0.1108,True,0,SYNTHETIC_SHOWCASE_ONLY
9003332,1997-04-03,gig_worker,149038.02,9,32630.56,12569.95,37709.85,160,0.6664,0.7451,0,0.5778,0.0,0.1034,0.0,0.3082,0.6429,0.2207,True,1,SYNTHETIC_SHOWCASE_ONLY
9003333,1994-03-30,small_merchant,65096.5,36,20737.82,7946.2,23838.6,230,0.9419,0.7444,0,0.9045,28261.15,0.8122,27078.01,0.7959,0.5533,0.0365,True,0,SYNTHETIC_SHOWCASE_ONLY
9003334,1997-03-30,informal_worker,110458.57,18,28874.53,9257.69,27773.07,197,0.5252,0.5514,0,0.9151,0.0,0.4252,0.0,0.3119,0.3893,0.5079,True,0,SYNTHETIC_SHOWCASE_ONLY
9003335,1993-05-13,small_merchant,15925.24,12,12522.49,2981.21,8943.63,76,0.6881,0.6578,2,0.8086,38054.78,0.8657,1900.32,0.5053,0.5927,0.2845,True,1,SYNTHETIC_SHOWCASE_ONLY
9003336,1994-02-20,gig_worker,21875.15,24,9190.22,2933.93,8801.78,184,0.5672,0.9176,0,0.9006,0.0,0.4403,0.0,0.6378,0.6157,0.4173,True,0,SYNTHETIC_SHOWCASE_ONLY
9003337,1995-08-14,first_time_borrower,143483.01,18,41731.17,11629.35,34888.05,161,0.5884,0.9016,0,0.8693,0.0,0.1183,0.0,0.1184,0.8717,0.5597,True,1,SYNTHETIC_SHOWCASE_ONLY
9003338,1993-04-03,small_merchant,39863.04,36,23390.44,7267.39,21802.17,164,0.7039,0.8959,1,0.8401,44781.85,0.7489,12141.7,0.8281,0.881,0.1671,True,0,SYNTHETIC_SHOWCASE_ONLY
9003339,1997-04-17,small_merchant,91051.71,24,24698.05,6578.46,19735.39,236,0.9375,0.5954,1,0.636,79922.64,0.873,20574.97,0.5918,0.4354,0.1557,True,1,SYNTHETIC_SHOWCASE_ONLY
9003340,1997-05-03,gig_worker,67921.54,24,41723.27,16052.95,48158.84,132,0.9207,0.7863,1,0.9256,0.0,0.2323,0.0,0.1595,0.8442,0.0,True,0,SYNTHETIC_SHOWCASE_ONLY
9003341,1995-09-16,small_merchant,83228.24,18,54749.57,12125.12,36375.36,79,0.3806,0.8197,0,0.9636,131469.46,0.7899,17326.35,0.3379,0.6156,0.5405,True,1,SYNTHETIC_SHOWCASE_ONLY
9003342,1994-07-13,small_merchant,23564.49,18,36189.13,14061.24,42183.72,154,0.7194,0.9243,1,0.7599,109403.01,0.7113,36982.65,0.5421,0.8137,0.302,True,0,SYNTHETIC_SHOWCASE_ONLY
9003343,1993-06-30,gig_worker,130015.91,24,70645.86,24446.6,73339.8,139,0.4335,0.9776,0,0.7208,0.0,0.1472,0.0,0.1322,0.6623,0.4545,True,0,SYNTHETIC_SHOWCASE_ONLY
9003344,1996-02-05,small_merchant,60077.88,9,35640.95,9755.66,29266.99,180,0.7611,0.86,2,0.563,61336.97,0.8062,23981.16,0.4661,0.6875,0.1568,True,0,SYNTHETIC_SHOWCASE_ONLY
9003345,1995-09-09,small_merchant,128292.25,6,32371.13,12663.79,37991.37,266,0.5567,0.9339,0,0.6978,71078.55,0.5431,41594.94,0.7977,0.454,0.4561,True,1,SYNTHETIC_SHOWCASE_ONLY
9003346,1996-10-19,first_time_borrower,97627.56,36,31424.6,6794.15,20382.44,135,0.697,0.8146,3,0.9244,0.0,0.1224,0.0,0.1853,0.6043,0.3326,True,1,SYNTHETIC_SHOWCASE_ONLY
9003347,1996-01-06,first_time_borrower,20884.51,36,15107.13,3707.31,11121.94,266,0.764,0.7181,0,0.8962,0.0,0.1754,0.0,0.3087,0.9175,0.1309,True,0,SYNTHETIC_SHOWCASE_ONLY
9003348,1993-08-23,gig_worker,137333.02,36,44304.39,11704.73,35114.19,67,0.7334,0.781,0,0.7957,0.0,0.0942,0.0,0.3157,0.4443,0.409,True,0,SYNTHETIC_SHOWCASE_ONLY
9003349,1993-08-11,gig_worker,13781.7,6,8657.11,3433.66,10300.98,194,0.8462,0.9631,0,0.9127,0.0,0.0915,0.0,0.3521,0.5726,0.0,True,0,SYNTHETIC_SHOWCASE_ONLY
9003350,1996-11-26,informal_worker,52243.51,12,21132.31,8524.57,25573.7,73,0.7457,0.626,0,0.6531,0.0,0.017,0.0,0.2104,0.7653,0.2581,True,0,SYNTHETIC_SHOWCASE_ONLY
9003351,1993-10-18,first_time_borrower,127624.24,36,28309.89,5284.77,15854.31,168,0.7403,0.9766,0,0.8526,0.0,0.3968,0.0,0.1983,0.772,0.2621,True,0,SYNTHETIC_SHOWCASE_ONLY
9003352,1997-09-10,first_time_borrower,72153.37,9,19165.63,6778.39,20335.17,65,0.8353,0.5822,1,0.8683,0.0,0.3015,0.0,0.1921,0.5387,0.2303,True,1,SYNTHETIC_SHOWCASE_ONLY
9003353,1993-07-13,gig_worker,78102.97,12,22541.58,8223.6,24670.79,186,0.8488,0.879,0,0.7755,0.0,0.1353,0.0,0.3414,0.3933,0.3304,True,0,SYNTHETIC_SHOWCASE_ONLY
9003354,1996-08-23,gig_worker,124470.61,12,67701.26,15476.17,46428.5,207,0.7451,0.7912,0,0.9059,0.0,0.2323,0.0,0.5966,0.9378,0.332,True,0,SYNTHETIC_SHOWCASE_ONLY
9003355,1997-11-16,gig_worker,54614.32,24,47566.84,16976.7,50930.11,41,0.4697,0.7652,3,0.8958,0.0,0.348,0.0,0.1564,0.5761,0.5266,True,0,SYNTHETIC_SHOWCASE_ONLY
9003356,1995-03-17,first_time_borrower,78830.92,18,20146.03,5029.47,15088.41,145,0.548,0.6039,2,0.914,0.0,0.0885,0.0,0.0426,0.774,0.4183,True,1,SYNTHETIC_SHOWCASE_ONLY
9003357,1993-04-14,informal_worker,69255.39,12,22349.69,7088.95,21266.84,119,0.7254,0.9108,0,0.7982,0.0,0.2832,0.0,0.2571,0.491,0.3379,True,1,SYNTHETIC_SHOWCASE_ONLY
9003358,1997-05-20,small_merchant,50666.09,18,15168.83,3796.42,11389.27,38,0.8329,0.9101,1,0.6712,63082.72,0.9726,9773.85,0.8092,0.9727,0.1691,True,0,SYNTHETIC_SHOWCASE_ONLY
9003359,1993-12-09,small_merchant,192076.9,9,39275.52,13055.75,39167.24,71,0.4751,0.6626,1,0.6697,175681.58,0.7992,75.07,0.9215,0.5026,0.552,True,1,SYNTHETIC_SHOWCASE_ONLY
9003360,1995-08-22,gig_worker,52967.35,24,24836.84,8279.93,24839.78,125,0.8682,0.9372,0,0.8553,0.0,0.5689,0.0,0.331,0.836,0.1111,True,0,SYNTHETIC_SHOWCASE_ONLY
9003361,1997-12-03,informal_worker,44923.08,18,10894.96,2075.28,6225.85,115,0.8337,0.7814,0,0.5446,0.0,0.2919,0.0,0.3835,0.6916,0.105,True,0,SYNTHETIC_SHOWCASE_ONLY
9003362,1996-09-21,gig_worker,89909.42,18,29387.83,11623.53,34870.59,61,0.7626,0.9053,0,0.9178,0.0,0.4766,0.0,0.2615,0.853,0.1956,True,0,SYNTHETIC_SHOWCASE_ONLY
9003363,1993-03-26,informal_worker,56522.86,12,34567.52,8160.67,24482.0,109,0.6745,0.8111,1,0.8758,0.0,0.3616,0.0,0.3661,0.7754,0.2853,True,0,SYNTHETIC_SHOWCASE_ONLY
9003364,1997-02-07,informal_worker,37019.35,12,44456.54,8693.81,26081.42,251,0.8175,0.637,1,0.9724,0.0,0.2876,0.0,0.2161,0.58,0.3065,True,1,SYNTHETIC_SHOWCASE_ONLY
9003365,1993-10-22,informal_worker,89485.6,6,27031.27,6693.95,20081.86,122,0.4146,0.3688,2,0.6607,0.0,0.1211,0.0,0.158,0.6838,0.6422,True,1,SYNTHETIC_SHOWCASE_ONLY
9003366,1996-09-30,small_merchant,44708.76,36,23413.72,5541.75,16625.24,126,0.8432,0.9008,1,0.897,35976.55,0.7239,1444.87,0.4994,0.5761,0.181,True,0,SYNTHETIC_SHOWCASE_ONLY
9003367,1996-02-08,first_time_borrower,265895.48,12,72646.96,18951.12,56853.37,108,0.4599,0.5591,0,0.6689,0.0,0.1419,0.0,0.2143,0.4799,0.4789,True,1,SYNTHETIC_SHOWCASE_ONLY
9003368,1994-06-10,informal_worker,103456.13,18,28088.66,11297.81,33893.42,67,0.4678,0.8245,0,0.7307,0.0,0.0301,0.0,0.301,0.556,0.5899,True,1,SYNTHETIC_SHOWCASE_ONLY
9003369,1995-02-13,gig_worker,102992.17,12,39551.13,9712.47,29137.4,109,0.7482,0.7988,1,0.6374,0.0,0.2157,0.0,0.1758,0.7759,0.199,True,0,SYNTHETIC_SHOWCASE_ONLY
9003370,1993-08-04,gig_worker,63973.22,36,21611.5,5513.37,16540.11,44,0.3184,0.8176,0,0.782,0.0,0.28,0.0,0.2001,0.6321,0.6325,True,0,SYNTHETIC_SHOWCASE_ONLY
9003371,1997-12-07,informal_worker,130889.19,24,38992.18,15765.99,47297.98,58,0.4966,0.8114,0,0.7808,0.0,0.1096,0.0,0.7608,0.5839,0.4315,True,1,SYNTHETIC_SHOWCASE_ONLY
9003372,1994-03-12,gig_worker,37059.64,9,13922.45,3981.62,11944.85,189,0.7884,0.8222,1,0.7571,0.0,0.1282,0.0,0.6235,0.6102,0.1994,True,1,SYNTHETIC_SHOWCASE_ONLY
9003373,1994-07-18,gig_worker,100048.73,18,22430.29,8999.02,26997.05,279,0.4677,0.8709,0,0.6,0.0,0.1773,0.0,0.1954,0.8337,0.526,True,0,SYNTHETIC_SHOWCASE_ONLY
9003374,1995-07-08,gig_worker,14644.64,18,15677.6,3571.85,10715.54,230,0.7858,0.7043,2,0.5414,0.0,0.1836,0.0,0.0705,0.814,0.247,True,0,SYNTHETIC_SHOWCASE_ONLY
9003375,1996-05-12,gig_worker,102856.58,24,20943.27,5579.05,16737.14,167,0.3849,0.9446,0,0.9681,0.0,0.4702,0.0,0.1752,0.6006,0.6381,True,0,SYNTHETIC_SHOWCASE_ONLY
9003376,1995-07-12,small_merchant,38129.43,36,51030.84,11450.15,34350.45,54,0.7393,0.9681,0,0.8661,71132.12,0.8427,7174.32,0.7018,0.4526,0.3648,True,0,SYNTHETIC_SHOWCASE_ONLY
9003377,1995-07-12,informal_worker,31630.29,24,20869.49,5291.52,15874.56,192,0.6044,0.9771,0,0.8056,0.0,0.0882,0.0,0.4062,0.6595,0.4556,True,0,SYNTHETIC_SHOWCASE_ONLY
9003378,1995-11-30,gig_worker,146901.82,24,39526.35,7424.35,22273.05,247,0.6593,0.7996,1,0.6507,0.0,0.3913,0.0,0.1936,0.5894,0.3279,True,1,SYNTHETIC_SHOWCASE_ONLY
9003379,1997-04-16,informal_worker,56484.61,18,58002.83,11236.25,33708.75,273,0.5677,0.8303,1,0.828,0.0,0.608,0.0,0.2643,0.6632,0.4679,True,1,SYNTHETIC_SHOWCASE_ONLY
9003380,1994-12-23,gig_worker,48454.03,12,27631.8,5758.9,17276.7,143,0.7297,0.7007,1,0.8256,0.0,0.5888,0.0,0.0512,0.6579,0.3885,True,1,SYNTHETIC_SHOWCASE_ONLY
9003381,1997-02-28,small_merchant,57634.18,18,45114.91,12814.09,38442.28,25,0.6089,0.8671,1,0.9606,193534.25,0.6995,34519.68,0.6431,0.4411,0.3937,True,1,SYNTHETIC_SHOWCASE_ONLY
9003382,1996-12-07,gig_worker,136705.92,24,36130.08,7180.52,21541.57,144,0.6157,0.9064,0,0.8688,0.0,0.1801,0.0,0.1593,0.6891,0.3833,True,0,SYNTHETIC_SHOWCASE_ONLY
9003383,1997-10-21,informal_worker,93190.09,12,29609.47,11711.43,35134.28,152,0.5401,0.4529,2,0.9138,0.0,0.1012,0.0,0.2246,0.7333,0.4121,True,1,SYNTHETIC_SHOWCASE_ONLY
9003384,1997-07-26,first_time_borrower,35471.34,18,40139.3,12655.39,37966.16,214,0.5516,0.8406,2,0.6333,0.0,0.465,0.0,0.3505,0.6415,0.4847,True,1,SYNTHETIC_SHOWCASE_ONLY
9003385,1996-12-28,small_merchant,177736.08,9,67719.54,14221.53,42664.59,183,0.575,0.8871,0,0.8434,90508.38,0.9569,46710.89,0.3656,0.5738,0.4204,True,1,SYNTHETIC_SHOWCASE_ONLY
9003386,1994-03-27,gig_worker,31290.74,12,20621.11,4694.01,14082.02,164,0.8054,0.8085,1,0.7529,0.0,0.2763,0.0,0.3364,0.5531,0.2575,True,0,SYNTHETIC_SHOWCASE_ONLY
9003387,1996-11-14,gig_worker,85831.75,24,17668.58,6754.0,20262.0,30,0.6586,0.9637,0,0.9689,0.0,0.1513,0.0,0.0644,0.6771,0.2564,True,0,SYNTHETIC_SHOWCASE_ONLY
9003388,1996-09-06,gig_worker,18463.14,9,17177.59,3265.43,9796.3,179,0.7911,0.4945,1,0.9293,0.0,0.2321,0.0,0.2789,0.8371,0.2344,True,0,SYNTHETIC_SHOWCASE_ONLY
9003389,1994-06-13,first_time_borrower,145832.49,24,45129.22,11070.79,33212.38,132,0.9799,0.9091,2,0.9105,0.0,0.3745,0.0,0.2521,0.5659,0.0004,True,0,SYNTHETIC_SHOWCASE_ONLY
9003390,1996-05-22,gig_worker,130971.51,12,48149.03,10202.31,30606.92,221,0.7156,0.9376,0,0.9253,0.0,0.2974,0.0,0.4028,0.6908,0.3161,True,1,SYNTHETIC_SHOWCASE_ONLY
9003391,1994-04-07,first_time_borrower,68018.96,18,21637.48,4172.19,12516.58,206,0.7505,0.8522,1,0.7832,0.0,0.2434,0.0,0.586,0.8334,0.3537,True,1,SYNTHETIC_SHOWCASE_ONLY
9003392,1995-08-14,informal_worker,48294.49,36,10043.42,3430.23,10290.69,54,0.6465,0.8769,0,0.6429,0.0,0.1499,0.0,0.164,0.6339,0.3239,True,0,SYNTHETIC_SHOWCASE_ONLY
9003393,1996-12-25,small_merchant,42565.3,24,20253.37,4825.06,14475.18,229,0.7502,0.6978,1,0.8678,76465.79,0.6853,12548.79,0.5165,0.5072,0.173,True,0,SYNTHETIC_SHOWCASE_ONLY
9003394,1993-12-11,first_time_borrower,141848.32,24,36422.06,9441.56,28324.67,12,0.3764,0.7604,2,0.85,0.0,0.1659,0.0,0.0972,0.6352,0.6614,True,1,SYNTHETIC_SHOWCASE_ONLY
9003395,1994-09-08,gig_worker,69660.73,12,27117.45,7043.5,21130.51,114,0.945,0.624,1,0.7832,0.0,0.2715,0.0,0.6039,0.3593,0.1038,True,0,SYNTHETIC_SHOWCASE_ONLY
9003396,1996-12-23,informal_worker,107086.03,12,30531.88,10814.72,32444.17,166,0.7488,0.844,0,0.5809,0.0,0.2384,0.0,0.139,0.4989,0.3479,True,0,SYNTHETIC_SHOWCASE_ONLY
9003397,1995-04-09,gig_worker,48110.03,24,21780.15,6320.38,18961.14,251,0.8278,0.7523,1,0.8504,0.0,0.3822,0.0,0.4642,0.7225,0.1209,True,0,SYNTHETIC_SHOWCASE_ONLY
9003398,1997-10-21,first_time_borrower,72861.25,24,45557.14,18433.25,55299.74,212,0.9165,0.7942,1,0.4519,0.0,0.2521,0.0,0.06,0.6639,0.0387,True,0,SYNTHETIC_SHOWCASE_ONLY
9003399,1993-01-15,small_merchant,31954.8,24,33014.16,11027.28,33081.84,77,0.7414,0.8598,0,0.9797,69427.38,0.7215,12761.1,0.7648,0.5863,0.2843,True,0,SYNTHETIC_SHOWCASE_ONLY
9003400,1996-08-11,gig_worker,38873.37,24,37103.34,12217.78,36653.33,194,0.6643,0.754,1,0.8663,0.0,0.1536,0.0,0.3692,0.952,0.2606,True,0,SYNTHETIC_SHOWCASE_ONLY
9003401,1997-01-26,first_time_borrower,145713.12,12,30221.57,8086.25,24258.75,159,0.3182,0.5875,1,0.5775,0.0,0.1729,0.0,0.1873,0.7665,0.6249,True,1,SYNTHETIC_SHOWCASE_ONLY
9003402,1997-08-04,gig_worker,146547.54,12,36013.77,14141.4,42424.2,97,0.7924,0.8508,0,0.8509,0.0,0.3421,0.0,0.6237,0.8475,0.2434,True,1,SYNTHETIC_SHOWCASE_ONLY
9003403,1993-10-14,gig_worker,58546.11,36,34894.14,8419.22,25257.65,275,0.4755,0.7889,1,0.8507,0.0,0.4211,0.0,0.3773,0.362,0.6028,True,1,SYNTHETIC_SHOWCASE_ONLY
9003404,1997-12-03,informal_worker,52516.79,18,17934.54,5644.56,16933.69,53,0.5962,0.8732,0,0.6658,0.0,0.3874,0.0,0.2499,0.8163,0.3281,True,0,SYNTHETIC_SHOWCASE_ONLY
9003405,1994-12-18,small_merchant,125343.98,24,33490.93,13911.97,41735.92,222,0.7513,0.562,1,0.8948,144117.2,0.8505,21798.35,0.8626,0.5943,0.1945,True,0,SYNTHETIC_SHOWCASE_ONLY
9003406,1994-10-05,first_time_borrower,88070.6,18,40940.85,9904.04,29712.11,15,0.7134,0.8814,0,0.7889,0.0,0.0897,0.0,0.206,0.6779,0.0633,True,0,SYNTHETIC_SHOWCASE_ONLY
9003407,1994-10-12,informal_worker,123623.39,36,48748.4,13679.27,41037.82,171,0.7205,0.9082,0,0.7647,0.0,0.0976,0.0,0.2609,0.5146,0.3522,True,0,SYNTHETIC_SHOWCASE_ONLY
9003408,1996-03-11,informal_worker,128584.85,24,34190.09,8150.86,24452.58,248,0.8794,0.8379,0,0.8053,0.0,0.1369,0.0,0.1991,0.7121,0.2147,True,0,SYNTHETIC_SHOWCASE_ONLY
9003409,1996-04-18,gig_worker,28201.84,12,17617.35,6454.64,19363.91,224,0.852,0.9503,0,0.7842,0.0,0.1905,0.0,0.2785,0.6537,0.1534,True,0,SYNTHETIC_SHOWCASE_ONLY
9003410,1995-05-16,gig_worker,55310.12,24,18968.36,5749.65,17248.96,67,0.9065,0.7798,0,0.4622,0.0,0.5693,0.0,0.071,0.7551,0.0,True,0,SYNTHETIC_SHOWCASE_ONLY
9003411,1993-05-10,first_time_borrower,34637.14,12,22722.0,8194.62,24583.86,238,0.313,0.9578,0,0.8203,0.0,0.0844,0.0,0.0757,0.5544,0.7437,True,1,SYNTHETIC_SHOWCASE_ONLY
9003412,1997-12-07,gig_worker,18814.72,12,30665.77,8950.71,26852.12,96,0.4647,0.9293,0,0.7033,0.0,0.1393,0.0,0.2005,0.7048,0.6242,True,0,SYNTHETIC_SHOWCASE_ONLY
9003413,1994-02-10,small_merchant,96037.09,24,26404.41,8153.46,24460.38,174,0.866,0.8253,0,0.7704,65197.35,0.473,29120.87,0.6484,0.7365,0.0486,True,0,SYNTHETIC_SHOWCASE_ONLY
9003414,1993-06-21,gig_worker,60604.83,12,16326.88,4001.02,12003.06,128,0.7166,0.7661,1,0.7061,0.0,0.3836,0.0,0.5035,0.6078,0.3462,True,1,SYNTHETIC_SHOWCASE_ONLY
9003415,1995-12-27,gig_worker,81093.73,12,16280.02,4397.72,13193.17,36,0.8674,0.6346,0,0.8518,0.0,0.177,0.0,0.1173,0.8441,0.0509,True,1,SYNTHETIC_SHOWCASE_ONLY
9003416,1995-01-23,informal_worker,14280.0,18,10225.8,3978.29,11934.86,126,0.7422,0.8152,0,0.7323,0.0,0.327,0.0,0.482,0.5931,0.312,True,0,SYNTHETIC_SHOWCASE_ONLY
9003417,1996-01-30,informal_worker,26979.07,36,7000.0,2124.36,6373.08,279,0.4911,0.9432,0,0.6892,0.0,0.4317,0.0,0.491,0.7164,0.445,True,1,SYNTHETIC_SHOWCASE_ONLY
9003418,1997-05-18,informal_worker,125401.05,9,26283.71,6081.33,18243.98,78,0.7327,0.8226,1,0.8898,0.0,0.4595,0.0,0.2679,0.7837,0.2634,True,1,SYNTHETIC_SHOWCASE_ONLY
9003419,1993-06-27,first_time_borrower,293027.88,24,85277.88,16543.21,49629.63,236,0.3183,0.804,0,0.9465,0.0,0.2329,0.0,0.3731,0.7934,0.677,True,1,SYNTHETIC_SHOWCASE_ONLY
9003420,1994-06-03,gig_worker,300000.0,18,66331.09,19855.82,59567.47,205,0.7567,0.9633,0,0.8812,0.0,0.0859,0.0,0.0352,0.6703,0.216,True,0,SYNTHETIC_SHOWCASE_ONLY
9003421,1995-08-02,small_merchant,87111.37,12,17507.92,6062.81,18188.43,108,0.9259,0.7388,4,0.6827,58641.44,0.6801,3799.63,0.8042,0.8765,0.0194,True,1,SYNTHETIC_SHOWCASE_ONLY
9003422,1996-12-09,gig_worker,124181.54,24,30088.95,8475.82,25427.45,135,0.7792,0.7963,0,0.6943,0.0,0.1097,0.0,0.0909,0.5656,0.2501,True,0,SYNTHETIC_SHOWCASE_ONLY
9003423,1996-01-02,informal_worker,69270.26,18,13862.76,2702.87,8108.62,187,0.7889,0.7361,4,0.6879,0.0,0.3112,0.0,0.5236,0.7036,0.289,True,1,SYNTHETIC_SHOWCASE_ONLY
9003424,1994-11-30,small_merchant,50020.58,24,14915.37,4605.96,13817.87,244,0.4297,0.9655,0,0.8354,24312.69,0.7534,4112.18,0.7258,0.869,0.6926,True,0,SYNTHETIC_SHOWCASE_ONLY
9003425,1996-01-19,small_merchant,43921.31,24,15759.1,5806.04,17418.13,171,0.4765,0.8744,1,0.7285,47749.58,0.8053,7923.59,0.5034,0.7022,0.556,True,1,SYNTHETIC_SHOWCASE_ONLY
9003426,1997-11-25,gig_worker,116531.55,36,25127.56,6495.88,19487.63,122,0.1878,0.9259,0,0.7466,0.0,0.4056,0.0,0.0366,0.7592,0.8281,True,1,SYNTHETIC_SHOWCASE_ONLY
9003427,1995-05-27,informal_worker,109180.45,24,25652.06,10108.17,30324.5,271,0.9006,0.8607,1,0.7138,0.0,0.2399,0.0,0.3165,0.3438,0.011,True,0,SYNTHETIC_SHOWCASE_ONLY
9003428,1997-06-02,informal_worker,34281.79,6,31610.88,9727.38,29182.14,272,0.9843,0.9596,0,0.33,0.0,0.2953,0.0,0.3299,0.455,0.016,True,0,SYNTHETIC_SHOWCASE_ONLY
9003429,1996-11-25,first_time_borrower,74373.04,24,38495.77,10100.67,30302.0,45,0.5182,0.8061,2,0.68,0.0,0.7057,0.0,0.2899,0.5213,0.4076,True,0,SYNTHETIC_SHOWCASE_ONLY
9003430,1994-07-05,gig_worker,41608.7,18,23819.43,6828.18,20484.54,256,0.7926,0.6557,2,0.6672,0.0,0.2453,0.0,0.3646,0.8308,0.2019,True,0,SYNTHETIC_SHOWCASE_ONLY
9003431,1994-04-01,first_time_borrower,124309.7,9,28490.81,10057.82,30173.46,205,0.6956,0.8251,1,0.8584,0.0,0.2933,0.0,0.3338,0.7852,0.1511,True,1,SYNTHETIC_SHOWCASE_ONLY
9003432,1996-11-07,gig_worker,26936.15,18,16563.05,3396.01,10188.04,111,0.6113,0.8581,0,0.6677,0.0,0.564,0.0,0.3119,0.2514,0.3377,True,0,SYNTHETIC_SHOWCASE_ONLY
9003433,1994-01-14,small_merchant,28457.1,24,14685.28,4292.97,12878.92,207,0.5348,0.8191,0,0.7666,62836.66,0.3407,13231.98,0.8691,0.8159,0.4391,True,1,SYNTHETIC_SHOWCASE_ONLY
9003434,1994-09-08,gig_worker,39307.48,12,13635.79,4614.7,13844.1,80,0.4198,0.8278,0,0.7302,0.0,0.5043,0.0,0.2747,0.6568,0.6539,True,1,SYNTHETIC_SHOWCASE_ONLY
9003435,1994-03-06,gig_worker,35750.18,12,38238.52,12017.56,36052.68,256,0.3618,0.9019,0,0.7926,0.0,0.4873,0.0,0.3012,0.8295,0.6311,True,1,SYNTHETIC_SHOWCASE_ONLY
9003436,1996-01-13,small_merchant,114977.12,18,23807.69,7128.22,21384.66,155,0.8042,0.8943,1,0.6119,39838.87,0.907,14028.76,0.6853,0.5543,0.1774,True,1,SYNTHETIC_SHOWCASE_ONLY
9003437,1994-06-22,gig_worker,31485.98,12,11405.17,2476.71,7430.14,23,0.6363,0.7618,1,0.42,0.0,0.6411,0.0,0.0476,0.6364,0.3988,True,0,SYNTHETIC_SHOWCASE_ONLY
9003438,1996-04-17,small_merchant,39060.49,24,27164.79,11185.91,33557.72,177,0.7823,0.7525,0,0.6529,65544.52,0.8436,18744.16,0.4778,0.711,0.1905,True,0,SYNTHETIC_SHOWCASE_ONLY
9003439,1997-09-04,informal_worker,27546.78,9,15375.42,3327.15,9981.45,196,0.8574,0.8407,0,0.8608,0.0,0.3707,0.0,0.5449,0.8872,0.1926,True,0,SYNTHETIC_SHOWCASE_ONLY
9003440,1997-02-23,first_time_borrower,255440.86,24,62127.35,14688.96,44066.88,98,0.5331,0.9723,0,0.6753,0.0,0.4181,0.0,0.0916,0.5551,0.4222,True,0,SYNTHETIC_SHOWCASE_ONLY
9003441,1997-09-27,informal_worker,71886.64,24,21207.82,4985.48,14956.43,174,0.6187,0.8106,0,0.5526,0.0,0.7199,0.0,0.4038,0.8364,0.3363,True,1,SYNTHETIC_SHOWCASE_ONLY
9003442,1993-02-14,informal_worker,102694.07,12,38835.21,13317.57,39952.71,99,0.8931,0.7644,0,0.5045,0.0,0.1742,0.0,0.5501,0.6307,0.1533,True,0,SYNTHETIC_SHOWCASE_ONLY
9003443,1995-04-12,gig_worker,97236.83,18,47224.21,14988.8,44966.4,113,0.9355,0.8855,0,0.924,0.0,0.5745,0.0,0.2908,0.7506,0.0705,True,0,SYNTHETIC_SHOWCASE_ONLY
9003444,1994-02-07,informal_worker,80787.45,9,17704.85,6354.93,19064.78,90,0.742,0.6447,4,0.9447,0.0,0.5795,0.0,0.7167,0.5765,0.3272,True,1,SYNTHETIC_SHOWCASE_ONLY
9003445,1997-08-04,gig_worker,116143.03,12,29040.96,7865.12,23595.36,94,0.8986,0.6163,2,0.6712,0.0,0.2263,0.0,0.134,0.618,0.1671,True,0,SYNTHETIC_SHOWCASE_ONLY
9003446,1996-07-23,gig_worker,137305.23,18,36520.33,7367.71,22103.13,202,0.7614,0.8355,0,0.4083,0.0,0.1633,0.0,0.2551,0.6879,0.2796,True,0,SYNTHETIC_SHOWCASE_ONLY
9003447,1994-08-08,gig_worker,75838.94,12,29596.81,7849.26,23547.77,205,0.5222,0.8527,0,0.8007,0.0,0.0818,0.0,0.1729,0.8322,0.4852,True,1,SYNTHETIC_SHOWCASE_ONLY
9003448,1995-10-26,informal_worker,163735.57,24,33299.18,6348.07,19044.21,229,0.6909,0.7256,1,0.6645,0.0,0.0786,0.0,0.6349,0.4877,0.3568,True,1,SYNTHETIC_SHOWCASE_ONLY
9003449,1996-01-11,small_merchant,55084.25,18,14790.46,3453.88,10361.63,189,0.5086,0.8852,0,0.4639,57931.13,0.9031,14472.56,0.521,0.6581,0.5121,True,1,SYNTHETIC_SHOWCASE_ONLY
9003450,1995-06-24,informal_worker,90008.77,6,36530.29,13426.61,40279.84,250,0.6465,0.8034,1,0.8155,0.0,0.0711,0.0,0.1862,0.8798,0.3443,True,1,SYNTHETIC_SHOWCASE_ONLY
9003451,1995-05-17,small_merchant,107013.24,12,22172.34,6753.12,20259.35,66,0.8073,0.8206,0,0.9532,83897.36,0.751,4556.14,0.7981,0.777,0.1176,True,0,SYNTHETIC_SHOWCASE_ONLY
9003452,1993-04-11,small_merchant,150374.7,24,33113.5,7927.95,23783.84,112,0.5052,0.8819,0,0.8565,117398.41,0.702,41177.05,0.6351,0.6516,0.525,True,0,SYNTHETIC_SHOWCASE_ONLY
9003453,1995-04-07,small_merchant,167903.57,12,43545.19,9644.85,28934.55,38,0.7855,0.8448,1,0.823,102239.21,0.4793,32781.9,0.2,0.8052,0.2287,True,1,SYNTHETIC_SHOWCASE_ONLY
9003454,1994-09-28,gig_worker,153423.6,24,38599.24,10976.34,32929.01,88,0.7394,0.8258,0,0.7299,0.0,0.093,0.0,0.5055,0.6669,0.2777,True,0,SYNTHETIC_SHOWCASE_ONLY
9003455,1997-02-03,small_merchant,81561.73,9,33101.88,10533.44,31600.33,231,0.7629,0.5817,1,0.7466,69454.87,0.816,21988.68,0.5224,0.9458,0.3196,True,1,SYNTHETIC_SHOWCASE_ONLY
9003456,1997-04-29,informal_worker,107935.1,36,38108.07,14872.85,44618.55,84,0.935,0.8734,0,0.8611,0.0,0.5974,0.0,0.1973,0.5077,0.0962,True,0,SYNTHETIC_SHOWCASE_ONLY
9003457,1996-10-02,small_merchant,56217.79,12,38964.14,12174.33,36523.0,224,0.7212,0.8907,0,0.6105,72569.73,0.6407,12370.63,0.7737,0.8032,0.2361,True,1,SYNTHETIC_SHOWCASE_ONLY
9003458,1993-02-26,gig_worker,184813.42,18,57400.04,20652.34,61957.01,262,0.8861,0.7814,1,0.9432,0.0,0.2634,0.0,0.07,0.9041,0.2551,True,0,SYNTHETIC_SHOWCASE_ONLY
9003459,1997-03-17,informal_worker,61362.55,18,27546.08,5627.26,16881.78,206,0.5288,0.8064,0,0.5431,0.0,0.3358,0.0,0.1042,0.5736,0.4561,True,0,SYNTHETIC_SHOWCASE_ONLY
9003460,1994-12-25,small_merchant,64484.75,12,30292.61,8157.15,24471.46,73,0.4823,0.859,0,0.6993,112820.15,0.7314,8106.96,0.6006,0.1562,0.5737,True,1,SYNTHETIC_SHOWCASE_ONLY
9003461,1995-01-31,gig_worker,209014.76,24,43798.37,9361.11,28083.32,271,0.7435,0.9148,0,0.893,0.0,0.4774,0.0,0.491,0.7669,0.3172,True,0,SYNTHETIC_SHOWCASE_ONLY
9003462,1997-09-22,gig_worker,29319.9,6,22127.44,4405.27,13215.82,20,0.8239,0.9488,0,0.819,0.0,0.6034,0.0,0.1322,0.7542,0.258,True,0,SYNTHETIC_SHOWCASE_ONLY
9003463,1997-05-03,small_merchant,62717.36,9,14750.49,6099.64,18298.92,131,0.5285,0.924,0,0.4094,27221.4,0.7851,4997.86,0.653,0.7405,0.6488,True,1,SYNTHETIC_SHOWCASE_ONLY
9003464,1993-04-03,small_merchant,65227.7,12,35479.5,10267.7,30803.1,13,0.7082,0.8705,0,0.6665,94822.94,0.7948,19673.19,0.3959,0.7632,0.3176,True,0,SYNTHETIC_SHOWCASE_ONLY
9003465,1994-10-20,informal_worker,18416.09,18,25363.55,5457.58,16372.74,43,0.5511,0.6395,2,0.916,0.0,0.1129,0.0,0.1597,0.7868,0.3989,True,1,SYNTHETIC_SHOWCASE_ONLY
9003466,1996-09-30,gig_worker,12202.13,24,15683.22,4511.18,13533.53,106,0.8068,0.8308,1,0.5906,0.0,0.2548,0.0,0.3912,0.5957,0.2629,True,0,SYNTHETIC_SHOWCASE_ONLY
9003467,1995-09-11,informal_worker,88596.9,6,35604.24,7175.78,21527.34,177,0.7013,0.6998,0,0.6507,0.0,0.2493,0.0,0.3806,0.7014,0.3779,True,1,SYNTHETIC_SHOWCASE_ONLY
9003468,1994-04-16,gig_worker,144678.89,24,55653.69,14396.91,43190.72,75,0.7118,0.932,0,0.5912,0.0,0.3909,0.0,0.2209,0.5658,0.2474,True,1,SYNTHETIC_SHOWCASE_ONLY
9003469,1995-08-17,informal_worker,25728.97,24,12806.18,3708.56,11125.68,268,0.5557,0.6304,1,0.7996,0.0,0.4984,0.0,0.2952,0.7503,0.4583,True,1,SYNTHETIC_SHOWCASE_ONLY
9003470,1997-05-02,informal_worker,162031.37,6,45737.59,8811.21,26433.63,26,0.3634,0.7191,1,0.7421,0.0,0.0196,0.0,0.0502,0.7402,0.6897,True,1,SYNTHETIC_SHOWCASE_ONLY
9003471,1994-02-12,small_merchant,22662.9,9,8284.71,2538.9,7616.7,49,0.6533,0.6645,0,0.6426,27760.96,0.6939,1589.26,0.495,0.3391,0.3494,True,0,SYNTHETIC_SHOWCASE_ONLY
9003472,1996-09-24,gig_worker,21397.87,12,23105.41,7058.4,21175.2,227,0.8529,0.9128,2,0.657,0.0,0.3266,0.0,0.3708,0.8514,0.2781,True,0,SYNTHETIC_SHOWCASE_ONLY
9003473,1996-09-03,small_merchant,144385.14,9,67738.33,20362.81,61088.42,174,0.5586,0.4939,3,0.8147,293024.01,0.9066,76734.22,0.8711,0.7882,0.4996,True,1,SYNTHETIC_SHOWCASE_ONLY
9003474,1997-06-06,first_time_borrower,25080.72,24,23917.47,6023.03,18069.08,272,0.9592,0.8262,0,0.8413,0.0,0.084,0.0,0.2682,0.799,0.0,True,0,SYNTHETIC_SHOWCASE_ONLY
9003475,1994-06-29,first_time_borrower,25634.31,18,29235.24,9605.31,28815.92,131,0.6185,0.9517,0,0.6538,0.0,0.2323,0.0,0.374,0.6792,0.3944,True,0,SYNTHETIC_SHOWCASE_ONLY
9003476,1994-01-30,gig_worker,61241.05,12,40381.84,14959.43,44878.28,247,0.6441,0.816,1,0.9378,0.0,0.2243,0.0,0.113,0.931,0.3053,True,0,SYNTHETIC_SHOWCASE_ONLY
9003477,1995-09-28,informal_worker,45236.21,24,12284.0,2279.84,6839.52,67,0.4949,0.7124,1,0.7606,0.0,0.1151,0.0,0.2124,0.5047,0.4013,True,1,SYNTHETIC_SHOWCASE_ONLY
9003478,1995-08-29,small_merchant,106158.22,12,28985.91,8097.59,24292.78,173,0.764,0.9668,0,0.8071,45137.4,0.8982,17890.47,0.6028,0.6672,0.1783,True,0,SYNTHETIC_SHOWCASE_ONLY
9003479,1995-01-18,gig_worker,126770.91,24,28876.46,7321.92,21965.75,31,0.9543,0.6694,0,0.899,0.0,0.0913,0.0,0.2186,0.5154,0.1281,True,0,SYNTHETIC_SHOWCASE_ONLY
9003480,1996-11-23,informal_worker,268892.4,18,68451.03,16244.5,48733.51,145,0.5241,0.8438,0,0.7906,0.0,0.3138,0.0,0.0868,0.5761,0.5107,True,1,SYNTHETIC_SHOWCASE_ONLY
9003481,1996-12-30,small_merchant,45738.81,12,15472.26,5604.11,16812.34,211,0.8459,0.8123,0,0.6896,64026.8,0.9267,6734.04,0.6787,0.5294,0.1197,True,0,SYNTHETIC_SHOWCASE_ONLY
9003482,1994-03-25,small_merchant,46057.18,18,23314.27,7340.58,22021.73,60,0.6944,0.785,1,0.855,69022.2,0.5289,14091.75,0.8663,0.6055,0.2186,True,0,SYNTHETIC_SHOWCASE_ONLY
9003483,1996-12-23,first_time_borrower,11217.81,12,17932.12,3484.28,10452.84,138,0.4858,0.8632,2,0.6846,0.0,0.7031,0.0,0.2688,0.4798,0.4679,True,1,SYNTHETIC_SHOWCASE_ONLY
9003484,1994-02-26,small_merchant,58751.02,36,17042.1,5879.93,17639.8,124,0.7028,0.898,0,0.827,48524.26,0.5582,17618.76,0.626,0.6833,0.382,True,0,SYNTHETIC_SHOWCASE_ONLY
9003485,1995-01-15,informal_worker,90181.72,12,48103.64,11721.43,35164.28,172,0.9052,0.7666,1,0.9902,0.0,0.0388,0.0,0.0951,0.6524,0.1668,True,0,SYNTHETIC_SHOWCASE_ONLY
9003486,1993-02-19,small_merchant,48225.34,24,28360.5,6897.71,20693.13,69,0.6745,0.7086,2,0.7714,87512.04,0.8283,2860.7,0.4325,0.9057,0.4339,True,1,SYNTHETIC_SHOWCASE_ONLY
9003487,1994-09-14,gig_worker,104853.86,36,21445.87,4590.91,13772.74,218,0.7514,0.8684,0,0.734,0.0,0.103,0.0,0.3834,0.4095,0.2427,True,0,SYNTHETIC_SHOWCASE_ONLY
9003488,1997-10-17,small_merchant,29844.66,18,21837.71,5505.31,16515.92,69,0.8878,0.8475,2,0.6698,37401.5,0.8701,22605.76,0.6825,0.7165,0.0616,True,0,SYNTHETIC_SHOWCASE_ONLY
9003489,1995-03-20,first_time_borrower,15869.67,24,21367.17,5627.47,16882.42,53,0.461,0.8355,1,0.8243,0.0,0.4415,0.0,0.0921,0.6771,0.5549,True,1,SYNTHETIC_SHOWCASE_ONLY
9003490,1996-07-20,small_merchant,106554.67,18,22304.29,8766.58,26299.73,253,0.67,0.7973,0,0.8992,64724.79,0.9283,10088.26,0.6789,0.331,0.4212,True,0,SYNTHETIC_SHOWCASE_ONLY
9003491,1993-07-17,gig_worker,29703.58,9,15260.55,3463.6,10390.81,14,0.6697,0.9708,0,0.893,0.0,0.1131,0.0,0.238,0.452,0.4906,True,0,SYNTHETIC_SHOWCASE_ONLY
9003492,1996-03-06,informal_worker,57646.66,36,24729.93,9503.07,28509.2,216,0.7642,0.945,0,0.6328,0.0,0.4369,0.0,0.4598,0.6295,0.2755,True,0,SYNTHETIC_SHOWCASE_ONLY
9003493,1994-11-10,first_time_borrower,22531.33,12,23565.54,6085.34,18256.02,217,0.7752,0.7166,0,0.8967,0.0,0.3709,0.0,0.3729,0.7341,0.276,True,0,SYNTHETIC_SHOWCASE_ONLY
9003494,1996-09-20,first_time_borrower,46278.35,24,19461.97,4923.69,14771.06,30,0.8234,0.7215,0,0.7877,0.0,0.2048,0.0,0.3505,0.7554,0.2406,True,0,SYNTHETIC_SHOWCASE_ONLY
9003495,1997-08-22,small_merchant,147129.86,18,30163.32,12124.09,36372.28,173,0.6576,0.815,0,0.5793,87628.99,0.8746,44056.48,0.4486,0.6702,0.3869,True,0,SYNTHETIC_SHOWCASE_ONLY
9003496,1995-08-29,small_merchant,114788.14,9,31417.07,11716.42,35149.25,55,0.6349,0.8506,1,0.5977,70270.58,0.9708,13215.86,0.5878,0.4757,0.4013,True,1,SYNTHETIC_SHOWCASE_ONLY
9003497,1993-07-07,informal_worker,57548.67,12,21434.76,6602.47,19807.4,276,0.4751,0.832,1,0.6848,0.0,0.0874,0.0,0.4059,0.4663,0.451,True,1,SYNTHETIC_SHOWCASE_ONLY
9003498,1995-05-20,informal_worker,51025.37,12,26128.33,6551.75,19655.24,177,0.7541,0.924,0,0.9885,0.0,0.3528,0.0,0.2936,0.3939,0.3275,True,0,SYNTHETIC_SHOWCASE_ONLY
9003499,1993-08-13,first_time_borrower,174444.2,9,78912.84,20909.96,62729.88,237,0.8039,0.7625,0,0.8474,0.0,0.3219,0.0,0.4859,0.502,0.2413,True,0,SYNTHETIC_SHOWCASE_ONLY
9003500,1995-04-01,informal_worker,254861.13,24,77479.43,20166.24,60498.73,67,0.6857,0.9547,0,0.7764,0.0,0.1394,0.0,0.0913,0.2783,0.3137,True,0,SYNTHETIC_SHOWCASE_ONLY
9003501,1993-04-22,small_merchant,29029.76,6,16881.89,5266.55,15799.65,263,0.6604,0.9835,0,0.9287,42843.42,0.9606,11705.0,0.2769,0.8371,0.3582,True,0,SYNTHETIC_SHOWCASE_ONLY
9003502,1996-03-15,gig_worker,22900.51,36,18052.24,6167.46,18502.37,41,0.7935,0.663,1,0.8164,0.0,0.2292,0.0,0.5292,0.7011,0.1312,True,0,SYNTHETIC_SHOWCASE_ONLY
9003503,1994-07-21,small_merchant,61687.68,12,16838.89,6490.23,19470.7,71,0.9689,0.7713,1,0.6491,42415.31,0.8543,8736.77,0.8273,0.3582,0.0,True,0,SYNTHETIC_SHOWCASE_ONLY
9003504,1994-01-04,gig_worker,205821.94,18,46506.42,12574.48,37723.45,90,0.7546,0.7922,1,0.7591,0.0,0.3615,0.0,0.3095,0.833,0.3395,True,1,SYNTHETIC_SHOWCASE_ONLY
9003505,1993-02-01,gig_worker,105606.18,12,23124.91,5617.63,16852.9,265,0.6034,0.8613,0,0.8156,0.0,0.2099,0.0,0.0245,0.678,0.4625,True,1,SYNTHETIC_SHOWCASE_ONLY
9003506,1997-06-10,small_merchant,135149.87,9,31413.83,9705.75,29117.24,189,0.4616,0.7392,0,0.8667,92486.63,0.9124,10689.21,0.9329,0.7513,0.5647,True,1,SYNTHETIC_SHOWCASE_ONLY
9003507,1997-03-09,informal_worker,214290.62,18,73021.13,15597.01,46791.04,78,0.9482,0.8472,1,0.7359,0.0,0.3414,0.0,0.0865,0.5566,0.0093,True,0,SYNTHETIC_SHOWCASE_ONLY
9003508,1997-01-22,first_time_borrower,113412.86,12,27859.71,7821.5,23464.51,92,0.5821,0.8393,1,0.679,0.0,0.343,0.0,0.1326,0.5795,0.3514,True,1,SYNTHETIC_SHOWCASE_ONLY
9003509,1993-04-17,informal_worker,183761.64,18,39299.19,14233.38,42700.13,155,0.7475,0.5711,3,0.8166,0.0,0.095,0.0,0.2406,0.9183,0.1725,True,1,SYNTHETIC_SHOWCASE_ONLY
9003510,1994-10-01,first_time_borrower,25262.4,18,35945.59,10294.43,30883.29,90,0.6302,0.885,1,0.9134,0.0,0.098,0.0,0.3713,0.5597,0.4149,True,0,SYNTHETIC_SHOWCASE_ONLY
9003511,1997-11-09,informal_worker,50949.1,12,21112.39,5235.79,15707.38,71,0.621,0.8623,0,0.8081,0.0,0.3388,0.0,0.0701,0.9118,0.3772,True,0,SYNTHETIC_SHOWCASE_ONLY
9003512,1995-11-23,informal_worker,69744.22,12,46553.5,10276.61,30829.83,65,0.6167,0.853,0,0.8986,0.0,0.0566,0.0,0.2264,0.8412,0.3955,True,0,SYNTHETIC_SHOWCASE_ONLY
9003513,1993-08-23,gig_worker,92845.66,12,18622.08,4573.96,13721.89,210,0.6581,0.7742,1,0.9276,0.0,0.3072,0.0,0.1118,0.674,0.3404,True,1,SYNTHETIC_SHOWCASE_ONLY
9003514,1993-09-15,informal_worker,249834.49,12,53268.59,10132.81,30398.42,19,0.816,0.9089,0,0.4803,0.0,0.3167,0.0,0.0326,0.6738,0.1734,True,0,SYNTHETIC_SHOWCASE_ONLY
9003515,1994-04-26,gig_worker,87218.2,24,21120.16,6217.26,18651.77,149,0.4462,0.8197,0,0.827,0.0,0.2036,0.0,0.361,0.7291,0.5189,True,1,SYNTHETIC_SHOWCASE_ONLY
9003516,1997-11-11,gig_worker,42335.17,6,22259.75,7848.97,23546.91,197,0.7804,0.7311,0,0.8012,0.0,0.2188,0.0,0.1883,0.7075,0.2629,True,0,SYNTHETIC_SHOWCASE_ONLY
9003517,1993-11-06,gig_worker,79527.6,12,16605.44,3419.73,10259.2,118,0.9537,0.7591,2,0.5544,0.0,0.3057,0.0,0.3749,0.8015,0.0064,True,1,SYNTHETIC_SHOWCASE_ONLY
9003518,1997-07-07,first_time_borrower,13092.89,18,17967.42,4294.62,12883.86,138,0.7188,0.8821,0,0.8131,0.0,0.6993,0.0,0.1575,0.6766,0.2432,True,0,SYNTHETIC_SHOWCASE_ONLY
9003519,1996-05-23,informal_worker,32563.58,12,22813.62,9400.9,28202.71,57,0.5903,0.6838,0,0.9421,0.0,0.0752,0.0,0.7463,0.8067,0.4329,True,1,SYNTHETIC_SHOWCASE_ONLY
9003520,1997-08-11,first_time_borrower,28886.86,36,8715.97,2522.65,7567.95,76,0.8247,0.8525,0,0.5138,0.0,0.0984,0.0,0.3619,0.5764,0.1478,True,0,SYNTHETIC_SHOWCASE_ONLY
9003521,1997-02-17,first_time_borrower,102366.71,24,25033.25,6239.23,18717.7,210,0.7037,0.677,0,0.5336,0.0,0.2639,0.0,0.198,0.7065,0.2245,True,0,SYNTHETIC_SHOWCASE_ONLY
9003522,1994-08-30,first_time_borrower,98472.63,24,21941.44,4847.3,14541.89,128,0.7749,0.8036,1,0.9568,0.0,0.3044,0.0,0.1759,0.6454,0.3103,True,0,SYNTHETIC_SHOWCASE_ONLY
9003523,1997-02-20,gig_worker,78641.53,18,40911.44,16557.39,49672.18,163,0.8197,0.7963,0,0.5789,0.0,0.4956,0.0,0.1259,0.4837,0.1264,True,0,SYNTHETIC_SHOWCASE_ONLY
9003524,1993-11-05,first_time_borrower,79567.38,12,34303.08,8410.54,25231.61,136,0.9148,0.7904,0,0.6265,0.0,0.1143,0.0,0.4591,0.5705,0.0927,True,0,SYNTHETIC_SHOWCASE_ONLY
9003525,1994-06-16,first_time_borrower,51858.92,6,19936.23,6617.6,19852.81,99,0.6143,0.8247,0,0.7266,0.0,0.1163,0.0,0.2986,0.7982,0.319,True,1,SYNTHETIC_SHOWCASE_ONLY
9003526,1994-01-22,first_time_borrower,16147.54,24,22468.18,7678.24,23034.71,124,0.722,0.501,2,0.695,0.0,0.518,0.0,0.1374,0.6964,0.1878,True,0,SYNTHETIC_SHOWCASE_ONLY
9003527,1993-09-01,gig_worker,110114.99,12,25017.81,10419.95,31259.86,151,0.8292,0.7891,0,0.7702,0.0,0.4052,0.0,0.1058,0.8305,0.2917,True,0,SYNTHETIC_SHOWCASE_ONLY
9003528,1993-06-14,gig_worker,119244.78,12,57137.67,17264.42,51793.27,98,0.5591,0.7436,3,0.7791,0.0,0.1762,0.0,0.1105,0.9484,0.4451,True,1,SYNTHETIC_SHOWCASE_ONLY
9003529,1993-12-09,first_time_borrower,27865.6,18,18868.58,5647.28,16941.85,261,0.7029,0.6746,0,0.732,0.0,0.1919,0.0,0.7173,0.8992,0.0814,True,0,SYNTHETIC_SHOWCASE_ONLY
9003530,1993-08-08,gig_worker,47578.58,24,19820.55,3975.82,11927.47,65,0.9483,0.871,0,0.7865,0.0,0.4957,0.0,0.464,0.5167,0.1556,True,0,SYNTHETIC_SHOWCASE_ONLY
9003531,1994-11-26,small_merchant,60700.25,18,16288.9,5997.66,17992.97,242,0.9312,0.8927,0,0.6992,72133.56,0.6943,21386.84,0.5411,0.507,0.0,True,0,SYNTHETIC_SHOWCASE_ONLY
9003532,1993-05-11,small_merchant,60927.4,9,13747.07,2571.07,7713.2,149,0.693,0.9499,0,0.9499,47256.26,0.959,6676.29,0.8765,0.4868,0.2453,True,0,SYNTHETIC_SHOWCASE_ONLY
9003533,1993-04-22,gig_worker,50214.71,36,32445.65,11395.31,34185.92,229,0.9715,0.9441,0,0.5929,0.0,0.4243,0.0,0.2711,0.8671,0.0934,True,0,SYNTHETIC_SHOWCASE_ONLY
9003534,1997-12-13,gig_worker,41959.84,9,30864.24,7002.54,21007.61,65,0.8181,0.7678,1,0.7243,0.0,0.1676,0.0,0.3503,0.8392,0.1853,True,0,SYNTHETIC_SHOWCASE_ONLY
9003535,1993-06-10,first_time_borrower,246320.0,36,51827.98,14223.79,42671.38,245,0.7575,0.6316,0,0.6701,0.0,0.5955,0.0,0.3484,0.6021,0.3487,True,0,SYNTHETIC_SHOWCASE_ONLY
9003536,1993-05-16,first_time_borrower,139580.0,12,46158.49,15614.24,46842.71,187,0.8636,0.9387,0,0.8481,0.0,0.1649,0.0,0.122,0.5479,0.077,True,0,SYNTHETIC_SHOWCASE_ONLY
9003537,1993-02-24,first_time_borrower,195496.04,36,88483.89,30302.01,90906.04,143,0.5531,0.8186,0,0.5201,0.0,0.439,0.0,0.1174,0.8674,0.4835,True,1,SYNTHETIC_SHOWCASE_ONLY
9003538,1993-08-31,gig_worker,39915.41,36,27024.55,7958.23,23874.7,219,0.7398,0.9284,1,0.5466,0.0,0.4066,0.0,0.0441,0.6933,0.3272,True,0,SYNTHETIC_SHOWCASE_ONLY
9003539,1995-08-22,gig_worker,123026.23,12,24708.57,6527.95,19583.84,272,0.8152,0.7654,0,0.732,0.0,0.0324,0.0,0.0741,0.8337,0.2903,True,1,SYNTHETIC_SHOWCASE_ONLY
9003540,1997-02-19,small_merchant,56468.74,24,15000.68,5205.94,15617.81,273,0.7774,0.9517,0,0.222,29108.87,0.6985,16671.84,0.4319,0.6616,0.2277,True,0,SYNTHETIC_SHOWCASE_ONLY
9003541,1996-09-03,small_merchant,60971.78,9,39117.19,13623.3,40869.89,105,0.893,0.8212,1,0.516,134446.02,0.9274,42233.82,0.5389,0.4075,0.0356,True,0,SYNTHETIC_SHOWCASE_ONLY
9003542,1995-11-26,gig_worker,29684.98,9,29639.29,11826.84,35480.53,45,0.7785,0.8025,1,0.8993,0.0,0.3748,0.0,0.1882,0.7055,0.0763,True,1,SYNTHETIC_SHOWCASE_ONLY
9003543,1993-06-05,informal_worker,56527.01,12,38275.59,10558.46,31675.39,61,0.6329,0.8876,0,0.7814,0.0,0.0711,0.0,0.4644,0.5569,0.4867,True,0,SYNTHETIC_SHOWCASE_ONLY
9003544,1996-11-15,first_time_borrower,27390.42,18,16206.7,4056.38,12169.15,213,0.6508,0.6401,0,0.7984,0.0,0.2823,0.0,0.3104,0.6238,0.3666,True,0,SYNTHETIC_SHOWCASE_ONLY
9003545,1993-03-10,small_merchant,36090.49,6,33147.74,11726.14,35178.41,239,0.4718,0.7595,2,0.5145,108362.68,0.6997,880.04,0.5917,0.8737,0.5117,True,1,SYNTHETIC_SHOWCASE_ONLY
9003546,1996-02-27,small_merchant,49760.62,18,30898.27,10826.73,32480.2,205,0.8182,0.716,0,0.8843,124585.06,0.9306,10202.99,0.876,0.8343,0.2127,True,0,SYNTHETIC_SHOWCASE_ONLY
9003547,1995-01-18,small_merchant,33339.62,36,29932.39,6027.61,18082.82,15,0.4678,0.5988,0,0.7744,44253.51,0.8471,23661.34,0.2961,0.8906,0.505,True,1,SYNTHETIC_SHOWCASE_ONLY
9003548,1997-05-30,gig_worker,45626.78,24,20170.82,8103.68,24311.03,215,0.8079,0.8211,0,0.7473,0.0,0.3916,0.0,0.1508,0.6133,0.2112,True,0,SYNTHETIC_SHOWCASE_ONLY
9003549,1994-07-16,gig_worker,135743.6,12,49554.86,16327.44,48982.32,118,0.7354,0.9195,2,0.8005,0.0,0.4306,0.0,0.3272,0.498,0.3457,True,0,SYNTHETIC_SHOWCASE_ONLY
9003550,1996-03-11,small_merchant,195022.38,18,74914.85,25374.35,76123.04,15,0.8158,0.9634,0,0.8219,181764.29,0.9489,59218.56,0.6948,0.5032,0.1645,True,0,SYNTHETIC_SHOWCASE_ONLY
9003551,1995-03-15,small_merchant,69812.36,9,16432.14,3042.27,9126.82,262,0.6011,0.8682,1,0.9539,50472.38,0.9666,3176.98,0.5861,0.5085,0.2998,True,1,SYNTHETIC_SHOWCASE_ONLY
9003552,1995-08-12,small_merchant,67960.98,12,39567.88,7864.31,23592.93,128,0.7855,0.6894,1,0.7127,160980.75,0.8173,16955.85,0.6183,0.8011,0.2171,True,1,SYNTHETIC_SHOWCASE_ONLY
9003553,1997-09-11,first_time_borrower,31678.16,36,7034.57,1713.76,5141.27,192,0.8299,0.9645,0,0.9171,0.0,0.2287,0.0,0.3008,0.803,0.1811,True,0,SYNTHETIC_SHOWCASE_ONLY
9003554,1996-07-25,gig_worker,177375.18,36,38595.56,12505.86,37517.59,187,0.9562,0.8214,0,0.8427,0.0,0.0171,0.0,0.0722,0.7432,0.024,True,0,SYNTHETIC_SHOWCASE_ONLY
9003555,1995-01-27,gig_worker,55033.99,12,11410.46,3227.16,9681.49,178,0.8404,0.3671,3,0.968,0.0,0.3903,0.0,0.0733,0.3988,0.2379,True,1,SYNTHETIC_SHOWCASE_ONLY
9003556,1995-03-28,gig_worker,30388.52,12,21763.19,5313.17,15939.51,85,0.7015,0.6805,3,0.6368,0.0,0.2379,0.0,0.2712,0.6538,0.3162,True,1,SYNTHETIC_SHOWCASE_ONLY
9003557,1996-07-10,gig_worker,25066.27,12,14908.82,5100.58,15301.75,25,0.7115,0.9445,0,0.8552,0.0,0.4397,0.0,0.0257,0.3827,0.3239,True,0,SYNTHETIC_SHOWCASE_ONLY
9003558,1994-09-24,small_merchant,84448.04,12,25247.09,5534.14,16602.43,192,0.8374,0.8474,1,0.8999,48888.01,0.6204,30504.64,0.5687,0.5452,0.2469,True,0,SYNTHETIC_SHOWCASE_ONLY
9003559,1993-11-03,informal_worker,51091.26,9,41880.72,8043.71,24131.12,99,0.5982,0.7086,0,0.744,0.0,0.3607,0.0,0.0349,0.8718,0.479,True,0,SYNTHETIC_SHOWCASE_ONLY
9003560,1995-05-04,first_time_borrower,11213.89,9,11481.01,2654.66,7963.97,147,0.563,0.7408,0,0.8629,0.0,0.2924,0.0,0.3784,0.6646,0.4718,True,0,SYNTHETIC_SHOWCASE_ONLY
9003561,1993-05-05,informal_worker,21778.01,12,23562.45,7097.66,21292.97,223,0.9505,0.5706,2,0.7413,0.0,0.4676,0.0,0.1008,0.7717,0.1246,True,0,SYNTHETIC_SHOWCASE_ONLY
9003562,1993-11-06,small_merchant,71498.57,12,21884.69,8591.9,25775.69,48,0.7469,0.8896,0,0.3567,76529.67,0.8252,4576.63,0.6109,0.431,0.1286,True,0,SYNTHETIC_SHOWCASE_ONLY
9003563,1995-02-08,gig_worker,247632.22,24,59806.11,22417.68,67253.03,61,0.5628,0.8078,1,0.6463,0.0,0.5894,0.0,0.234,0.7032,0.3401,True,1,SYNTHETIC_SHOWCASE_ONLY
9003564,1996-12-25,small_merchant,59908.34,24,34447.96,10493.95,31481.86,26,0.6696,0.9699,0,0.6529,151784.5,0.6557,26379.35,0.526,0.4607,0.2756,True,0,SYNTHETIC_SHOWCASE_ONLY
9003565,1996-11-27,small_merchant,74911.52,18,15913.06,5942.31,17826.93,174,0.7784,0.9019,0,0.5058,39666.38,0.9464,3057.76,0.7449,0.4557,0.201,True,1,SYNTHETIC_SHOWCASE_ONLY
9003566,1994-04-22,first_time_borrower,91212.0,12,22331.16,6348.65,19045.96,32,0.6765,0.6626,0,0.8463,0.0,0.2283,0.0,0.1353,0.6284,0.2839,True,1,SYNTHETIC_SHOWCASE_ONLY
9003567,1995-02-10,small_merchant,55597.45,24,59094.3,24474.33,73422.98,148,0.8869,0.7776,0,0.733,188342.03,0.8752,1465.94,0.8486,0.5846,0.1647,True,0,SYNTHETIC_SHOWCASE_ONLY
9003568,1993-10-08,gig_worker,94375.89,9,39452.6,15378.67,46136.02,196,0.5881,0.8222,0,0.6385,0.0,0.1123,0.0,0.2316,0.7811,0.4337,True,1,SYNTHETIC_SHOWCASE_ONLY
9003569,1996-10-11,gig_worker,16204.28,24,18019.46,7315.33,21945.98,232,0.9375,0.9495,0,0.5827,0.0,0.0648,0.0,0.4457,0.6528,0.0207,True,0,SYNTHETIC_SHOWCASE_ONLY
9003570,1994-03-26,gig_worker,113964.6,6,24631.12,8650.38,25951.15,39,0.4763,0.8319,1,0.8407,0.0,0.3472,0.0,0.2871,0.6839,0.3985,True,1,SYNTHETIC_SHOWCASE_ONLY
9003571,1996-12-30,first_time_borrower,96754.31,36,25011.91,8344.77,25034.32,37,0.5176,0.7401,1,0.8729,0.0,0.1588,0.0,0.0863,0.4329,0.4572,True,1,SYNTHETIC_SHOWCASE_ONLY
9003572,1997-03-18,gig_worker,78309.41,9,21627.66,5749.71,17249.14,105,0.9509,0.881,0,0.7912,0.0,0.1058,0.0,0.4728,0.7842,0.1806,True,1,SYNTHETIC_SHOWCASE_ONLY
9003573,1996-06-12,gig_worker,44403.4,24,12320.97,2794.15,8382.44,74,0.8858,0.9581,0,0.4769,0.0,0.1251,0.0,0.6014,0.5418,0.2396,True,0,SYNTHETIC_SHOWCASE_ONLY
9003574,1994-08-26,gig_worker,37514.39,6,20225.54,8291.45,24874.36,89,0.5743,0.7763,0,0.7493,0.0,0.4649,0.0,0.3439,0.5505,0.47,True,1,SYNTHETIC_SHOWCASE_ONLY
9003575,1997-10-07,informal_worker,256773.02,24,54544.68,11865.6,35596.79,132,0.6455,0.88,1,0.7505,0.0,0.0611,0.0,0.2268,0.4004,0.3646,True,1,SYNTHETIC_SHOWCASE_ONLY
9003576,1996-06-06,small_merchant,108670.16,18,23318.69,5147.03,15441.09,143,0.514,0.67,1,0.7558,52104.34,0.8773,11967.66,0.3803,0.5509,0.5523,True,1,SYNTHETIC_SHOWCASE_ONLY
9003577,1996-03-25,informal_worker,102687.42,6,26646.1,10556.13,31668.38,62,0.7883,0.7707,2,0.7357,0.0,0.5181,0.0,0.4092,0.4565,0.2122,True,1,SYNTHETIC_SHOWCASE_ONLY
9003578,1997-04-13,small_merchant,79775.79,24,29953.82,6600.23,19800.68,106,0.5662,0.9351,0,0.8136,48595.67,0.8724,27859.58,0.571,0.7766,0.3742,True,0,SYNTHETIC_SHOWCASE_ONLY
9003579,1997-05-29,gig_worker,65553.32,9,81199.77,16819.87,50459.6,43,0.5331,0.7519,1,0.7363,0.0,0.5769,0.0,0.323,0.547,0.4302,True,0,SYNTHETIC_SHOWCASE_ONLY
9003580,1993-05-22,first_time_borrower,20374.57,18,28119.53,9005.03,27015.09,211,0.7226,0.4536,1,0.583,0.0,0.0927,0.0,0.3157,0.8198,0.2445,True,1,SYNTHETIC_SHOWCASE_ONLY
9003581,1997-05-29,gig_worker,57173.55,12,47337.29,16043.92,48131.76,143,0.687,0.7746,0,0.7382,0.0,0.1653,0.0,0.4996,0.7118,0.3644,True,1,SYNTHETIC_SHOWCASE_ONLY
9003582,1996-10-28,gig_worker,67686.25,24,21011.67,7075.86,21227.59,131,0.6648,0.7788,0,0.6628,0.0,0.1015,0.0,0.091,0.7566,0.3537,True,1,SYNTHETIC_SHOWCASE_ONLY
9003583,1994-01-13,small_merchant,101647.83,24,24721.98,7524.44,22573.33,52,0.9231,0.9379,0,0.8742,82289.74,0.8948,19923.39,0.4754,0.8961,0.096,True,0,SYNTHETIC_SHOWCASE_ONLY
9003584,1994-07-16,gig_worker,134458.7,12,28169.22,6246.01,18738.04,209,0.5085,0.8041,2,0.5483,0.0,0.4362,0.0,0.1928,0.6329,0.6334,True,1,SYNTHETIC_SHOWCASE_ONLY
9003585,1996-10-06,gig_worker,26485.4,24,19309.95,5242.42,15727.26,23,0.7828,0.7328,1,0.9277,0.0,0.1585,0.0,0.0737,0.4169,0.2428,True,0,SYNTHETIC_SHOWCASE_ONLY
9003586,1994-01-31,informal_worker,46017.84,36,25391.64,8869.95,26609.86,204,0.9717,0.6634,1,0.7374,0.0,0.1628,0.0,0.2628,0.7298,0.0092,True,0,SYNTHETIC_SHOWCASE_ONLY
9003587,1995-04-07,small_merchant,35937.49,24,42882.72,10855.95,32567.84,187,0.6979,0.6003,4,0.7553,53969.29,0.754,46292.54,0.6323,0.6846,0.2119,True,1,SYNTHETIC_SHOWCASE_ONLY
9003588,1996-06-11,gig_worker,94422.76,12,19068.34,4176.11,12528.34,168,0.5219,0.9366,0,0.6932,0.0,0.1337,0.0,0.0904,0.4392,0.505,True,1,SYNTHETIC_SHOWCASE_ONLY
9003589,1996-04-02,small_merchant,113013.57,12,28001.2,7166.16,21498.48,112,0.829,0.9037,0,0.7486,108064.18,0.7888,1052.76,0.9002,0.8507,0.1497,True,0,SYNTHETIC_SHOWCASE_ONLY
9003590,1997-07-20,informal_worker,106830.23,12,39346.09,8253.57,24760.72,96,0.7423,0.9306,1,0.5799,0.0,0.0528,0.0,0.5238,0.2067,0.2349,True,0,SYNTHETIC_SHOWCASE_ONLY
9003591,1993-07-23,gig_worker,59044.31,12,18849.02,4576.44,13729.32,183,0.8703,0.8757,3,0.8593,0.0,0.0713,0.0,0.3133,0.4873,0.0199,True,0,SYNTHETIC_SHOWCASE_ONLY
9003592,1994-06-23,gig_worker,145596.93,12,47370.66,13466.27,40398.8,39,0.9636,0.6071,1,0.9016,0.0,0.6575,0.0,0.1279,0.4937,0.0,True,0,SYNTHETIC_SHOWCASE_ONLY
9003593,1997-12-04,informal_worker,49851.09,24,28996.89,9290.35,27871.04,238,0.6053,0.8511,0,0.6931,0.0,0.4213,0.0,0.094,0.7401,0.519,True,0,SYNTHETIC_SHOWCASE_ONLY
9003594,1995-11-05,informal_worker,36619.59,18,25866.42,9020.97,27062.9,129,0.8967,0.7395,3,0.7449,0.0,0.3331,0.0,0.1926,0.8445,0.1577,True,1,SYNTHETIC_SHOWCASE_ONLY
9003595,1994-03-31,first_time_borrower,20361.87,18,10679.15,3624.84,10874.53,163,0.676,0.873,0,0.6207,0.0,0.3118,0.0,0.1846,0.5008,0.305,True,0,SYNTHETIC_SHOWCASE_ONLY
9003596,1994-06-14,small_merchant,39492.24,9,23403.15,4976.08,14928.23,128,0.6864,0.8584,0,0.9366,100757.66,0.9489,20802.94,0.8319,0.5693,0.2644,True,0,SYNTHETIC_SHOWCASE_ONLY
9003597,1994-09-12,gig_worker,102179.81,6,33467.3,9990.77,29972.31,102,0.5172,0.9263,0,0.7289,0.0,0.2462,0.0,0.1913,0.4043,0.4498,True,1,SYNTHETIC_SHOWCASE_ONLY
9003598,1995-10-10,small_merchant,126585.62,24,64713.52,13908.8,41726.39,240,0.6615,0.9341,0,0.6663,91386.96,0.8541,1256.93,0.4665,0.7354,0.4047,True,0,SYNTHETIC_SHOWCASE_ONLY
9003599,1994-06-04,informal_worker,140011.78,18,36774.01,9269.11,27807.33,84,0.9191,0.5694,1,0.9,0.0,0.3562,0.0,0.7898,0.5917,0.0023,True,0,SYNTHETIC_SHOWCASE_ONLY
9003600,1996-02-10,gig_worker,148985.17,36,48076.25,17035.04,51105.13,148,0.8363,0.972,0,0.6019,0.0,0.5751,0.0,0.4805,0.7166,0.1899,True,0,SYNTHETIC_SHOWCASE_ONLY
9003601,1995-03-25,small_merchant,46104.5,18,15671.35,4299.29,12897.88,44,0.7195,0.8105,0,0.9953,66099.5,0.9404,4879.97,0.8748,0.4289,0.3451,True,0,SYNTHETIC_SHOWCASE_ONLY
9003602,1996-01-20,gig_worker,126085.53,12,26346.35,10952.74,32858.21,20,0.5214,0.8754,1,0.7887,0.0,0.5003,0.0,0.2289,0.4434,0.4792,True,1,SYNTHETIC_SHOWCASE_ONLY
9003603,1993-10-11,first_time_borrower,101551.69,24,50307.93,19940.49,59821.46,149,0.724,0.8646,1,0.8039,0.0,0.3715,0.0,0.2876,0.5116,0.2436,True,1,SYNTHETIC_SHOWCASE_ONLY
9003604,1996-02-13,first_time_borrower,62081.71,24,18285.21,4775.31,14325.94,176,0.4244,0.9732,0,0.9707,0.0,0.4125,0.0,0.368,0.7539,0.6472,True,0,SYNTHETIC_SHOWCASE_ONLY
9003605,1997-08-16,small_merchant,26710.51,6,44500.99,15028.97,45086.91,158,0.4325,0.8127,0,0.7614,84916.36,0.776,44078.9,0.5896,0.4452,0.5366,True,1,SYNTHETIC_SHOWCASE_ONLY
9003606,1993-09-04,first_time_borrower,152980.57,24,39813.14,10979.86,32939.58,198,0.4576,0.9254,0,0.5269,0.0,0.3249,0.0,0.028,0.4774,0.5349,True,1,SYNTHETIC_SHOWCASE_ONLY
9003607,1994-08-21,first_time_borrower,89808.62,12,31946.79,10704.23,32112.7,128,0.8099,0.9107,1,0.8209,0.0,0.3919,0.0,0.1512,0.6526,0.1844,True,0,SYNTHETIC_SHOWCASE_ONLY
9003608,1996-06-20,gig_worker,36273.66,12,23913.12,5312.03,15936.09,77,0.9175,0.5912,2,0.8365,0.0,0.1323,0.0,0.044,0.829,0.0785,True,0,SYNTHETIC_SHOWCASE_ONLY
9003609,1996-02-02,small_merchant,10580.09,6,17440.29,3205.35,9616.05,107,0.6862,0.8776,1,0.8501,30511.11,0.6548,9075.14,0.6043,0.8629,0.3448,True,0,SYNTHETIC_SHOWCASE_ONLY
9003610,1996-05-17,informal_worker,243609.76,18,65653.21,22420.73,67262.2,82,0.6431,0.7965,2,0.6279,0.0,0.4944,0.0,0.1065,0.4626,0.2928,True,1,SYNTHETIC_SHOWCASE_ONLY
9003611,1995-10-19,gig_worker,133324.93,24,37920.75,9249.8,27749.4,161,0.6398,0.9025,0,0.6493,0.0,0.3799,0.0,0.1796,0.7241,0.3064,True,0,SYNTHETIC_SHOWCASE_ONLY
9003612,1996-05-31,small_merchant,116323.17,12,32973.37,7504.21,22512.62,274,0.8825,0.7506,0,0.7516,52127.97,0.5763,25659.96,0.5375,0.7326,0.0655,True,0,SYNTHETIC_SHOWCASE_ONLY
9003613,1996-01-18,gig_worker,57985.85,24,22966.5,6761.55,20284.65,18,0.8869,0.9107,0,0.6302,0.0,0.1418,0.0,0.3224,0.5877,0.306,True,0,SYNTHETIC_SHOWCASE_ONLY
9003614,1993-05-16,first_time_borrower,97314.47,24,28513.65,10208.68,30626.05,189,0.6586,0.8465,0,0.9425,0.0,0.3662,0.0,0.51,0.659,0.1872,True,0,SYNTHETIC_SHOWCASE_ONLY
9003615,1996-10-03,small_merchant,94361.78,12,30303.67,6677.23,20031.7,206,0.9026,0.8112,0,0.7509,60574.31,0.8137,25566.95,0.7317,0.6749,0.0634,True,0,SYNTHETIC_SHOWCASE_ONLY
9003616,1995-03-27,informal_worker,56014.45,6,33924.75,8475.88,25427.63,207,0.9174,0.5805,1,0.8866,0.0,0.5298,0.0,0.2041,0.7679,0.0325,True,0,SYNTHETIC_SHOWCASE_ONLY
9003617,1993-04-04,small_merchant,114820.88,12,39832.69,8685.13,26055.38,88,0.7284,0.9518,1,0.7327,89129.78,0.7757,30613.08,0.7399,0.6889,0.259,True,0,SYNTHETIC_SHOWCASE_ONLY
9003618,1995-01-17,gig_worker,55086.8,9,19232.82,3769.4,11308.21,144,0.8345,0.8338,0,0.6838,0.0,0.1433,0.0,0.5769,0.6768,0.1094,True,0,SYNTHETIC_SHOWCASE_ONLY
9003619,1995-03-06,first_time_borrower,58498.81,36,13849.35,3776.51,11329.53,217,0.6541,0.7271,2,0.9033,0.0,0.0711,0.0,0.3149,0.8387,0.4221,True,1,SYNTHETIC_SHOWCASE_ONLY
9003620,1993-06-08,gig_worker,73104.24,24,29155.96,8539.29,25617.87,99,0.8236,0.8769,2,0.8484,0.0,0.5726,0.0,0.3584,0.6778,0.1782,True,0,SYNTHETIC_SHOWCASE_ONLY
9003621,1997-12-24,gig_worker,30487.39,6,12104.05,3031.69,9095.07,252,0.752,0.9162,0,0.8204,0.0,0.3261,0.0,0.2848,0.9619,0.3191,True,0,SYNTHETIC_SHOWCASE_ONLY
9003622,1994-02-11,small_merchant,118210.39,18,23971.06,8810.63,26431.89,20,0.4281,0.5957,2,0.7612,49383.1,0.9162,26545.31,0.5159,0.7754,0.4245,True,1,SYNTHETIC_SHOWCASE_ONLY
9003623,1994-08-27,informal_worker,99460.42,12,21928.64,5489.72,16469.16,260,0.6137,0.7867,0,0.6808,0.0,0.1652,0.0,0.4585,0.897,0.3104,True,1,SYNTHETIC_SHOWCASE_ONLY
9003624,1995-03-17,small_merchant,59068.88,6,35454.27,10120.65,30361.96,251,0.4602,0.9366,0,0.7127,83946.48,0.9191,28374.61,0.5305,0.6756,0.4869,True,1,SYNTHETIC_SHOWCASE_ONLY
9003625,1997-03-01,gig_worker,300000.0,12,72519.18,16496.28,49488.83,46,0.9197,0.6543,2,0.8891,0.0,0.5136,0.0,0.1817,0.5614,0.1822,True,1,SYNTHETIC_SHOWCASE_ONLY
9003626,1996-09-18,small_merchant,13289.62,9,11009.97,3207.01,9621.02,234,0.6285,0.9036,2,0.7274,36189.59,0.5423,16003.37,0.6892,0.6613,0.4633,True,1,SYNTHETIC_SHOWCASE_ONLY
9003627,1996-11-08,gig_worker,300000.0,12,83413.76,16624.49,49873.48,104,0.8934,0.9035,0,0.8071,0.0,0.0261,0.0,0.4461,0.634,0.095,True,0,SYNTHETIC_SHOWCASE_ONLY
9003628,1994-03-09,gig_worker,35216.69,12,25036.34,9013.18,27039.54,183,0.7238,0.7905,0,0.8266,0.0,0.3491,0.0,0.1562,0.8007,0.3257,True,0,SYNTHETIC_SHOWCASE_ONLY
9003629,1997-03-24,small_merchant,81813.73,12,33087.4,12109.98,36329.95,145,0.8645,0.6738,0,0.6011,55969.94,0.6806,3713.03,0.2569,0.7823,0.0163,True,0,SYNTHETIC_SHOWCASE_ONLY
9003630,1997-02-24,gig_worker,69984.44,12,14197.77,2771.61,8314.82,57,0.8904,0.9539,0,0.4716,0.0,0.4021,0.0,0.2584,0.4787,0.1739,True,1,SYNTHETIC_SHOWCASE_ONLY
9003631,1995-04-28,gig_worker,46402.8,18,45182.18,14710.3,44130.91,49,0.7352,0.629,0,0.8658,0.0,0.0908,0.0,0.1231,0.4928,0.2667,True,0,SYNTHETIC_SHOWCASE_ONLY
9003632,1995-09-24,informal_worker,122679.88,12,28562.98,7277.61,21832.82,221,0.762,0.883,3,0.9549,0.0,0.3197,0.0,0.3758,0.9308,0.2657,True,1,SYNTHETIC_SHOWCASE_ONLY
9003633,1993-03-09,informal_worker,75490.73,18,27185.95,7232.36,21697.07,56,0.6745,0.7105,3,0.5639,0.0,0.131,0.0,0.0974,0.7661,0.3322,True,1,SYNTHETIC_SHOWCASE_ONLY
9003634,1996-10-20,gig_worker,12024.35,12,11048.11,3853.58,11560.75,68,0.6558,0.8277,0,0.8541,0.0,0.263,0.0,0.4616,0.7077,0.3923,True,0,SYNTHETIC_SHOWCASE_ONLY
9003635,1997-10-21,small_merchant,138983.92,36,29009.6,7771.56,23314.67,171,0.4882,0.7908,0,0.7692,119500.86,0.8928,32689.02,0.4947,0.8351,0.5251,True,1,SYNTHETIC_SHOWCASE_ONLY
9003636,1995-05-13,gig_worker,126765.44,6,42022.37,13556.59,40669.78,23,0.4042,0.9416,1,0.757,0.0,0.185,0.0,0.4243,0.5501,0.5949,True,1,SYNTHETIC_SHOWCASE_ONLY
9003637,1995-09-14,first_time_borrower,111861.0,18,24997.87,9436.47,28309.42,212,0.6414,0.9748,0,0.7932,0.0,0.094,0.0,0.1364,0.6693,0.35,True,0,SYNTHETIC_SHOWCASE_ONLY
9003638,1995-07-01,gig_worker,217648.29,12,49196.39,15126.85,45380.55,163,0.8335,0.9327,0,0.6243,0.0,0.0738,0.0,0.2799,0.7069,0.1312,True,0,SYNTHETIC_SHOWCASE_ONLY
9003639,1993-05-31,gig_worker,32044.05,12,48230.62,18527.16,55581.48,135,0.8749,0.9092,0,0.8545,0.0,0.2863,0.0,0.3195,0.7091,0.0958,True,0,SYNTHETIC_SHOWCASE_ONLY
9003640,1996-02-06,small_merchant,36335.63,18,20583.27,5821.02,17463.05,52,0.9232,0.9057,1,0.7473,70760.21,0.8937,9688.61,0.5328,0.8669,0.0152,True,0,SYNTHETIC_SHOWCASE_ONLY
9003641,1996-08-10,gig_worker,125387.21,24,60211.25,17511.92,52535.75,23,0.9248,0.9535,0,0.4589,0.0,0.543,0.0,0.1404,0.5879,0.1223,True,0,SYNTHETIC_SHOWCASE_ONLY
9003642,1997-08-22,gig_worker,84512.86,36,28615.43,10769.03,32307.09,232,0.6793,0.9017,0,0.804,0.0,0.1237,0.0,0.1983,0.907,0.4108,True,0,SYNTHETIC_SHOWCASE_ONLY
9003643,1997-08-25,gig_worker,26273.82,18,28676.62,11768.68,35306.05,185,0.9251,0.9505,0,0.8764,0.0,0.7578,0.0,0.1098,0.4499,0.0433,True,0,SYNTHETIC_SHOWCASE_ONLY
9003644,1995-06-18,informal_worker,67869.88,12,29362.42,10680.53,32041.58,143,0.4898,0.8495,0,0.8785,0.0,0.1905,0.0,0.1868,0.8579,0.4336,True,0,SYNTHETIC_SHOWCASE_ONLY
9003645,1997-10-18,informal_worker,121127.2,24,28947.27,7831.87,23495.62,61,0.6638,0.7079,1,0.6124,0.0,0.355,0.0,0.1372,0.6708,0.2712,True,0,SYNTHETIC_SHOWCASE_ONLY
9003646,1995-08-24,informal_worker,10791.13,12,7922.77,2985.82,8957.46,85,0.5613,0.8117,1,0.8477,0.0,0.3378,0.0,0.069,0.651,0.3085,True,0,SYNTHETIC_SHOWCASE_ONLY
9003647,1996-03-18,informal_worker,94405.49,18,25614.57,6738.82,20216.45,133,0.7056,0.6246,2,0.8769,0.0,0.5046,0.0,0.5331,0.5091,0.3232,True,1,SYNTHETIC_SHOWCASE_ONLY
9003648,1996-01-05,small_merchant,38197.2,24,14548.82,5299.83,15899.5,177,0.8062,0.7173,2,0.8706,33012.06,0.5043,18523.32,0.6267,0.4165,0.116,True,1,SYNTHETIC_SHOWCASE_ONLY
9003649,1997-12-29,first_time_borrower,55686.95,12,61120.4,21357.34,64072.02,214,0.5552,0.9604,0,0.7244,0.0,0.1904,0.0,0.3658,0.4346,0.4686,True,0,SYNTHETIC_SHOWCASE_ONLY
9003650,1996-09-08,informal_worker,82758.85,18,59950.81,13446.86,40340.58,258,0.7395,0.6352,1,0.6463,0.0,0.3841,0.0,0.1883,0.5923,0.2594,True,0,SYNTHETIC_SHOWCASE_ONLY
9003651,1993-08-08,informal_worker,51440.43,9,42145.79,15880.56,47641.69,107,0.4442,0.8269,0,0.8344,0.0,0.3968,0.0,0.403,0.5445,0.5428,True,1,SYNTHETIC_SHOWCASE_ONLY
9003652,1993-05-12,informal_worker,83074.56,6,24971.62,10247.87,30743.62,269,0.6875,0.9943,0,0.8231,0.0,0.3412,0.0,0.2302,0.3887,0.2839,True,1,SYNTHETIC_SHOWCASE_ONLY
9003653,1995-01-19,small_merchant,16987.18,36,17259.41,4741.0,14223.0,96,0.5629,0.9029,1,0.8165,21532.7,0.5242,16866.84,0.6434,0.7153,0.439,True,0,SYNTHETIC_SHOWCASE_ONLY
9003654,1995-07-31,gig_worker,86205.49,9,20421.04,7140.5,21421.5,223,0.8296,0.6591,2,0.9255,0.0,0.1529,0.0,0.2874,0.7264,0.2357,True,1,SYNTHETIC_SHOWCASE_ONLY
9003655,1996-05-05,small_merchant,295187.96,12,71141.63,19881.89,59645.66,271,0.6086,0.5346,4,0.6209,257649.38,0.5038,96024.58,0.7393,0.7083,0.4688,True,1,SYNTHETIC_SHOWCASE_ONLY
9003656,1995-05-30,gig_worker,19125.95,18,20084.53,6919.95,20759.86,240,0.9374,0.9942,0,0.7581,0.0,0.4704,0.0,0.4112,0.6792,0.0,True,0,SYNTHETIC_SHOWCASE_ONLY
9003657,1995-07-29,small_merchant,40747.21,12,9038.73,2781.68,8345.04,163,0.8038,0.783,0,0.7253,32369.86,0.7815,12302.21,0.9843,0.5102,0.2112,True,0,SYNTHETIC_SHOWCASE_ONLY
9003658,1997-08-10,gig_worker,221300.54,9,45910.05,12431.18,37293.54,136,0.9564,0.7013,1,0.5919,0.0,0.3147,0.0,0.1449,0.7994,0.0,True,1,SYNTHETIC_SHOWCASE_ONLY
9003659,1994-09-04,gig_worker,45527.52,12,57538.02,12981.96,38945.89,148,0.8712,0.7735,0,0.9884,0.0,0.0537,0.0,0.5313,0.5167,0.1339,True,0,SYNTHETIC_SHOWCASE_ONLY
9003660,1995-06-21,first_time_borrower,296893.03,18,62092.68,12620.73,37862.19,12,0.7758,0.7368,0,0.8618,0.0,0.3704,0.0,0.2254,0.8186,0.0,True,0,SYNTHETIC_SHOWCASE_ONLY
9003661,1995-10-15,informal_worker,84329.12,12,46090.72,18779.16,56337.47,249,0.8061,0.8976,0,0.5691,0.0,0.3072,0.0,0.4716,0.5531,0.118,True,0,SYNTHETIC_SHOWCASE_ONLY
9003662,1995-05-06,small_merchant,175704.03,24,49845.79,16645.51,49936.53,160,0.3763,0.8898,0,0.8503,201414.58,0.8798,19237.88,0.5571,0.9248,0.7156,True,1,SYNTHETIC_SHOWCASE_ONLY
9003663,1997-11-03,small_merchant,39323.87,12,28720.55,8884.3,26652.91,175,0.6064,0.8509,1,0.9501,48407.18,0.5424,33499.73,0.8311,0.6138,0.1781,True,0,SYNTHETIC_SHOWCASE_ONLY
9003664,1997-10-23,small_merchant,43376.0,36,10335.48,2630.84,7892.51,85,0.6894,0.7986,0,0.7149,41228.88,0.9475,12038.79,0.4125,0.511,0.4333,True,0,SYNTHETIC_SHOWCASE_ONLY
9003665,1995-07-26,first_time_borrower,122147.52,12,28377.24,9448.44,28345.32,248,0.8148,0.883,0,0.7713,0.0,0.1233,0.0,0.3034,0.4895,0.2596,True,0,SYNTHETIC_SHOWCASE_ONLY
9003666,1995-04-03,informal_worker,185073.64,12,37733.92,10362.34,31087.01,52,0.7126,0.8382,0,0.7831,0.0,0.023,0.0,0.1741,0.7874,0.3008,True,1,SYNTHETIC_SHOWCASE_ONLY
9003667,1995-12-12,informal_worker,130336.63,36,26239.74,5465.72,16397.17,255,0.9201,0.7845,0,0.6979,0.0,0.038,0.0,0.2119,0.7687,0.1868,True,0,SYNTHETIC_SHOWCASE_ONLY
9003668,1993-11-27,small_merchant,23971.9,24,25672.06,7478.01,22434.02,109,0.8347,0.5352,1,0.9529,107274.97,0.5663,14566.15,0.3206,0.5617,0.0724,True,0,SYNTHETIC_SHOWCASE_ONLY
9003669,1995-02-17,small_merchant,61606.82,12,17626.93,5635.85,16907.55,211,0.8392,0.6652,0,0.9733,56822.21,0.6137,24006.84,0.7133,0.4128,0.0942,True,0,SYNTHETIC_SHOWCASE_ONLY
9003670,1994-02-01,informal_worker,31184.96,12,17311.48,3881.08,11643.25,32,0.4474,0.807,2,0.8898,0.0,0.4219,0.0,0.5917,0.8415,0.5678,True,1,SYNTHETIC_SHOWCASE_ONLY
9003671,1993-09-21,first_time_borrower,77982.62,24,67661.4,16073.59,48220.78,40,0.449,0.8237,0,0.9484,0.0,0.1016,0.0,0.4139,0.4567,0.5035,True,0,SYNTHETIC_SHOWCASE_ONLY
9003672,1993-06-23,small_merchant,86382.68,9,68847.28,27356.49,82069.48,229,0.7498,0.7937,0,0.7029,291724.79,0.8018,2340.45,0.762,0.5513,0.1425,True,0,SYNTHETIC_SHOWCASE_ONLY
9003673,1995-12-08,small_merchant,132001.24,12,27964.45,7337.23,22011.7,176,0.64,0.5895,0,0.7707,73419.49,0.7003,8535.51,0.7286,0.7768,0.4528,True,1,SYNTHETIC_SHOWCASE_ONLY
9003674,1993-01-02,small_merchant,115642.69,18,32051.24,10855.74,32567.22,179,0.8538,0.9555,0,0.7522,67795.09,0.6804,6646.07,0.8498,0.6256,0.1562,True,0,SYNTHETIC_SHOWCASE_ONLY
9003675,1996-03-25,small_merchant,14373.87,24,17485.86,6454.57,19363.71,151,0.9339,0.9289,0,0.828,45293.74,0.8882,9059.59,0.5908,0.3426,0.0334,True,0,SYNTHETIC_SHOWCASE_ONLY
9003676,1995-02-28,first_time_borrower,187936.4,18,38116.24,11627.6,34882.81,71,0.7345,0.871,0,0.5038,0.0,0.0704,0.0,0.3288,0.6171,0.2972,True,1,SYNTHETIC_SHOWCASE_ONLY
9003677,1994-11-01,informal_worker,270696.38,18,65159.37,17101.82,51305.45,179,0.6005,0.6784,2,0.7908,0.0,0.2099,0.0,0.336,0.8307,0.3923,True,0,SYNTHETIC_SHOWCASE_ONLY
9003678,1996-11-05,small_merchant,26346.0,36,13439.17,5039.39,15118.16,38,0.92,0.8433,1,0.5387,60087.32,0.6231,18423.04,0.6834,0.8714,0.1151,True,1,SYNTHETIC_SHOWCASE_ONLY
9003679,1995-09-11,small_merchant,93468.64,9,34983.22,12429.64,37288.91,91,0.5962,0.7782,1,0.6091,51091.77,0.9535,45253.15,0.3265,0.5975,0.4203,True,1,SYNTHETIC_SHOWCASE_ONLY
9003680,1996-09-01,small_merchant,137707.13,24,36267.98,8267.7,24803.1,142,0.9162,0.896,0,0.927,138941.2,0.954,30223.26,0.6824,0.7295,0.0,True,0,SYNTHETIC_SHOWCASE_ONLY
9003681,1996-07-19,gig_worker,128932.95,9,36069.79,12818.28,38454.85,252,0.9352,0.8998,0,0.7776,0.0,0.2029,0.0,0.5016,0.5998,0.1105,True,0,SYNTHETIC_SHOWCASE_ONLY
9003682,1993-02-28,small_merchant,162488.9,24,61605.86,21743.75,65231.26,271,0.5836,0.7336,1,0.7229,127701.33,0.7581,66180.27,0.6389,0.5033,0.3833,True,1,SYNTHETIC_SHOWCASE_ONLY
9003683,1994-01-29,informal_worker,212383.88,18,74402.78,21776.38,65329.15,253,0.4446,0.9398,0,0.8853,0.0,0.3201,0.0,0.7949,0.7317,0.5362,True,0,SYNTHETIC_SHOWCASE_ONLY
9003684,1995-11-07,informal_worker,19777.68,12,25031.43,8954.09,26862.28,88,0.4966,0.853,1,0.837,0.0,0.2094,0.0,0.3086,0.6477,0.5262,True,1,SYNTHETIC_SHOWCASE_ONLY
9003685,1997-11-17,gig_worker,108412.34,18,38680.2,13020.94,39062.81,249,0.9692,0.8165,2,0.7287,0.0,0.2182,0.0,0.2843,0.5267,0.0122,True,0,SYNTHETIC_SHOWCASE_ONLY
9003686,1993-10-09,informal_worker,61141.18,24,29155.3,7079.63,21238.88,127,0.5419,0.8374,0,0.6208,0.0,0.1092,0.0,0.1988,0.6897,0.3579,True,0,SYNTHETIC_SHOWCASE_ONLY
9003687,1993-07-12,informal_worker,38330.89,12,20672.19,7416.69,22250.08,40,0.7376,0.6088,0,0.8558,0.0,0.3019,0.0,0.1527,0.6152,0.3012,True,1,SYNTHETIC_SHOWCASE_ONLY
9003688,1997-09-15,gig_worker,56960.8,6,31886.9,11693.8,35081.39,112,0.7599,0.8329,1,0.7674,0.0,0.2597,0.0,0.3645,0.52,0.2901,True,1,SYNTHETIC_SHOWCASE_ONLY
9003689,1997-11-01,informal_worker,133546.91,6,38649.13,9381.05,28143.15,220,0.3817,0.87,1,0.8262,0.0,0.6466,0.0,0.4917,0.9465,0.54,True,1,SYNTHETIC_SHOWCASE_ONLY
9003690,1993-11-02,informal_worker,77331.72,18,31072.72,7997.38,23992.14,133,0.895,0.3916,1,0.613,0.0,0.0994,0.0,0.0676,0.6335,0.019,True,0,SYNTHETIC_SHOWCASE_ONLY
9003691,1995-01-04,first_time_borrower,45371.5,18,18342.81,6421.67,19265.0,93,0.7525,0.8065,1,0.5379,0.0,0.2068,0.0,0.3018,0.7578,0.1827,True,0,SYNTHETIC_SHOWCASE_ONLY
9003692,1996-02-19,gig_worker,29147.96,12,22414.22,6836.91,20510.73,84,0.6855,0.916,0,0.8775,0.0,0.18,0.0,0.1833,0.5507,0.3556,True,0,SYNTHETIC_SHOWCASE_ONLY
9003693,1993-12-23,gig_worker,108708.58,12,22496.71,5191.81,15575.44,163,0.6111,0.4886,4,0.8408,0.0,0.2812,0.0,0.3808,0.7742,0.3378,True,1,SYNTHETIC_SHOWCASE_ONLY
9003694,1994-08-19,small_merchant,29624.14,24,18687.06,7248.22,21744.66,170,0.7765,0.8865,0,0.8548,57092.18,0.7081,21301.74,0.7857,0.7121,0.2317,True,0,SYNTHETIC_SHOWCASE_ONLY
9003695,1994-12-23,gig_worker,77687.22,12,32547.6,12621.83,37865.49,279,0.5532,0.9044,0,0.7286,0.0,0.6055,0.0,0.2726,0.5807,0.5757,True,0,SYNTHETIC_SHOWCASE_ONLY
9003696,1996-03-17,small_merchant,49175.08,6,34223.01,8129.14,24387.41,167,0.9995,0.8747,0,0.8409,120071.85,0.8406,12916.61,0.682,0.8637,0.0117,True,0,SYNTHETIC_SHOWCASE_ONLY
9003697,1994-07-17,informal_worker,165510.8,12,44807.38,18502.1,55506.31,279,0.6926,0.9197,0,0.8239,0.0,0.1925,0.0,0.4496,0.8365,0.298,True,1,SYNTHETIC_SHOWCASE_ONLY
9003698,1995-01-23,gig_worker,46730.38,18,18551.41,6191.17,18573.52,123,0.6908,0.8612,1,0.8579,0.0,0.2358,0.0,0.291,0.4171,0.2716,True,0,SYNTHETIC_SHOWCASE_ONLY
9003699,1994-06-13,small_merchant,51357.29,36,21221.5,5903.02,17709.07,96,0.6574,0.8937,0,0.7418,67876.41,0.9357,19941.66,0.6485,0.6917,0.422,True,0,SYNTHETIC_SHOWCASE_ONLY
9003700,1996-10-19,first_time_borrower,262800.65,18,59050.79,13023.91,39071.72,253,0.7625,0.9002,0,0.6447,0.0,0.3134,0.0,0.2191,0.7781,0.2615,True,0,SYNTHETIC_SHOWCASE_ONLY
9003701,1993-10-07,small_merchant,101988.64,12,25874.2,10499.35,31498.06,208,0.6536,0.9192,0,0.9725,52359.42,0.6546,1954.32,0.3569,0.8638,0.3254,True,1,SYNTHETIC_SHOWCASE_ONLY
9003702,1994-02-26,small_merchant,82026.41,24,28407.9,8642.04,25926.13,275,0.5812,0.681,1,0.8575,36166.69,0.831,24555.27,0.6446,0.8459,0.342,True,0,SYNTHETIC_SHOWCASE_ONLY
9003703,1994-04-02,small_merchant,68522.11,12,25742.79,9645.39,28936.16,177,0.9322,0.7791,0,0.9012,72232.56,0.9828,32195.54,0.465,0.5186,0.0,True,0,SYNTHETIC_SHOWCASE_ONLY
9003704,1997-07-12,gig_worker,232658.76,36,48233.77,13951.62,41854.85,254,0.7907,0.8358,0,0.6894,0.0,0.4271,0.0,0.1389,0.7764,0.2591,True,1,SYNTHETIC_SHOWCASE_ONLY
9003705,1997-09-21,gig_worker,236286.26,12,49139.97,9687.78,29063.35,205,0.5424,0.8105,0,0.5935,0.0,0.4788,0.0,0.2234,0.5418,0.4427,True,1,SYNTHETIC_SHOWCASE_ONLY
9003706,1995-07-03,informal_worker,176822.29,36,47777.0,17188.02,51564.06,272,0.8708,0.8139,1,0.7796,0.0,0.5444,0.0,0.2248,0.6936,0.1685,True,0,SYNTHETIC_SHOWCASE_ONLY
9003707,1993-10-13,small_merchant,111867.76,24,28359.36,6234.56,18703.67,175,0.8497,0.7304,1,0.8921,60917.62,0.7855,22016.3,0.7177,0.8233,0.0783,True,0,SYNTHETIC_SHOWCASE_ONLY
9003708,1996-10-12,gig_worker,83921.53,24,18419.97,4479.66,13438.99,162,0.4625,0.7001,1,0.7271,0.0,0.0332,0.0,0.1143,0.852,0.6652,True,1,SYNTHETIC_SHOWCASE_ONLY
9003709,1995-06-18,gig_worker,300000.0,6,70548.95,29059.29,87177.88,35,0.7254,0.8858,3,0.4442,0.0,0.5854,0.0,0.1803,0.8032,0.2281,True,1,SYNTHETIC_SHOWCASE_ONLY
9003710,1997-04-01,first_time_borrower,40629.78,24,42234.31,16692.47,50077.4,185,0.841,0.7638,0,0.7561,0.0,0.1857,0.0,0.206,0.5953,0.1145,True,0,SYNTHETIC_SHOWCASE_ONLY
9003711,1994-10-20,gig_worker,112179.64,24,22488.59,5917.53,17752.58,61,0.8167,0.8916,0,0.4465,0.0,0.1195,0.0,0.2538,0.9425,0.2356,True,0,SYNTHETIC_SHOWCASE_ONLY
9003712,1997-12-29,informal_worker,204825.28,12,55458.64,10859.91,32579.74,88,0.4058,0.7859,1,0.8368,0.0,0.2031,0.0,0.3828,0.4499,0.6601,True,1,SYNTHETIC_SHOWCASE_ONLY
9003713,1997-01-13,small_merchant,69462.29,18,21652.31,4644.39,13933.17,176,0.7043,0.9325,0,0.8305,53778.17,0.9308,9652.25,0.8503,0.5111,0.2041,True,0,SYNTHETIC_SHOWCASE_ONLY
9003714,1994-02-13,informal_worker,133253.88,18,55110.6,13222.0,39666.01,148,0.7702,0.9076,0,0.8967,0.0,0.2158,0.0,0.2902,0.816,0.1189,True,0,SYNTHETIC_SHOWCASE_ONLY
9003715,1996-08-17,gig_worker,118416.08,36,56927.65,21662.83,64988.5,98,0.9206,0.9461,1,0.9134,0.0,0.121,0.0,0.2413,0.8721,0.0832,True,0,SYNTHETIC_SHOWCASE_ONLY
9003716,1994-06-08,gig_worker,74457.78,24,17991.38,7228.84,21686.52,184,0.8138,0.9882,1,0.7568,0.0,0.3813,0.0,0.1452,0.6529,0.1868,True,0,SYNTHETIC_SHOWCASE_ONLY
9003717,1994-10-01,small_merchant,128810.35,12,37019.64,11519.19,34557.58,88,0.8757,0.8557,0,0.7431,82265.09,0.9484,11775.86,0.8699,0.6747,0.143,True,0,SYNTHETIC_SHOWCASE_ONLY
9003718,1994-04-03,informal_worker,60448.54,18,40758.16,13133.06,39399.18,171,0.7583,0.8089,1,0.9103,0.0,0.4275,0.0,0.2672,0.4277,0.3179,True,0,SYNTHETIC_SHOWCASE_ONLY
9003719,1996-05-30,gig_worker,300000.0,12,98234.84,20997.56,62992.68,25,0.4528,0.7797,1,0.5447,0.0,0.2841,0.0,0.2094,0.5743,0.6209,True,1,SYNTHETIC_SHOWCASE_ONLY
9003720,1994-04-26,small_merchant,23943.03,12,19607.26,4113.19,12339.57,207,0.7087,0.3133,2,0.7508,57010.46,0.8416,11818.94,0.2868,0.5566,0.2287,True,1,SYNTHETIC_SHOWCASE_ONLY
9003721,1996-03-12,small_merchant,155170.05,24,55691.37,11509.18,34527.53,199,0.8586,0.7689,1,0.9577,83583.53,0.7729,33455.91,0.7282,0.6775,0.2357,True,0,SYNTHETIC_SHOWCASE_ONLY
9003722,1995-11-30,gig_worker,89423.44,18,28234.1,6627.68,19883.05,58,0.6353,0.8228,1,0.8302,0.0,0.2522,0.0,0.2346,0.5574,0.3514,True,1,SYNTHETIC_SHOWCASE_ONLY
9003723,1996-10-02,small_merchant,52417.75,24,15430.56,4303.17,12909.5,160,0.7464,0.764,0,0.8713,29178.0,0.4512,16310.13,0.6282,0.5469,0.2102,True,0,SYNTHETIC_SHOWCASE_ONLY
9003724,1997-12-20,gig_worker,32754.46,18,26432.93,6249.06,18747.18,12,0.8679,0.8409,0,0.7251,0.0,0.5449,0.0,0.4058,0.7701,0.1656,True,0,SYNTHETIC_SHOWCASE_ONLY
9003725,1993-01-17,small_merchant,28611.57,12,28033.15,10159.21,30477.62,84,0.6814,0.9397,1,0.8882,48549.37,0.8913,31453.78,0.6994,0.8782,0.3759,True,0,SYNTHETIC_SHOWCASE_ONLY
9003726,1997-12-14,gig_worker,29278.52,24,16843.03,5730.21,17190.62,231,0.736,0.9685,0,0.7002,0.0,0.4645,0.0,0.3827,0.7111,0.2775,True,0,SYNTHETIC_SHOWCASE_ONLY
9003727,1993-07-19,small_merchant,106391.17,9,32526.26,13146.79,39440.37,278,0.3761,0.8122,0,0.7926,57481.62,0.7939,34602.98,0.5899,0.6733,0.686,True,1,SYNTHETIC_SHOWCASE_ONLY
9003728,1995-08-20,small_merchant,208385.29,36,44342.92,16250.03,48750.1,241,0.9846,0.943,0,0.7412,102016.23,0.7108,3484.8,0.8318,0.3646,0.0,True,0,SYNTHETIC_SHOWCASE_ONLY
9003729,1994-09-15,small_merchant,126449.93,36,31391.62,11552.23,34656.69,190,0.2931,0.6945,0,0.689,103586.65,0.916,23427.04,0.3845,0.8887,0.8492,True,1,SYNTHETIC_SHOWCASE_ONLY
9003730,1996-03-12,small_merchant,83784.23,24,21587.61,7221.02,21663.06,125,0.6737,0.7738,2,0.7056,27230.16,0.8644,6900.85,0.7014,0.5275,0.2936,True,0,SYNTHETIC_SHOWCASE_ONLY
9003731,1996-08-10,first_time_borrower,53530.46,24,26073.98,5020.59,15061.78,74,0.2551,0.9572,0,0.7608,0.0,0.4199,0.0,0.1129,0.6576,0.7779,True,1,SYNTHETIC_SHOWCASE_ONLY
9003732,1997-04-20,small_merchant,30495.77,18,27939.0,9602.83,28808.49,169,0.8029,0.8399,1,0.6277,78007.38,0.8253,2123.83,0.6121,0.243,0.2008,True,0,SYNTHETIC_SHOWCASE_ONLY
9003733,1995-01-05,informal_worker,140616.08,18,31078.58,11012.82,33038.46,246,0.9257,0.7958,1,0.6589,0.0,0.1468,0.0,0.3004,0.2838,0.0933,True,0,SYNTHETIC_SHOWCASE_ONLY
9003734,1997-08-31,gig_worker,133738.05,24,47699.61,8932.71,26798.12,235,0.842,0.794,4,0.7276,0.0,0.275,0.0,0.105,0.712,0.0963,True,0,SYNTHETIC_SHOWCASE_ONLY
9003735,1994-08-12,small_merchant,33252.01,12,31904.13,12015.19,36045.58,176,0.7607,0.8334,1,0.7387,48185.25,0.8564,25428.62,0.5187,0.7687,0.2641,True,0,SYNTHETIC_SHOWCASE_ONLY
9003736,1994-01-08,gig_worker,42183.27,24,14280.72,3155.29,9465.87,26,0.9198,0.6774,0,0.8492,0.0,0.7024,0.0,0.293,0.7321,0.2107,True,0,SYNTHETIC_SHOWCASE_ONLY
9003737,1994-11-24,small_merchant,76352.55,12,21376.46,7280.04,21840.13,70,0.8584,0.4731,1,0.7453,37878.37,0.5307,26162.03,0.7461,0.7848,0.0209,True,0,SYNTHETIC_SHOWCASE_ONLY
9003738,1995-08-24,informal_worker,60874.52,24,30322.64,8092.06,24276.17,128,0.6153,0.8314,0,0.9154,0.0,0.1386,0.0,0.1753,0.7396,0.4131,True,0,SYNTHETIC_SHOWCASE_ONLY
9003739,1996-05-05,first_time_borrower,30771.32,18,48028.0,19745.92,59237.76,105,0.9903,0.697,1,0.7855,0.0,0.0841,0.0,0.3826,0.7906,0.0041,True,0,SYNTHETIC_SHOWCASE_ONLY
9003740,1997-03-01,small_merchant,174106.06,24,52204.61,18321.57,54964.71,21,0.8042,0.8823,1,0.8393,117390.53,0.3832,2366.94,0.6855,0.8181,0.2839,True,0,SYNTHETIC_SHOWCASE_ONLY
9003741,1994-02-15,informal_worker,50957.51,18,65631.35,23940.69,71822.06,132,0.6529,0.9213,0,0.8192,0.0,0.1611,0.0,0.4057,0.7515,0.4583,True,0,SYNTHETIC_SHOWCASE_ONLY
9003742,1994-07-08,gig_worker,74657.04,18,29811.65,7580.67,22742.0,224,0.8216,0.9685,0,0.7582,0.0,0.2827,0.0,0.2384,0.8632,0.1685,True,0,SYNTHETIC_SHOWCASE_ONLY
9003743,1997-09-11,gig_worker,170811.58,36,40390.43,11414.46,34243.37,215,0.6676,0.9359,0,0.6742,0.0,0.5858,0.0,0.1467,0.8094,0.3367,True,0,SYNTHETIC_SHOWCASE_ONLY
9003744,1995-03-15,informal_worker,69580.63,12,13930.25,4374.69,13124.07,252,0.6873,0.7917,0,0.4538,0.0,0.4458,0.0,0.2416,0.8859,0.4402,True,1,SYNTHETIC_SHOWCASE_ONLY
9003745,1994-03-18,gig_worker,76726.72,12,34416.9,9836.66,29509.97,207,0.9689,0.754,2,0.7933,0.0,0.3307,0.0,0.2093,0.5696,0.1664,True,0,SYNTHETIC_SHOWCASE_ONLY
9003746,1997-12-05,gig_worker,11506.62,9,16711.18,6715.15,20145.45,202,0.5393,0.6897,0,0.8998,0.0,0.1679,0.0,0.3854,0.3411,0.614,True,0,SYNTHETIC_SHOWCASE_ONLY
9003747,1995-03-31,first_time_borrower,75233.02,18,27171.96,9100.63,27301.88,72,0.685,0.8033,0,0.7715,0.0,0.4065,0.0,0.4205,0.7637,0.2733,True,1,SYNTHETIC_SHOWCASE_ONLY
9003748,1997-12-04,first_time_borrower,217663.31,18,119884.28,43391.12,130173.35,24,0.9702,0.7588,1,0.627,0.0,0.1646,0.0,0.1718,0.8049,0.0,True,0,SYNTHETIC_SHOWCASE_ONLY
9003749,1997-08-06,informal_worker,146677.64,18,32391.97,11552.52,34657.56,58,0.431,0.9544,0,0.8152,0.0,0.1562,0.0,0.1075,0.7578,0.6498,True,0,SYNTHETIC_SHOWCASE_ONLY
9003750,1997-07-13,small_merchant,69002.79,6,18496.36,7460.3,22380.89,211,0.6583,0.9305,0,0.8108,70036.84,0.9476,8501.64,0.7293,0.2701,0.4065,True,1,SYNTHETIC_SHOWCASE_ONLY
9003751,1995-11-29,first_time_borrower,81014.88,6,34053.85,6939.56,20818.69,244,0.4902,0.9226,0,0.7212,0.0,0.2968,0.0,0.1757,0.4703,0.5203,True,1,SYNTHETIC_SHOWCASE_ONLY
9003752,1996-12-28,gig_worker,86354.77,24,21845.79,5616.04,16848.11,104,0.8697,0.5188,3,0.695,0.0,0.3554,0.0,0.2425,0.6705,0.2276,True,1,SYNTHETIC_SHOWCASE_ONLY
9003753,1997-10-20,small_merchant,37099.6,24,17655.5,3819.46,11458.38,16,0.6025,0.6863,2,0.8058,56605.6,0.8197,8410.97,0.7275,0.751,0.3247,True,1,SYNTHETIC_SHOWCASE_ONLY
9003754,1994-05-07,small_merchant,222507.1,9,76838.94,17695.12,53085.36,241,0.5092,0.8842,0,0.4482,164312.25,0.8922,8198.62,0.6064,0.6966,0.4494,True,1,SYNTHETIC_SHOWCASE_ONLY
9003755,1993-03-10,first_time_borrower,217749.32,6,46724.76,12302.45,36907.34,224,0.6533,0.8865,3,0.5602,0.0,0.5186,0.0,0.3818,0.5673,0.3255,True,1,SYNTHETIC_SHOWCASE_ONLY
9003756,1994-08-09,first_time_borrower,48938.85,9,33051.34,7469.83,22409.5,144,0.5474,0.707,0,0.7723,0.0,0.4038,0.0,0.1423,0.6041,0.4881,True,1,SYNTHETIC_SHOWCASE_ONLY
9003757,1996-03-08,informal_worker,45875.91,24,23199.47,9385.71,28157.12,133,0.5409,0.7571,0,0.9216,0.0,0.2855,0.0,0.2091,0.8972,0.5394,True,0,SYNTHETIC_SHOWCASE_ONLY
9003758,1995-09-27,gig_worker,108456.54,24,24119.62,6002.53,18007.6,56,0.4336,0.7806,0,0.7687,0.0,0.0616,0.0,0.1451,0.8056,0.5903,True,1,SYNTHETIC_SHOWCASE_ONLY
9003759,1993-05-28,small_merchant,154538.06,18,58709.16,17521.89,52565.66,90,0.6064,0.5791,1,0.5788,257700.43,0.8456,23867.8,0.5162,0.3836,0.3121,True,1,SYNTHETIC_SHOWCASE_ONLY
9003760,1995-10-21,gig_worker,64836.2,18,32439.01,12274.6,36823.8,246,0.3652,0.7735,2,0.9877,0.0,0.1071,0.0,0.2167,0.67,0.7063,True,1,SYNTHETIC_SHOWCASE_ONLY
9003761,1993-11-15,first_time_borrower,5348.8,24,7000.0,1485.87,4457.61,209,0.8307,0.6842,0,0.7618,0.0,0.0851,0.0,0.3435,0.7415,0.1945,True,0,SYNTHETIC_SHOWCASE_ONLY
9003762,1995-07-13,gig_worker,218687.29,12,89501.47,19433.44,58300.32,160,0.6873,0.9204,1,0.6728,0.0,0.2535,0.0,0.2527,0.528,0.3164,True,0,SYNTHETIC_SHOWCASE_ONLY
9003763,1995-11-18,gig_worker,85681.59,12,30571.69,7044.09,21132.27,260,0.9044,0.8519,1,0.6385,0.0,0.253,0.0,0.2372,0.7925,0.022,True,0,SYNTHETIC_SHOWCASE_ONLY
9003764,1996-03-08,informal_worker,78840.05,12,33016.97,6504.53,19513.58,50,0.9629,0.7507,1,0.7633,0.0,0.1725,0.0,0.1589,0.9184,0.0,True,0,SYNTHETIC_SHOWCASE_ONLY
9003765,1995-01-24,small_merchant,85893.26,36,47172.83,15601.76,46805.28,140,0.9117,0.8185,0,0.8445,89108.71,0.8042,67781.62,0.4137,0.6465,0.0488,True,0,SYNTHETIC_SHOWCASE_ONLY
9003766,1995-01-16,first_time_borrower,77865.5,18,35008.74,13652.88,40958.64,200,0.8686,0.9391,0,0.648,0.0,0.5439,0.0,0.3133,0.8836,0.2197,True,0,SYNTHETIC_SHOWCASE_ONLY
9003767,1996-05-24,gig_worker,137322.89,18,40073.72,13592.14,40776.41,56,0.7504,0.6544,0,0.8584,0.0,0.2202,0.0,0.4371,0.8145,0.3259,True,0,SYNTHETIC_SHOWCASE_ONLY
9003768,1996-09-29,informal_worker,103305.43,24,22846.94,6579.75,19739.24,169,0.7156,0.5687,4,0.7131,0.0,0.5017,0.0,0.3027,0.5716,0.2096,True,1,SYNTHETIC_SHOWCASE_ONLY
9003769,1997-01-14,gig_worker,53664.89,9,15516.48,6248.82,18746.46,98,0.7867,0.7782,0,0.7061,0.0,0.1739,0.0,0.0749,0.8939,0.2854,True,1,SYNTHETIC_SHOWCASE_ONLY
9003770,1994-09-02,gig_worker,110287.74,12,32031.39,10843.37,32530.11,32,0.9189,0.5735,2,0.519,0.0,0.3914,0.0,0.1814,0.359,0.1106,True,1,SYNTHETIC_SHOWCASE_ONLY
9003771,1995-02-14,small_merchant,233479.42,18,55666.56,19949.64,59848.92,144,0.9085,0.6123,4,0.7171,70433.4,0.901,3082.02,0.6988,0.7295,0.0396,True,1,SYNTHETIC_SHOWCASE_ONLY
9003772,1994-08-27,gig_worker,27218.58,36,20517.11,6661.28,19983.84,98,0.903,0.8665,1,0.8883,0.0,0.481,0.0,0.1234,0.587,0.1083,True,0,SYNTHETIC_SHOWCASE_ONLY
9003773,1995-08-22,informal_worker,38000.16,9,19742.09,4195.96,12587.88,69,0.7854,0.6616,0,0.4837,0.0,0.3391,0.0,0.2115,0.6776,0.3146,True,1,SYNTHETIC_SHOWCASE_ONLY
9003774,1993-08-21,gig_worker,41388.74,12,50314.52,13888.59,41665.76,216,0.9179,0.7862,0,0.5926,0.0,0.0784,0.0,0.1181,0.9157,0.0,True,0,SYNTHETIC_SHOWCASE_ONLY
9003775,1995-02-25,gig_worker,48076.22,36,22482.27,6408.92,19226.75,113,0.9648,0.5038,1,0.9484,0.0,0.2851,0.0,0.113,0.6742,0.0468,True,0,SYNTHETIC_SHOWCASE_ONLY
9003776,1993-12-11,informal_worker,114839.79,24,22991.76,5270.06,15810.17,80,0.8573,0.6399,2,0.7498,0.0,0.2417,0.0,0.0457,0.6574,0.0807,True,0,SYNTHETIC_SHOWCASE_ONLY
9003777,1995-08-31,gig_worker,47963.23,18,23408.41,4887.81,14663.42,191,0.5498,0.8868,0,0.8958,0.0,0.1769,0.0,0.3656,0.8089,0.4912,True,0,SYNTHETIC_SHOWCASE_ONLY
9003778,1997-04-03,informal_worker,118955.25,12,27140.14,7017.8,21053.41,95,0.5734,0.8808,0,0.9348,0.0,0.1911,0.0,0.351,0.6899,0.3307,True,0,SYNTHETIC_SHOWCASE_ONLY
9003779,1997-12-05,informal_worker,12858.71,12,13155.74,4035.83,12107.49,162,0.6393,0.8846,0,0.4172,0.0,0.0508,0.0,0.2354,0.5932,0.3364,True,0,SYNTHETIC_SHOWCASE_ONLY
9003780,1995-03-26,gig_worker,56686.65,12,21613.57,6777.9,20333.7,177,0.6854,0.9371,0,0.9227,0.0,0.2567,0.0,0.3755,0.8461,0.2767,True,0,SYNTHETIC_SHOWCASE_ONLY
9003781,1993-04-13,informal_worker,67127.26,12,31273.81,12682.43,38047.3,122,0.7533,0.8807,0,0.6033,0.0,0.1012,0.0,0.4118,0.7746,0.2389,True,0,SYNTHETIC_SHOWCASE_ONLY
9003782,1994-02-21,gig_worker,46344.17,24,31166.96,11722.35,35167.05,157,0.6048,0.7903,1,0.8737,0.0,0.2999,0.0,0.279,0.8355,0.3735,True,0,SYNTHETIC_SHOWCASE_ONLY
9003783,1993-07-11,small_merchant,109298.52,24,48815.17,13457.42,40372.27,66,0.7815,0.8146,1,0.6028,154273.89,0.9507,19611.54,0.8811,0.7712,0.2884,True,0,SYNTHETIC_SHOWCASE_ONLY
9003784,1996-10-18,gig_worker,234628.96,24,67701.8,23432.11,70296.33,117,0.8413,0.7393,1,0.7369,0.0,0.3473,0.0,0.3092,0.769,0.0907,True,0,SYNTHETIC_SHOWCASE_ONLY
9003785,1997-12-04,first_time_borrower,159567.76,9,57869.85,15534.55,46603.65,260,0.7292,0.9306,1,0.8299,0.0,0.2779,0.0,0.1987,0.6663,0.3264,True,1,SYNTHETIC_SHOWCASE_ONLY
9003786,1995-10-09,small_merchant,187419.82,12,43433.79,15040.2,45120.6,193,0.8555,0.84,0,0.8585,178730.03,0.9246,2199.72,0.9095,0.7011,0.1654,True,0,SYNTHETIC_SHOWCASE_ONLY
9003787,1993-11-19,small_merchant,119449.8,24,26070.7,9708.32,29124.97,156,0.8143,0.7089,1,0.7573,74633.46,0.8426,18809.05,0.6992,0.7316,0.2318,True,1,SYNTHETIC_SHOWCASE_ONLY
9003788,1993-02-08,first_time_borrower,56479.85,9,20762.14,5491.34,16474.03,118,0.9471,0.922,0,0.3709,0.0,0.2455,0.0,0.1333,0.6681,0.0,True,0,SYNTHETIC_SHOWCASE_ONLY
9003789,1997-11-18,small_merchant,138935.88,9,28241.32,9471.72,28415.15,126,0.555,0.9876,0,0.8449,41370.37,0.833,8008.54,0.5681,0.5246,0.4539,True,1,SYNTHETIC_SHOWCASE_ONLY
9003790,1994-08-01,first_time_borrower,34005.29,12,37087.59,11599.03,34797.09,157,0.5157,0.9253,0,0.8279,0.0,0.4001,0.0,0.4611,0.7247,0.5836,True,0,SYNTHETIC_SHOWCASE_ONLY
9003791,1993-07-24,informal_worker,75438.05,12,41543.23,11223.39,33670.18,24,0.6083,0.7543,1,0.8306,0.0,0.3723,0.0,0.2848,0.6958,0.4159,True,1,SYNTHETIC_SHOWCASE_ONLY
9003792,1993-11-20,first_time_borrower,91893.32,6,37761.33,14672.01,44016.02,272,0.5904,0.5351,0,0.7243,0.0,0.1326,0.0,0.3063,0.494,0.4338,True,1,SYNTHETIC_SHOWCASE_ONLY
9003793,1994-04-12,first_time_borrower,83583.11,12,26417.86,8166.1,24498.31,130,0.7579,0.7401,2,0.6304,0.0,0.4843,0.0,0.1658,0.6639,0.2564,True,1,SYNTHETIC_SHOWCASE_ONLY
9003794,1996-04-12,first_time_borrower,122634.38,24,40849.66,13129.2,39387.61,264,0.6216,0.6714,2,0.4879,0.0,0.3188,0.0,0.4371,0.4858,0.4123,True,1,SYNTHETIC_SHOWCASE_ONLY
9003795,1997-06-17,gig_worker,158941.2,6,51286.28,13985.07,41955.2,45,0.5667,0.7733,2,0.8226,0.0,0.2993,0.0,0.0759,0.5584,0.3475,True,1,SYNTHETIC_SHOWCASE_ONLY
9003796,1994-05-18,informal_worker,194101.23,18,42720.61,9611.79,28835.38,231,0.7772,0.6822,0,0.8211,0.0,0.257,0.0,0.4406,0.5518,0.1836,True,0,SYNTHETIC_SHOWCASE_ONLY
9003797,1996-06-08,informal_worker,50218.4,18,27573.03,10364.68,31094.03,278,0.7548,0.9154,0,0.8364,0.0,0.2166,0.0,0.2223,0.8084,0.1381,True,0,SYNTHETIC_SHOWCASE_ONLY
9003798,1993-04-29,informal_worker,78700.49,18,18764.32,5592.62,16777.87,161,0.4965,0.7505,0,0.6981,0.0,0.0675,0.0,0.4994,0.5539,0.3296,True,0,SYNTHETIC_SHOWCASE_ONLY
9003799,1993-01-19,gig_worker,56679.81,18,18551.9,5333.18,15999.53,230,0.9055,0.872,0,0.9465,0.0,0.3474,0.0,0.0834,0.8032,0.0996,True,0,SYNTHETIC_SHOWCASE_ONLY
9003800,1993-04-11,first_time_borrower,55689.03,6,20190.66,6367.07,19101.21,121,0.3954,0.9222,0,0.8232,0.0,0.1138,0.0,0.2221,0.5283,0.5887,True,1,SYNTHETIC_SHOWCASE_ONLY
9003801,1997-08-13,gig_worker,60738.68,6,31677.31,12142.13,36426.38,64,0.5932,0.8744,1,0.8413,0.0,0.3927,0.0,0.3577,0.7314,0.4079,True,1,SYNTHETIC_SHOWCASE_ONLY
9003802,1995-11-29,small_merchant,69638.43,18,35934.95,11112.23,33336.68,152,0.8846,0.7751,1,0.769,48336.37,0.9578,42776.35,0.6376,0.6174,0.1283,True,0,SYNTHETIC_SHOWCASE_ONLY
9003803,1997-01-10,small_merchant,32791.8,36,14199.82,3071.75,9215.25,93,0.8516,0.9565,1,0.4162,33480.59,0.7673,985.34,0.5782,0.5782,0.074,True,0,SYNTHETIC_SHOWCASE_ONLY
9003804,1993-02-09,gig_worker,87042.02,12,21983.38,9117.39,27352.17,243,0.6889,0.9466,0,0.7728,0.0,0.34,0.0,0.2036,0.3565,0.18,True,1,SYNTHETIC_SHOWCASE_ONLY
9003805,1993-02-10,informal_worker,84889.74,12,31468.33,6356.21,19068.62,70,0.4236,0.8874,0,0.6752,0.0,0.3598,0.0,0.242,0.8374,0.5576,True,1,SYNTHETIC_SHOWCASE_ONLY
9003806,1997-03-30,gig_worker,23214.3,36,18180.66,4680.57,14041.7,186,0.5605,0.9208,0,0.8971,0.0,0.1952,0.0,0.0688,0.9524,0.4033,True,0,SYNTHETIC_SHOWCASE_ONLY
9003807,1993-07-07,informal_worker,135981.83,24,34483.42,13118.52,39355.57,165,0.8244,0.9043,0,0.866,0.0,0.2312,0.0,0.5398,0.5496,0.2687,True,0,SYNTHETIC_SHOWCASE_ONLY
9003808,1993-10-11,first_time_borrower,85010.89,24,24158.56,4806.74,14420.21,166,0.69,0.8157,0,0.5642,0.0,0.1796,0.0,0.2771,0.6913,0.2373,True,0,SYNTHETIC_SHOWCASE_ONLY
9003809,1995-08-06,small_merchant,94509.69,18,19785.77,5519.73,16559.2,23,0.9442,0.8308,2,0.8435,68143.47,0.7371,7162.6,0.7355,0.9618,0.1132,True,0,SYNTHETIC_SHOWCASE_ONLY
9003810,1996-01-13,informal_worker,84145.57,24,28724.29,11611.49,34834.46,220,0.5983,0.9066,0,0.7808,0.0,0.4175,0.0,0.2849,0.6867,0.3311,True,0,SYNTHETIC_SHOWCASE_ONLY
9003811,1994-02-22,gig_worker,117610.16,18,33801.29,9511.74,28535.21,207,0.5175,0.8607,0,0.7321,0.0,0.3989,0.0,0.123,0.3439,0.4434,True,1,SYNTHETIC_SHOWCASE_ONLY
9003812,1995-03-24,first_time_borrower,50476.6,18,18632.56,4745.14,14235.42,239,0.6554,0.8305,0,0.4717,0.0,0.282,0.0,0.0837,0.7247,0.2933,True,0,SYNTHETIC_SHOWCASE_ONLY
9003813,1996-05-17,first_time_borrower,89605.35,24,24921.99,5202.21,15606.63,113,0.7325,0.7966,0,0.7962,0.0,0.1846,0.0,0.1167,0.8263,0.1659,True,0,SYNTHETIC_SHOWCASE_ONLY
9003814,1995-03-20,gig_worker,88280.43,12,35047.0,14324.9,42974.7,78,0.8501,0.9996,0,0.759,0.0,0.3419,0.0,0.1455,0.7831,0.0797,True,0,SYNTHETIC_SHOWCASE_ONLY
9003815,1994-11-30,informal_worker,23433.85,36,19421.9,6138.2,18414.61,221,0.6319,0.8172,0,0.7403,0.0,0.0714,0.0,0.2708,0.4147,0.4049,True,0,SYNTHETIC_SHOWCASE_ONLY
9003816,1993-05-12,small_merchant,62435.32,36,12635.13,2531.23,7593.69,239,0.6889,0.9449,0,0.9048,16393.05,0.6437,13383.96,0.5888,0.6685,0.3339,True,0,SYNTHETIC_SHOWCASE_ONLY
9003817,1995-04-06,small_merchant,50482.06,18,13391.89,4703.72,14111.15,76,0.8413,0.8912,0,0.6942,28504.0,0.6843,4255.8,0.848,0.8792,0.1795,True,0,SYNTHETIC_SHOWCASE_ONLY
9003818,1997-01-05,informal_worker,75095.41,12,22909.23,7712.96,23138.89,26,0.7279,0.9103,0,0.6696,0.0,0.2105,0.0,0.2284,0.9524,0.2688,True,0,SYNTHETIC_SHOWCASE_ONLY
9003819,1996-02-19,small_merchant,40421.12,24,14870.27,5247.68,15743.05,270,0.7942,0.6185,3,0.7762,26440.08,0.9402,13854.68,0.7977,0.5283,0.2452,True,1,SYNTHETIC_SHOWCASE_ONLY
9003820,1997-06-19,informal_worker,88392.17,12,23695.8,6031.13,18093.4,214,0.5537,0.6067,0,0.9156,0.0,0.1203,0.0,0.2104,0.4774,0.4442,True,1,SYNTHETIC_SHOWCASE_ONLY
9003821,1993-08-19,gig_worker,72089.4,18,62263.61,17862.48,53587.43,31,0.6126,0.9847,0,0.9472,0.0,0.2328,0.0,0.1307,0.7496,0.3667,True,0,SYNTHETIC_SHOWCASE_ONLY
9003822,1993-01-21,small_merchant,29397.91,9,14446.86,5210.93,15632.8,238,0.8181,0.7769,0,0.8099,21077.03,0.9513,1439.76,0.5519,0.7246,0.1632,True,0,SYNTHETIC_SHOWCASE_ONLY
9003823,1995-09-28,first_time_borrower,28083.02,24,24448.14,7436.56,22309.67,236,0.6193,0.7029,0,0.6346,0.0,0.0927,0.0,0.1867,0.5787,0.223,True,0,SYNTHETIC_SHOWCASE_ONLY
9003824,1993-11-23,gig_worker,89961.97,36,77922.18,26802.57,80407.7,34,0.9048,0.7944,1,0.6232,0.0,0.3574,0.0,0.1739,0.8728,0.0596,True,0,SYNTHETIC_SHOWCASE_ONLY
9003825,1995-12-21,informal_worker,23634.83,9,34059.43,11894.17,35682.5,54,0.6129,0.9032,1,0.8688,0.0,0.1867,0.0,0.1646,0.688,0.3585,True,0,SYNTHETIC_SHOWCASE_ONLY
9003826,1997-07-09,gig_worker,92139.24,24,23469.4,7629.23,22887.68,240,0.7667,0.5618,0,0.774,0.0,0.1696,0.0,0.0562,0.8395,0.1905,True,0,SYNTHETIC_SHOWCASE_ONLY
9003827,1994-09-08,first_time_borrower,41554.39,24,25968.93,9821.28,29463.85,83,0.7686,0.707,1,0.7145,0.0,0.0907,0.0,0.3009,0.5606,0.1631,True,0,SYNTHETIC_SHOWCASE_ONLY
9003828,1995-10-01,small_merchant,146608.16,9,34408.32,7532.42,22597.26,46,0.6081,0.4247,2,0.8087,143851.41,0.6674,23031.72,0.6847,0.8158,0.4178,True,1,SYNTHETIC_SHOWCASE_ONLY
9003829,1996-05-29,small_merchant,289387.74,12,63191.83,21720.78,65162.35,109,0.9332,0.9004,0,0.7217,119207.62,0.678,33797.56,0.7375,0.3002,0.0,True,0,SYNTHETIC_SHOWCASE_ONLY
9003830,1993-10-01,gig_worker,29117.09,12,21701.79,8885.7,26657.11,59,0.6412,0.9117,0,0.4807,0.0,0.1635,0.0,0.4912,0.5699,0.344,True,0,SYNTHETIC_SHOWCASE_ONLY
9003831,1997-06-27,small_merchant,72385.56,24,19463.71,5338.8,16016.4,82,0.7451,0.7637,0,0.9764,65840.28,0.4138,22690.44,0.5352,0.8263,0.2668,True,0,SYNTHETIC_SHOWCASE_ONLY
9003832,1994-01-06,first_time_borrower,37924.17,18,14445.4,4367.15,13101.44,162,0.5368,0.4087,3,0.5025,0.0,0.0836,0.0,0.3567,0.5099,0.3709,True,1,SYNTHETIC_SHOWCASE_ONLY
9003833,1997-01-15,small_merchant,136611.85,9,29420.47,10518.41,31555.23,185,0.7866,0.5942,3,0.6112,102847.9,0.8731,3047.98,0.7164,0.8483,0.1284,True,1,SYNTHETIC_SHOWCASE_ONLY
9003834,1996-04-20,small_merchant,38950.9,12,14260.23,3772.2,11316.59,155,0.8874,0.821,0,0.7124,36589.54,0.6846,3781.35,0.5859,0.6955,0.1023,True,0,SYNTHETIC_SHOWCASE_ONLY
9003835,1993-09-15,informal_worker,50808.62,12,22411.83,8601.16,25803.48,215,0.6233,0.6297,1,0.9903,0.0,0.5048,0.0,0.2705,0.644,0.3107,True,0,SYNTHETIC_SHOWCASE_ONLY
9003836,1996-08-16,small_merchant,34323.44,6,18102.25,7207.81,21623.44,12,0.8606,0.7681,1,0.8035,36366.49,0.7146,11049.36,0.8714,0.6878,0.0285,True,0,SYNTHETIC_SHOWCASE_ONLY
9003837,1993-12-25,small_merchant,214561.13,18,46889.03,13048.49,39145.47,220,0.7436,0.949,0,0.7899,139784.3,0.942,48431.88,0.7222,0.7989,0.2465,True,0,SYNTHETIC_SHOWCASE_ONLY
9003838,1995-12-31,small_merchant,34993.64,6,21936.99,7697.46,23092.37,274,0.6867,0.7734,0,0.8705,58686.98,0.8038,22744.58,0.561,0.9001,0.3008,True,0,SYNTHETIC_SHOWCASE_ONLY
9003839,1997-10-19,gig_worker,143703.62,24,33876.82,10712.74,32138.22,193,0.7345,0.9019,0,0.8346,0.0,0.2684,0.0,0.2743,0.651,0.259,True,0,SYNTHETIC_SHOWCASE_ONLY
9003840,1997-10-07,informal_worker,18856.37,24,12964.83,3028.13,9084.39,26,0.8985,0.5778,0,0.79,0.0,0.528,0.0,0.2112,0.738,0.1645,True,0,SYNTHETIC_SHOWCASE_ONLY
9003841,1997-05-10,first_time_borrower,102326.01,24,29824.43,12171.24,36513.72,250,0.9185,0.8492,1,0.9353,0.0,0.2319,0.0,0.0788,0.6909,0.1287,True,0,SYNTHETIC_SHOWCASE_ONLY
9003842,1995-06-22,first_time_borrower,40621.31,9,15716.13,3981.27,11943.8,101,0.8774,0.6002,2,0.8931,0.0,0.4734,0.0,0.1897,0.9077,0.068,True,0,SYNTHETIC_SHOWCASE_ONLY
9003843,1995-10-19,first_time_borrower,24201.74,18,22825.84,5952.45,17857.36,44,0.7659,0.8974,0,0.9056,0.0,0.2479,0.0,0.4624,0.5692,0.177,True,0,SYNTHETIC_SHOWCASE_ONLY
9003844,1994-07-03,small_merchant,93401.47,24,80929.77,30832.48,92497.43,165,0.7118,0.9262,0,0.8757,260365.56,0.6873,38399.75,0.6619,0.545,0.2176,True,0,SYNTHETIC_SHOWCASE_ONLY
9003845,1997-08-09,gig_worker,80533.6,18,43800.63,16534.62,49603.87,159,0.6524,0.9791,0,0.8687,0.0,0.0711,0.0,0.3759,0.8559,0.3828,True,0,SYNTHETIC_SHOWCASE_ONLY
9003846,1995-05-22,informal_worker,104601.22,9,26326.25,6285.66,18856.99,248,0.9256,0.9773,0,0.855,0.0,0.5182,0.0,0.2145,0.7722,0.1026,True,0,SYNTHETIC_SHOWCASE_ONLY
9003847,1996-11-09,first_time_borrower,300000.0,9,130021.08,39523.6,118570.79,53,0.5696,0.6694,1,0.7778,0.0,0.2671,0.0,0.4198,0.4959,0.4577,True,1,SYNTHETIC_SHOWCASE_ONLY
9003848,1994-10-19,informal_worker,27114.55,18,18045.94,7075.87,21227.62,274,0.9294,0.4483,2,0.8488,0.0,0.2493,0.0,0.2824,0.6164,0.1008,True,0,SYNTHETIC_SHOWCASE_ONLY
9003849,1996-09-14,small_merchant,132028.0,18,48984.72,17581.26,52743.78,112,0.78,0.8154,1,0.8336,84774.34,0.5366,67633.11,0.6776,0.4401,0.2462,True,0,SYNTHETIC_SHOWCASE_ONLY
9003850,1994-02-14,informal_worker,13775.78,36,13416.98,4249.32,12747.97,257,0.4753,0.8606,1,0.7173,0.0,0.2706,0.0,0.2207,0.522,0.5251,True,0,SYNTHETIC_SHOWCASE_ONLY
9003851,1996-09-01,informal_worker,93402.78,24,24906.32,6022.05,18066.16,69,0.8066,0.6219,1,0.7046,0.0,0.55,0.0,0.5185,0.4214,0.3167,True,1,SYNTHETIC_SHOWCASE_ONLY
9003852,1993-03-25,first_time_borrower,59975.71,24,14662.09,3147.52,9442.55,55,0.7051,0.9444,0,0.6669,0.0,0.299,0.0,0.1606,0.7266,0.257,True,0,SYNTHETIC_SHOWCASE_ONLY
9003853,1993-07-11,informal_worker,143558.06,36,31680.36,6515.52,19546.56,145,0.7558,0.8323,1,0.7383,0.0,0.4023,0.0,0.4123,0.8427,0.1867,True,0,SYNTHETIC_SHOWCASE_ONLY
9003854,1994-10-06,small_merchant,129352.79,24,28762.44,8351.91,25055.74,145,0.7877,0.7449,2,0.6658,73052.71,0.9748,31161.93,0.691,0.608,0.098,True,0,SYNTHETIC_SHOWCASE_ONLY
9003855,1995-05-31,gig_worker,50406.58,9,24155.82,7440.64,22321.92,84,0.942,0.7085,1,0.7867,0.0,0.6743,0.0,0.2306,0.5553,0.0394,True,0,SYNTHETIC_SHOWCASE_ONLY
9003856,1996-07-23,small_merchant,81343.95,6,47294.4,14478.97,43436.92,96,0.9017,0.6657,0,0.5739,86709.63,0.7901,8814.85,0.4608,0.8957,0.0605,True,0,SYNTHETIC_SHOWCASE_ONLY
9003857,1994-10-18,small_merchant,96933.31,24,21327.49,5100.03,15300.1,89,0.7448,0.6803,0,0.9891,47473.39,0.918,23932.34,0.6367,0.3112,0.2971,True,0,SYNTHETIC_SHOWCASE_ONLY
9003858,1993-02-03,first_time_borrower,40697.35,12,32756.24,9627.51,28882.53,206,0.9438,0.5665,2,0.9345,0.0,0.5676,0.0,0.2315,0.5773,0.0,True,0,SYNTHETIC_SHOWCASE_ONLY
9003859,1994-08-18,small_merchant,35749.72,36,41515.67,15539.87,46619.6,221,0.3462,0.7039,0,0.9469,160671.71,0.7674,14909.18,0.355,0.6554,0.7144,True,0,SYNTHETIC_SHOWCASE_ONLY
9003860,1995-03-13,small_merchant,27240.43,9,13739.27,3778.63,11335.89,121,0.6037,0.9177,0,0.7682,37893.37,0.7034,6063.26,0.8918,0.4508,0.412,True,0,SYNTHETIC_SHOWCASE_ONLY
9003861,1995-09-20,small_merchant,77130.26,12,19549.81,6342.73,19028.19,73,0.4798,0.7678,1,0.7101,40052.62,0.9659,18533.54,0.492,0.4831,0.4528,True,1,SYNTHETIC_SHOWCASE_ONLY
9003862,1996-03-21,informal_worker,105005.35,24,28733.33,8280.98,24842.94,164,0.7546,0.814,0,0.7182,0.0,0.0136,0.0,0.3951,0.9302,0.2822,True,0,SYNTHETIC_SHOWCASE_ONLY
9003863,1994-03-29,small_merchant,187290.21,24,37889.66,12830.64,38491.93,243,0.8242,0.8415,1,0.752,114257.43,0.7088,44122.49,0.855,0.8315,0.2665,True,0,SYNTHETIC_SHOWCASE_ONLY
9003864,1996-01-20,gig_worker,120858.03,24,55389.98,15116.83,45350.49,225,0.7155,0.7919,0,0.8648,0.0,0.2443,0.0,0.5023,0.6548,0.211,True,0,SYNTHETIC_SHOWCASE_ONLY
9003865,1996-02-28,first_time_borrower,45785.47,9,25243.84,10007.89,30023.66,231,0.5969,0.7666,2,0.8201,0.0,0.292,0.0,0.1513,0.5108,0.4825,True,1,SYNTHETIC_SHOWCASE_ONLY
9003866,1996-11-19,small_merchant,54460.83,12,24053.93,4782.82,14348.46,237,0.4932,0.5717,1,0.9657,35106.8,0.7078,25204.76,0.8229,0.7728,0.5268,True,1,SYNTHETIC_SHOWCASE_ONLY
9003867,1995-08-12,small_merchant,74446.45,18,18418.55,3879.29,11637.86,145,0.7821,0.9523,1,0.9508,80339.61,0.9368,19289.34,0.8623,0.2354,0.2908,True,1,SYNTHETIC_SHOWCASE_ONLY
9003868,1997-01-20,gig_worker,50616.29,36,32805.52,9437.61,28312.82,105,0.647,0.3383,3,0.7723,0.0,0.1216,0.0,0.2039,0.564,0.3477,True,1,SYNTHETIC_SHOWCASE_ONLY
9003869,1994-02-09,small_merchant,115810.3,12,24278.42,5798.75,17396.24,77,0.5962,0.8011,0,0.8589,92807.54,0.9037,21214.83,0.9117,0.7012,0.3762,True,1,SYNTHETIC_SHOWCASE_ONLY
9003870,1996-07-23,informal_worker,70092.58,18,24548.95,4919.78,14759.35,265,0.4309,0.8619,0,0.7722,0.0,0.3266,0.0,0.2235,0.7819,0.603,True,1,SYNTHETIC_SHOWCASE_ONLY
9003871,1993-03-25,first_time_borrower,108291.51,9,26766.15,11053.33,33159.98,94,0.7969,0.7978,0,0.393,0.0,0.2161,0.0,0.4871,0.7905,0.1348,True,1,SYNTHETIC_SHOWCASE_ONLY
9003872,1993-07-07,gig_worker,154707.76,24,36488.09,12601.91,37805.72,233,0.8931,0.8843,0,0.591,0.0,0.2675,0.0,0.4806,0.7944,0.1192,True,0,SYNTHETIC_SHOWCASE_ONLY
9003873,1997-04-28,first_time_borrower,57822.39,9,21362.0,5608.97,16826.9,164,0.564,0.7306,1,0.731,0.0,0.3148,0.0,0.1548,0.7288,0.4166,True,1,SYNTHETIC_SHOWCASE_ONLY
9003874,1995-05-18,informal_worker,74646.43,36,19328.27,7709.17,23127.51,69,0.8176,0.938,0,0.915,0.0,0.078,0.0,0.118,0.7111,0.1206,True,0,SYNTHETIC_SHOWCASE_ONLY
9003875,1996-02-08,gig_worker,75944.53,9,34447.35,6588.18,19764.54,237,0.6641,0.7053,1,0.9643,0.0,0.3693,0.0,0.0274,0.8938,0.2015,True,1,SYNTHETIC_SHOWCASE_ONLY
9003876,1996-01-07,gig_worker,29176.58,24,7000.0,1643.94,4931.83,212,0.6775,0.7675,0,0.6909,0.0,0.1092,0.0,0.2027,0.399,0.2355,True,0,SYNTHETIC_SHOWCASE_ONLY
9003877,1996-06-22,gig_worker,88543.97,24,20956.29,7975.14,23925.43,260,0.46,0.7298,1,0.8496,0.0,0.1598,0.0,0.2544,0.7771,0.4912,True,1,SYNTHETIC_SHOWCASE_ONLY
9003878,1994-03-25,first_time_borrower,49807.69,12,16112.19,5992.97,17978.91,62,0.6172,0.9328,0,0.7822,0.0,0.3307,0.0,0.0985,0.7876,0.4155,True,0,SYNTHETIC_SHOWCASE_ONLY
9003879,1993-11-22,gig_worker,77816.88,12,49887.4,10681.05,32043.14,79,0.7383,0.854,0,0.816,0.0,0.4439,0.0,0.2403,0.4233,0.1835,True,0,SYNTHETIC_SHOWCASE_ONLY
9003880,1993-03-19,small_merchant,110326.22,18,22658.99,7549.25,22647.76,252,0.7751,0.993,0,0.6992,32711.76,0.9646,8746.83,0.6185,0.7525,0.184,True,0,SYNTHETIC_SHOWCASE_ONLY
9003881,1997-04-29,informal_worker,101973.95,18,21392.94,4001.84,12005.51,64,0.4501,0.677,2,0.8885,0.0,0.4541,0.0,0.1508,0.7047,0.3944,True,1,SYNTHETIC_SHOWCASE_ONLY
9003882,1994-02-13,first_time_borrower,91012.78,24,27354.08,5922.88,17768.65,47,0.7299,0.6568,2,0.4415,0.0,0.2933,0.0,0.0946,0.6845,0.2375,True,1,SYNTHETIC_SHOWCASE_ONLY
9003883,1995-11-17,informal_worker,103707.8,18,21040.01,6115.98,18347.95,198,0.6403,0.9667,1,0.8421,0.0,0.2368,0.0,0.7585,0.62,0.2167,True,1,SYNTHETIC_SHOWCASE_ONLY
9003884,1995-04-11,informal_worker,64905.82,9,23079.24,5081.63,15244.9,234,0.3048,0.9076,0,0.8171,0.0,0.2341,0.0,0.2817,0.6415,0.7588,True,1,SYNTHETIC_SHOWCASE_ONLY
9003885,1993-10-24,gig_worker,66068.66,36,29336.06,6749.11,20247.33,199,0.9811,0.6262,1,0.898,0.0,0.32,0.0,0.3078,0.6789,0.0,True,0,SYNTHETIC_SHOWCASE_ONLY
9003886,1995-01-26,first_time_borrower,60049.43,9,22865.41,6432.82,19298.46,72,0.7854,0.8678,1,0.8042,0.0,0.075,0.0,0.1576,0.4612,0.2484,True,1,SYNTHETIC_SHOWCASE_ONLY
9003887,1993-06-01,gig_worker,18274.78,18,22786.77,4867.24,14601.72,127,0.6676,0.5153,0,0.8491,0.0,0.0891,0.0,0.4504,0.6755,0.2873,True,0,SYNTHETIC_SHOWCASE_ONLY
9003888,1993-11-19,gig_worker,52003.21,36,17241.66,3783.49,11350.46,63,0.8386,0.8473,0,0.7744,0.0,0.1702,0.0,0.224,0.9104,0.2497,True,0,SYNTHETIC_SHOWCASE_ONLY
9003889,1993-09-13,first_time_borrower,56831.41,36,16093.06,5502.53,16507.58,103,0.8779,0.7608,0,0.8398,0.0,0.135,0.0,0.5081,0.8241,0.0001,True,0,SYNTHETIC_SHOWCASE_ONLY
9003890,1997-02-14,gig_worker,31187.51,9,28826.94,8606.68,25820.04,12,0.5948,0.8855,1,0.6759,0.0,0.349,0.0,0.3193,0.7125,0.4659,True,1,SYNTHETIC_SHOWCASE_ONLY
9003891,1995-11-03,gig_worker,55945.89,12,32439.37,8897.31,26691.94,65,0.676,0.8971,1,0.7291,0.0,0.1508,0.0,0.3713,0.8025,0.3186,True,1,SYNTHETIC_SHOWCASE_ONLY
9003892,1997-08-18,informal_worker,53229.64,18,14107.26,4884.31,14652.92,25,0.5239,0.6043,5,0.761,0.0,0.1129,0.0,0.5563,0.8634,0.472,True,1,SYNTHETIC_SHOWCASE_ONLY
9003893,1995-03-08,small_merchant,165002.49,12,40325.19,9275.44,27826.33,26,0.321,0.8048,1,0.6846,125942.2,0.8787,37247.24,0.7204,0.6936,0.6124,True,1,SYNTHETIC_SHOWCASE_ONLY
9003894,1994-01-03,gig_worker,199511.19,24,40404.75,11259.93,33779.8,182,0.84,0.9427,1,0.5369,0.0,0.1663,0.0,0.2514,0.5142,0.1638,True,0,SYNTHETIC_SHOWCASE_ONLY
9003895,1996-01-17,informal_worker,76630.3,18,44703.66,13258.11,39774.33,275,0.8061,0.588,1,0.8808,0.0,0.2919,0.0,0.4175,0.6919,0.256,True,0,SYNTHETIC_SHOWCASE_ONLY
9003896,1997-08-25,informal_worker,139116.1,12,32335.03,7299.03,21897.1,145,0.7225,0.7355,1,0.9878,0.0,0.0607,0.0,0.4014,0.4601,0.1931,True,0,SYNTHETIC_SHOWCASE_ONLY
9003897,1995-08-31,informal_worker,51597.17,12,38015.88,8481.31,25443.94,44,0.7414,0.7592,3,0.7335,0.0,0.8526,0.0,0.3533,0.9372,0.1599,True,1,SYNTHETIC_SHOWCASE_ONLY
9003898,1993-02-02,gig_worker,93974.26,24,79919.26,25474.67,76424.02,42,0.2632,0.9186,0,0.3983,0.0,0.0677,0.0,0.1417,0.6122,0.8197,True,1,SYNTHETIC_SHOWCASE_ONLY
9003899,1994-07-09,small_merchant,92269.02,24,24227.16,8373.68,25121.05,160,0.8297,0.8949,0,0.8017,71008.48,0.7812,30677.57,0.5676,0.7548,0.1586,True,0,SYNTHETIC_SHOWCASE_ONLY
9003900,1997-08-16,informal_worker,43423.37,12,16950.08,5098.11,15294.32,278,0.8924,0.9155,0,0.9568,0.0,0.6005,0.0,0.1472,0.744,0.0,True,0,SYNTHETIC_SHOWCASE_ONLY
9003901,1995-08-05,gig_worker,54882.71,9,13408.06,3539.35,10618.05,133,0.6723,0.9331,1,0.6086,0.0,0.3683,0.0,0.1453,0.5685,0.2566,True,1,SYNTHETIC_SHOWCASE_ONLY
9003902,1997-10-05,gig_worker,119878.34,12,65035.16,14381.77,43145.32,111,0.8326,0.4757,5,0.6313,0.0,0.3596,0.0,0.2953,0.6395,0.1039,True,1,SYNTHETIC_SHOWCASE_ONLY
9003903,1995-07-19,gig_worker,100659.12,18,65445.8,22295.01,66885.03,179,0.9134,0.9239,0,0.9282,0.0,0.1953,0.0,0.1566,0.7363,0.0909,True,0,SYNTHETIC_SHOWCASE_ONLY
9003904,1993-01-23,small_merchant,54157.79,24,17964.48,3684.53,11053.6,85,0.4891,0.7779,1,0.5677,64687.8,0.8086,16403.42,0.7142,0.661,0.4263,True,0,SYNTHETIC_SHOWCASE_ONLY
9003905,1997-05-14,gig_worker,21869.1,24,19748.76,7594.73,22784.2,80,0.9331,0.7247,0,0.5028,0.0,0.2154,0.0,0.3412,0.6039,0.0823,True,0,SYNTHETIC_SHOWCASE_ONLY
9003906,1996-10-25,informal_worker,43776.12,36,23967.26,8469.68,25409.04,41,0.7607,0.9064,0,0.5699,0.0,0.4664,0.0,0.2434,0.8834,0.2793,True,0,SYNTHETIC_SHOWCASE_ONLY
9003907,1996-07-30,first_time_borrower,67095.1,18,50392.77,15460.35,46381.05,122,0.6,0.8267,1,0.8622,0.0,0.4255,0.0,0.2234,0.5548,0.4192,True,0,SYNTHETIC_SHOWCASE_ONLY
9003908,1997-11-07,gig_worker,30311.96,24,15094.03,3798.11,11394.32,152,0.9136,0.8137,0,0.6596,0.0,0.214,0.0,0.1524,0.6171,0.0872,True,0,SYNTHETIC_SHOWCASE_ONLY
9003909,1993-12-25,informal_worker,43230.16,12,10894.16,2537.22,7611.65,13,0.6172,0.8886,0,0.6622,0.0,0.3768,0.0,0.0486,0.4753,0.4168,True,0,SYNTHETIC_SHOWCASE_ONLY
9003910,1997-07-13,gig_worker,89653.22,18,79250.32,21222.03,63666.08,35,0.757,0.8568,0,0.8445,0.0,0.6028,0.0,0.2792,0.8027,0.2148,True,0,SYNTHETIC_SHOWCASE_ONLY
9003911,1994-03-01,gig_worker,107093.98,18,32529.38,9771.27,29313.8,59,0.7198,0.807,1,0.5808,0.0,0.2151,0.0,0.3933,0.7742,0.2857,True,1,SYNTHETIC_SHOWCASE_ONLY
9003912,1997-11-08,informal_worker,110497.31,24,34824.56,11219.08,33657.23,24,0.483,0.9157,0,0.7341,0.0,0.3178,0.0,0.2801,0.805,0.4651,True,0,SYNTHETIC_SHOWCASE_ONLY
9003913,1993-12-16,small_merchant,75306.47,24,25374.73,7057.22,21171.65,195,0.5229,0.9779,0,0.6563,70048.54,0.8098,183.17,0.4343,0.4366,0.3381,True,0,SYNTHETIC_SHOWCASE_ONLY
9003914,1995-10-02,first_time_borrower,95615.54,12,35015.17,10728.79,32186.36,92,0.6773,0.6206,0,0.3393,0.0,0.2449,0.0,0.2288,0.5031,0.2998,True,1,SYNTHETIC_SHOWCASE_ONLY
9003915,1996-12-12,small_merchant,47661.64,24,13536.45,5319.56,15958.67,258,0.6725,0.6221,1,0.7502,52307.71,0.9555,17164.85,0.842,0.8081,0.3495,True,1,SYNTHETIC_SHOWCASE_ONLY
9003916,1993-05-23,gig_worker,81310.16,24,18700.73,3757.74,11273.21,12,0.6141,0.774,1,0.8366,0.0,0.1872,0.0,0.2619,0.8331,0.4155,True,1,SYNTHETIC_SHOWCASE_ONLY
9003917,1993-05-02,small_merchant,38666.18,36,29449.6,12010.78,36032.35,87,0.7931,0.7203,0,0.284,61382.4,0.7448,455.15,0.4117,0.7294,0.2444,True,0,SYNTHETIC_SHOWCASE_ONLY
9003918,1997-04-01,gig_worker,39370.19,12,9413.8,2522.56,7567.68,51,0.8887,0.7489,1,0.6456,0.0,0.4974,0.0,0.3722,0.8254,0.0012,True,0,SYNTHETIC_SHOWCASE_ONLY
9003919,1993-04-21,first_time_borrower,21079.49,36,24215.58,6114.15,18342.46,220,0.7779,0.8229,2,0.6532,0.0,0.0199,0.0,0.4202,0.3495,0.2542,True,0,SYNTHETIC_SHOWCASE_ONLY
9003920,1996-01-26,informal_worker,63977.59,24,23509.52,6580.79,19742.37,13,0.7684,0.9504,0,0.9575,0.0,0.3383,0.0,0.6665,0.6343,0.3344,True,0,SYNTHETIC_SHOWCASE_ONLY
9003921,1997-09-10,small_merchant,69019.53,18,24213.57,10014.82,30044.45,206,0.5579,0.7456,2,0.5089,92512.43,0.7557,18545.45,0.6857,0.5791,0.3847,True,1,SYNTHETIC_SHOWCASE_ONLY
9003922,1996-01-28,small_merchant,31580.01,12,21492.1,8654.15,25962.45,117,0.8004,0.894,0,0.9198,39218.69,0.9063,17171.62,0.5861,0.7633,0.1454,True,0,SYNTHETIC_SHOWCASE_ONLY
9003923,1995-05-29,informal_worker,17265.72,24,17360.13,6523.77,19571.3,118,0.8056,0.7577,0,0.585,0.0,0.2847,0.0,0.2881,0.7217,0.286,True,0,SYNTHETIC_SHOWCASE_ONLY
9003924,1995-02-01,informal_worker,10855.12,24,11677.09,2149.52,6448.56,188,0.8105,0.8695,0,0.8104,0.0,0.1273,0.0,0.0799,0.7678,0.209,True,0,SYNTHETIC_SHOWCASE_ONLY
9003925,1996-03-11,gig_worker,22926.02,18,30014.57,8812.48,26437.43,274,0.744,0.8649,3,0.7571,0.0,0.2301,0.0,0.3088,0.5842,0.3271,True,0,SYNTHETIC_SHOWCASE_ONLY
9003926,1995-11-11,gig_worker,75731.8,36,24243.41,6973.02,20919.06,124,0.6839,0.8249,1,0.9735,0.0,0.1116,0.0,0.2743,0.8853,0.2823,True,0,SYNTHETIC_SHOWCASE_ONLY
9003927,1995-07-06,gig_worker,18580.61,12,14469.88,4273.82,12821.47,214,0.7245,0.8637,0,0.8795,0.0,0.0761,0.0,0.1554,0.7802,0.3726,True,0,SYNTHETIC_SHOWCASE_ONLY
9003928,1993-10-08,small_merchant,119980.24,18,28853.19,11263.21,33789.64,212,0.7572,0.7701,0,0.5499,49753.26,0.7244,18556.19,0.5562,0.8589,0.2295,True,0,SYNTHETIC_SHOWCASE_ONLY
9003929,1996-04-25,small_merchant,110712.86,12,24303.7,8396.4,25189.19,258,0.8612,0.665,0,0.9763,105323.32,0.7662,28996.21,0.4829,0.6845,0.0891,True,0,SYNTHETIC_SHOWCASE_ONLY
9003930,1996-09-12,gig_worker,42338.09,12,22441.52,5114.86,15344.58,218,0.937,0.8435,0,0.4156,0.0,0.2239,0.0,0.1101,0.4927,0.0,True,0,SYNTHETIC_SHOWCASE_ONLY
9003931,1996-07-18,small_merchant,13161.42,12,9943.26,2233.7,6701.1,177,0.7346,0.9154,0,0.8258,24474.12,0.6151,4857.43,0.2986,0.418,0.1211,True,0,SYNTHETIC_SHOWCASE_ONLY
9003932,1993-05-17,small_merchant,93350.04,12,38858.74,9310.6,27931.79,76,0.8762,0.5675,2,0.7793,141183.66,0.6475,51519.18,0.2981,0.3938,0.2031,True,1,SYNTHETIC_SHOWCASE_ONLY
9003933,1996-07-07,gig_worker,69388.38,12,15492.25,3672.93,11018.8,127,0.5427,0.8263,0,0.828,0.0,0.1084,0.0,0.2295,0.8851,0.3954,True,1,SYNTHETIC_SHOWCASE_ONLY
9003934,1996-08-25,first_time_borrower,68094.65,6,28863.4,6230.48,18691.44,122,0.9594,0.9283,0,0.4477,0.0,0.0994,0.0,0.152,0.5601,0.0846,True,0,SYNTHETIC_SHOWCASE_ONLY
9003935,1993-12-01,informal_worker,20452.76,6,18996.14,3630.78,10892.35,123,0.7254,0.7912,1,0.6087,0.0,0.2357,0.0,0.2875,0.3767,0.3606,True,1,SYNTHETIC_SHOWCASE_ONLY
9003936,1997-03-31,small_merchant,114602.52,24,23233.98,7512.29,22536.87,235,0.765,0.6813,0,0.9404,75851.87,0.8922,29767.87,0.9046,0.4631,0.2919,True,0,SYNTHETIC_SHOWCASE_ONLY
9003937,1995-08-15,small_merchant,136239.48,12,48681.78,13575.19,40725.57,20,0.6017,0.9843,0,0.8259,77474.92,0.8702,47030.84,0.583,0.859,0.3516,True,0,SYNTHETIC_SHOWCASE_ONLY
9003938,1995-05-13,small_merchant,76125.09,6,36139.31,6801.62,20404.86,149,0.7331,0.8889,0,0.6241,156861.53,0.7868,49118.68,0.3082,0.6348,0.1577,True,1,SYNTHETIC_SHOWCASE_ONLY
9003939,1996-08-12,first_time_borrower,218278.53,9,48164.57,14798.72,44396.17,190,0.9065,0.8566,0,0.7439,0.0,0.5821,0.0,0.2026,0.6375,0.1314,True,0,SYNTHETIC_SHOWCASE_ONLY
9003940,1995-07-20,small_merchant,153578.31,12,32811.84,12455.55,37366.66,156,0.6827,0.749,0,0.5604,53599.27,0.9141,6513.14,0.3769,0.6879,0.3576,True,1,SYNTHETIC_SHOWCASE_ONLY
9003941,1995-09-22,small_merchant,94343.15,6,33864.03,8692.69,26078.08,246,0.3322,0.8134,1,0.9533,59912.74,0.5604,3796.15,0.8636,0.6397,0.7573,True,1,SYNTHETIC_SHOWCASE_ONLY
9003942,1994-07-25,first_time_borrower,23216.37,36,11908.56,4593.69,13781.06,71,0.8708,0.9168,0,0.7155,0.0,0.3085,0.0,0.4346,0.6707,0.0185,True,0,SYNTHETIC_SHOWCASE_ONLY
9003943,1997-08-22,first_time_borrower,65479.88,18,24041.76,6502.17,19506.5,206,0.4937,0.9406,0,0.6137,0.0,0.5791,0.0,0.2216,0.7705,0.548,True,0,SYNTHETIC_SHOWCASE_ONLY
9003944,1997-11-06,informal_worker,39331.75,12,25134.67,8430.77,25292.3,249,0.8882,0.6499,4,0.8393,0.0,0.3203,0.0,0.3337,0.8776,0.2161,True,1,SYNTHETIC_SHOWCASE_ONLY
9003945,1993-08-27,gig_worker,136235.82,18,50378.46,12868.2,38604.59,22,0.8083,0.9226,0,0.2613,0.0,0.475,0.0,0.1019,0.6666,0.1577,True,0,SYNTHETIC_SHOWCASE_ONLY
9003946,1996-08-31,gig_worker,35344.26,9,21959.82,6187.32,18561.96,207,0.9693,0.8959,0,0.7754,0.0,0.2113,0.0,0.221,0.7899,0.1424,True,0,SYNTHETIC_SHOWCASE_ONLY
9003947,1993-02-12,informal_worker,106124.9,24,31795.89,7603.02,22809.05,279,0.8179,0.9903,0,0.6601,0.0,0.1006,0.0,0.2964,0.6055,0.1868,True,0,SYNTHETIC_SHOWCASE_ONLY
9003948,1994-11-05,small_merchant,123056.04,36,31204.68,7790.16,23370.48,274,0.5884,0.8265,0,0.8295,93136.96,0.4711,22838.46,0.5185,0.7323,0.4063,True,0,SYNTHETIC_SHOWCASE_ONLY
9003949,1997-11-07,informal_worker,237473.12,9,48807.72,13031.19,39093.57,260,0.6366,0.8715,0,0.6936,0.0,0.2991,0.0,0.2228,0.883,0.24,True,1,SYNTHETIC_SHOWCASE_ONLY
9003950,1993-11-16,informal_worker,113105.49,9,26258.96,9296.14,27888.41,254,0.8285,0.8301,1,0.8622,0.0,0.6076,0.0,0.3134,0.7947,0.2138,True,1,SYNTHETIC_SHOWCASE_ONLY
9003951,1994-11-20,gig_worker,40784.89,18,41660.03,16206.85,48620.55,197,0.8073,0.8528,0,0.7645,0.0,0.1199,0.0,0.2959,0.6248,0.1848,True,0,SYNTHETIC_SHOWCASE_ONLY
9003952,1994-02-05,gig_worker,18908.18,9,12352.63,2552.77,7658.32,117,0.7112,0.9028,1,0.7317,0.0,0.2088,0.0,0.0781,0.695,0.3606,True,0,SYNTHETIC_SHOWCASE_ONLY
9003953,1996-08-22,small_merchant,37928.23,9,12903.2,2551.94,7655.82,271,0.8324,0.7705,1,0.4402,51206.16,0.9796,5743.41,0.5905,0.7035,0.2199,True,0,SYNTHETIC_SHOWCASE_ONLY
9003954,1995-04-28,gig_worker,16220.64,18,9357.7,3702.71,11108.14,207,0.3664,0.4839,5,0.52,0.0,0.2821,0.0,0.3392,0.791,0.6433,True,1,SYNTHETIC_SHOWCASE_ONLY
9003955,1995-12-20,informal_worker,27080.37,18,40832.46,13562.84,40688.51,268,0.8574,0.8544,0,0.6823,0.0,0.5036,0.0,0.1169,0.623,0.1936,True,0,SYNTHETIC_SHOWCASE_ONLY
9003956,1997-09-18,informal_worker,151704.08,12,38689.36,10940.19,32820.58,35,0.9566,0.7037,3,0.9576,0.0,0.2157,0.0,0.1605,0.6072,0.0,True,1,SYNTHETIC_SHOWCASE_ONLY
9003957,1995-08-10,small_merchant,93629.08,24,43063.76,9038.94,27116.82,26,0.8714,0.8711,0,0.4795,134799.57,0.6318,55316.35,0.656,0.6376,0.113,True,0,SYNTHETIC_SHOWCASE_ONLY
9003958,1996-09-02,informal_worker,18019.97,9,20228.06,7971.6,23914.8,94,0.8779,0.8312,0,0.8311,0.0,0.3384,0.0,0.4108,0.8009,0.0058,True,0,SYNTHETIC_SHOWCASE_ONLY
9003959,1993-06-28,small_merchant,60649.5,12,21363.88,4910.42,14731.25,66,0.9288,0.8933,1,0.8147,29011.09,0.9865,29796.49,0.9092,0.6165,0.1423,True,0,SYNTHETIC_SHOWCASE_ONLY
9003960,1994-01-29,informal_worker,129448.01,24,26419.48,8609.25,25827.74,111,0.8973,0.7623,1,0.7323,0.0,0.5055,0.0,0.1325,0.7101,0.0743,True,0,SYNTHETIC_SHOWCASE_ONLY
9003961,1997-09-25,gig_worker,200757.48,18,55990.4,12324.54,36973.62,103,0.5592,0.9045,1,0.7572,0.0,0.0506,0.0,0.1811,0.8246,0.4504,True,1,SYNTHETIC_SHOWCASE_ONLY
9003962,1997-04-19,informal_worker,81982.55,18,63132.9,25148.96,75446.88,49,0.8156,0.7394,0,0.7035,0.0,0.1158,0.0,0.2054,0.7142,0.31,True,0,SYNTHETIC_SHOWCASE_ONLY
9003963,1996-04-14,informal_worker,117339.08,24,40986.08,10905.15,32715.46,39,0.4291,0.6573,0,0.786,0.0,0.0561,0.0,0.2388,0.7649,0.5935,True,1,SYNTHETIC_SHOWCASE_ONLY
9003964,1994-11-22,gig_worker,149916.32,18,32821.83,11299.75,33899.24,158,0.7403,0.7114,0,0.9424,0.0,0.4367,0.0,0.1703,0.4266,0.3087,True,0,SYNTHETIC_SHOWCASE_ONLY
9003965,1993-12-31,small_merchant,44578.55,24,53153.73,15266.46,45799.38,261,0.3791,0.9776,0,0.524,102355.21,0.7722,3611.22,0.3487,0.6765,0.525,True,1,SYNTHETIC_SHOWCASE_ONLY
9003966,1997-04-05,first_time_borrower,84365.04,18,24764.23,4889.89,14669.68,23,0.8157,0.4586,3,0.8378,0.0,0.1269,0.0,0.0866,0.6539,0.2173,True,1,SYNTHETIC_SHOWCASE_ONLY
9003967,1996-12-04,gig_worker,87582.6,12,23209.29,7333.85,22001.56,41,0.9951,0.7479,0,0.7879,0.0,0.3606,0.0,0.4179,0.603,0.0,True,0,SYNTHETIC_SHOWCASE_ONLY
9003968,1994-03-18,informal_worker,97316.81,24,26318.55,7684.18,23052.55,27,0.8156,0.9697,0,0.6792,0.0,0.3892,0.0,0.2847,0.6414,0.0,True,0,SYNTHETIC_SHOWCASE_ONLY
9003969,1995-12-14,first_time_borrower,22067.99,12,17503.86,4426.3,13278.9,240,0.8465,0.9076,0,0.8338,0.0,0.4412,0.0,0.3353,0.5906,0.0889,True,0,SYNTHETIC_SHOWCASE_ONLY
9003970,1996-02-04,first_time_borrower,118216.92,24,25743.96,8135.41,24406.24,274,0.9354,0.9354,0,0.6589,0.0,0.6404,0.0,0.3959,0.3856,0.1056,True,0,SYNTHETIC_SHOWCASE_ONLY
9003971,1995-05-22,small_merchant,33047.72,12,16376.52,5271.07,15813.2,82,0.8412,0.8598,1,0.7291,54569.37,0.9366,20588.75,0.6992,0.5686,0.0226,True,0,SYNTHETIC_SHOWCASE_ONLY
9003972,1997-08-20,informal_worker,37904.18,18,45796.53,13435.53,40306.58,220,0.5231,0.9864,0,0.7891,0.0,0.1325,0.0,0.0793,0.778,0.5105,True,0,SYNTHETIC_SHOWCASE_ONLY
9003973,1993-08-15,first_time_borrower,35119.66,24,36349.28,10444.85,31334.56,155,0.5064,0.7892,1,0.6789,0.0,0.5884,0.0,0.2106,0.7026,0.5259,True,0,SYNTHETIC_SHOWCASE_ONLY
9003974,1994-04-16,small_merchant,145332.43,18,55611.75,11499.6,34498.81,46,0.7662,0.8057,1,0.9532,146971.64,0.7609,33947.91,0.5418,0.6349,0.3146,True,0,SYNTHETIC_SHOWCASE_ONLY
9003975,1993-06-23,gig_worker,9938.78,9,12809.01,3763.19,11289.57,266,0.4227,0.7849,1,0.6714,0.0,0.6866,0.0,0.0796,0.8135,0.6435,True,0,SYNTHETIC_SHOWCASE_ONLY
9003976,1996-06-19,gig_worker,281123.24,12,69757.09,21067.61,63202.82,212,0.7262,0.651,0,0.7239,0.0,0.2579,0.0,0.4257,0.8426,0.241,True,0,SYNTHETIC_SHOWCASE_ONLY
9003977,1996-03-21,informal_worker,58044.25,24,13163.08,3719.66,11158.97,147,0.7793,0.7906,1,0.4627,0.0,0.1458,0.0,0.3597,0.6042,0.196,True,0,SYNTHETIC_SHOWCASE_ONLY
9003978,1997-12-08,small_merchant,10378.59,36,15752.78,6306.86,18920.58,212,0.4196,0.8655,0,0.6857,44668.39,0.7525,1516.09,0.69,0.8127,0.5479,True,1,SYNTHETIC_SHOWCASE_ONLY
9003979,1995-09-18,gig_worker,86548.12,12,20784.56,8415.94,25247.81,166,0.9038,0.6613,0,0.7284,0.0,0.5537,0.0,0.3649,0.718,0.1481,True,0,SYNTHETIC_SHOWCASE_ONLY
9003980,1993-10-02,small_merchant,257925.75,9,52452.63,17538.53,52615.58,64,0.5816,0.8873,1,0.6411,100645.48,0.8211,7513.56,0.4463,0.7988,0.4139,True,1,SYNTHETIC_SHOWCASE_ONLY
9003981,1995-04-04,informal_worker,22890.35,12,31201.92,7178.27,21534.82,86,0.7007,0.876,1,0.7837,0.0,0.5806,0.0,0.2984,0.453,0.2951,True,0,SYNTHETIC_SHOWCASE_ONLY
9003982,1993-06-11,small_merchant,94395.6,18,24907.44,10345.54,31036.62,108,0.8156,0.7931,0,0.856,77021.42,0.7635,26639.27,0.7132,0.7651,0.2334,True,0,SYNTHETIC_SHOWCASE_ONLY
9003983,1996-05-10,first_time_borrower,95620.16,6,19139.29,7311.87,21935.62,128,0.4853,0.8233,0,0.8322,0.0,0.6237,0.0,0.4619,0.8052,0.3654,True,1,SYNTHETIC_SHOWCASE_ONLY
9003984,1996-05-16,informal_worker,59413.82,24,14465.34,5379.21,16137.62,273,0.662,0.6234,0,0.8354,0.0,0.1851,0.0,0.4008,0.8274,0.3562,True,0,SYNTHETIC_SHOWCASE_ONLY
9003985,1997-04-16,first_time_borrower,136165.08,18,48224.42,19495.69,58487.07,86,0.6569,0.9067,0,0.7514,0.0,0.5916,0.0,0.1015,0.6529,0.3868,True,1,SYNTHETIC_SHOWCASE_ONLY
9003986,1994-09-13,first_time_borrower,184587.05,12,41081.23,13113.93,39341.8,34,0.6592,0.9592,0,0.7941,0.0,0.3762,0.0,0.1008,0.6511,0.235,True,1,SYNTHETIC_SHOWCASE_ONLY
9003987,1994-07-21,gig_worker,199085.26,12,53590.98,10443.35,31330.05,197,0.7301,0.7713,0,0.8226,0.0,0.5886,0.0,0.1054,0.8513,0.339,True,0,SYNTHETIC_SHOWCASE_ONLY
9003988,1993-05-11,informal_worker,63914.91,6,33875.0,8974.81,26924.43,95,0.8576,0.7523,3,0.5717,0.0,0.3899,0.0,0.2578,0.429,0.1175,True,1,SYNTHETIC_SHOWCASE_ONLY
9003989,1995-01-29,gig_worker,12501.46,18,7877.38,2033.4,6100.2,57,0.7203,0.7526,0,0.689,0.0,0.2491,0.0,0.2494,0.5295,0.231,True,0,SYNTHETIC_SHOWCASE_ONLY
9003990,1995-05-18,first_time_borrower,43989.24,12,15406.73,3357.18,10071.54,124,0.6703,0.9557,0,0.694,0.0,0.0779,0.0,0.6611,0.6157,0.3772,True,0,SYNTHETIC_SHOWCASE_ONLY
9003991,1996-10-09,gig_worker,78440.12,12,34999.81,11899.44,35698.31,93,0.6254,0.6719,0,0.7231,0.0,0.2225,0.0,0.4217,0.578,0.3515,True,1,SYNTHETIC_SHOWCASE_ONLY
9003992,1996-10-08,informal_worker,48058.25,18,23446.95,6696.5,20089.5,262,0.7665,0.8851,1,0.4158,0.0,0.5296,0.0,0.1187,0.4021,0.3584,True,0,SYNTHETIC_SHOWCASE_ONLY
9003993,1993-09-14,first_time_borrower,29610.26,12,21412.19,8283.22,24849.67,100,0.911,0.6584,2,0.8764,0.0,0.5697,0.0,0.3565,0.2815,0.2579,True,0,SYNTHETIC_SHOWCASE_ONLY
9003994,1994-06-05,gig_worker,71217.56,18,16488.38,5137.62,15412.87,279,0.7585,0.9312,2,0.7394,0.0,0.3472,0.0,0.222,0.392,0.397,True,1,SYNTHETIC_SHOWCASE_ONLY
9003995,1995-07-23,first_time_borrower,163356.99,24,44125.93,12091.13,36273.4,18,0.8955,0.7746,0,0.853,0.0,0.4594,0.0,0.133,0.781,0.0315,True,0,SYNTHETIC_SHOWCASE_ONLY
9003996,1994-09-04,gig_worker,71723.72,12,34854.32,11991.37,35974.1,114,0.7745,0.8149,2,0.7597,0.0,0.2463,0.0,0.5878,0.5798,0.2843,True,0,SYNTHETIC_SHOWCASE_ONLY
9003997,1993-02-16,small_merchant,58613.41,12,35615.33,11351.63,34054.9,250,0.6928,0.7009,1,0.9687,128211.24,0.7657,29043.29,0.517,0.9192,0.3913,True,0,SYNTHETIC_SHOWCASE_ONLY
9003998,1997-03-25,small_merchant,24041.27,24,20657.44,6191.95,18575.84,60,0.8459,0.9472,1,0.7032,71017.13,0.916,5808.45,0.3443,0.6808,0.0544,True,0,SYNTHETIC_SHOWCASE_ONLY
9003999,1996-08-28,small_merchant,33369.06,12,30472.44,6635.47,19906.42,200,0.8275,0.3819,1,0.6844,89791.51,0.8837,27470.17,0.3047,0.8276,0.0189,True,0,SYNTHETIC_SHOWCASE_ONLY
9004000,1995-08-08,informal_worker,49385.93,12,14732.82,4414.63,13243.9,38,0.8012,0.8591,2,0.7572,0.0,0.3521,0.0,0.0918,0.9816,0.2199,True,0,SYNTHETIC_SHOWCASE_ONLY
9004001,1994-08-03,first_time_borrower,28381.35,24,26308.37,7434.46,22303.39,51,0.7407,0.8698,0,0.8115,0.0,0.3408,0.0,0.0488,0.2095,0.1715,True,0,SYNTHETIC_SHOWCASE_ONLY
9004002,1997-03-19,small_merchant,40148.93,18,8321.13,2734.75,8204.25,238,0.8902,0.8145,0,0.3557,32330.87,0.8867,380.16,0.6225,0.4839,0.2439,True,0,SYNTHETIC_SHOWCASE_ONLY
9004003,1993-03-06,small_merchant,24115.09,36,13190.66,4631.24,13893.71,29,0.882,0.8424,2,0.8839,39860.83,0.6945,14844.04,0.5565,0.647,0.1198,True,0,SYNTHETIC_SHOWCASE_ONLY
9004004,1995-03-27,first_time_borrower,17115.42,12,23986.59,6237.47,18712.41,219,0.4557,0.4917,0,0.8731,0.0,0.2743,0.0,0.1496,0.7629,0.5409,True,1,SYNTHETIC_SHOWCASE_ONLY
9004005,1997-01-02,informal_worker,300000.0,12,87554.48,21132.85,63398.55,235,0.9035,0.9755,0,0.6581,0.0,0.4295,0.0,0.1572,0.833,0.1184,True,0,SYNTHETIC_SHOWCASE_ONLY
9004006,1997-10-07,gig_worker,26158.55,6,11797.03,2583.46,7750.38,43,0.854,0.8433,1,0.7528,0.0,0.0525,0.0,0.1464,0.5374,0.1146,True,0,SYNTHETIC_SHOWCASE_ONLY
9004007,1994-04-05,first_time_borrower,32509.21,12,15414.15,4878.15,14634.46,131,0.9545,0.9171,0,0.7676,0.0,0.3851,0.0,0.1589,0.6261,0.0,True,0,SYNTHETIC_SHOWCASE_ONLY
9004008,1996-04-03,gig_worker,34858.86,18,31070.43,6741.2,20223.59,27,0.9076,0.8264,0,0.8711,0.0,0.1681,0.0,0.2923,0.3531,0.0424,True,0,SYNTHETIC_SHOWCASE_ONLY
9004009,1993-12-13,informal_worker,229513.65,12,65465.78,16648.04,49944.12,34,0.5318,0.7293,0,0.8315,0.0,0.1493,0.0,0.1456,0.746,0.4371,True,1,SYNTHETIC_SHOWCASE_ONLY
9004010,1993-07-31,small_merchant,67220.04,12,30853.41,10628.11,31884.34,173,0.847,0.958,1,0.6441,138538.51,0.6696,36024.45,0.8361,0.7432,0.1534,True,0,SYNTHETIC_SHOWCASE_ONLY
9004011,1994-10-07,informal_worker,165562.1,12,39221.8,12310.2,36930.59,218,0.5597,0.5555,3,0.5983,0.0,0.4157,0.0,0.2824,0.6413,0.4337,True,1,SYNTHETIC_SHOWCASE_ONLY
9004012,1997-06-05,gig_worker,80356.04,6,23811.17,5754.94,17264.82,120,0.453,0.7944,2,0.6017,0.0,0.3715,0.0,0.2765,0.6979,0.6488,True,1,SYNTHETIC_SHOWCASE_ONLY
9004013,1996-06-12,gig_worker,97989.04,12,21913.57,6722.72,20168.16,50,0.6959,0.73,1,0.8465,0.0,0.4634,0.0,0.1965,0.6158,0.3373,True,1,SYNTHETIC_SHOWCASE_ONLY
9004014,1995-06-13,informal_worker,97261.67,18,29126.63,11773.66,35320.98,138,0.8814,0.7854,0,0.7895,0.0,0.454,0.0,0.0667,0.2685,0.0603,True,0,SYNTHETIC_SHOWCASE_ONLY
9004015,1994-06-01,gig_worker,82244.8,12,20414.1,4095.32,12285.97,258,0.5724,0.7657,1,0.9352,0.0,0.0668,0.0,0.4369,0.3241,0.4246,True,1,SYNTHETIC_SHOWCASE_ONLY
9004016,1993-09-16,small_merchant,145273.79,24,39640.6,8005.91,24017.73,247,0.9206,0.8581,1,0.7495,91421.76,0.9621,44552.28,0.4167,0.7639,0.0,True,0,SYNTHETIC_SHOWCASE_ONLY
9004017,1994-05-10,informal_worker,34131.87,9,12951.27,3324.87,9974.62,174,0.4282,0.9283,0,0.794,0.0,0.2791,0.0,0.6395,0.7843,0.4794,True,1,SYNTHETIC_SHOWCASE_ONLY
9004018,1993-10-06,informal_worker,155816.11,9,42922.59,9139.63,27418.88,145,0.2982,0.9899,0,0.6876,0.0,0.1172,0.0,0.2571,0.6823,0.8113,True,1,SYNTHETIC_SHOWCASE_ONLY
9004019,1993-12-08,gig_worker,100435.08,36,28533.38,5687.42,17062.25,193,0.7484,0.9762,0,0.7559,0.0,0.5829,0.0,0.3312,0.7424,0.1598,True,0,SYNTHETIC_SHOWCASE_ONLY
9004020,1996-06-09,small_merchant,15899.74,36,25257.89,6741.85,20225.55,48,0.6952,0.7996,2,0.5085,64433.47,0.8072,35926.18,0.4985,0.8293,0.3057,True,0,SYNTHETIC_SHOWCASE_ONLY
9004021,1993-08-31,first_time_borrower,46751.9,12,12725.04,5177.19,15531.56,137,0.8346,0.712,0,0.8711,0.0,0.0506,0.0,0.281,0.7185,0.1872,True,0,SYNTHETIC_SHOWCASE_ONLY
9004022,1993-03-28,small_merchant,30677.23,12,17494.84,4105.32,12315.95,159,0.5906,0.9067,1,0.7765,52795.93,0.7777,13774.81,0.5511,0.7512,0.3711,True,0,SYNTHETIC_SHOWCASE_ONLY
9004023,1995-09-18,gig_worker,148536.21,24,49777.21,15723.8,47171.41,234,0.8936,0.9131,0,0.839,0.0,0.7441,0.0,0.1114,0.729,0.0863,True,0,SYNTHETIC_SHOWCASE_ONLY
9004024,1994-06-08,gig_worker,27608.63,18,25332.22,8510.59,25531.78,174,0.5579,0.8447,1,0.7565,0.0,0.061,0.0,0.3376,0.756,0.4724,True,0,SYNTHETIC_SHOWCASE_ONLY
9004025,1995-04-11,small_merchant,22443.81,9,32003.2,9102.89,27308.67,138,0.7662,0.8954,1,0.4865,70206.37,0.7641,33662.0,0.835,0.7421,0.2568,True,0,SYNTHETIC_SHOWCASE_ONLY
9004026,1993-09-13,first_time_borrower,12235.65,9,18357.33,6609.38,19828.13,244,0.8576,0.5847,1,0.7051,0.0,0.7909,0.0,0.2831,0.6231,0.1975,True,0,SYNTHETIC_SHOWCASE_ONLY
9004027,1994-01-19,small_merchant,35786.97,9,27612.22,10544.6,31633.8,158,0.4218,0.9358,0,0.6707,67421.92,0.9294,21621.54,0.8936,0.6962,0.5375,True,0,SYNTHETIC_SHOWCASE_ONLY
9004028,1995-03-17,gig_worker,9963.39,24,14491.63,4371.13,13113.4,30,0.6667,0.7328,0,0.9472,0.0,0.2485,0.0,0.0181,0.9466,0.3264,True,0,SYNTHETIC_SHOWCASE_ONLY
9004029,1996-06-13,small_merchant,34737.51,18,29375.12,12137.68,36413.03,252,0.9244,0.723,1,0.918,72916.02,0.6225,17432.22,0.7683,0.8223,0.1282,True,0,SYNTHETIC_SHOWCASE_ONLY
9004030,1995-01-27,gig_worker,102375.35,12,33452.02,11107.99,33323.98,241,0.7729,0.5909,1,0.7853,0.0,0.4437,0.0,0.37,0.7663,0.0669,True,0,SYNTHETIC_SHOWCASE_ONLY
9004031,1995-09-17,gig_worker,77112.83,9,32658.32,6785.07,20355.22,116,0.9589,0.6333,1,0.4378,0.0,0.0462,0.0,0.4377,0.771,0.1486,True,0,SYNTHETIC_SHOWCASE_ONLY
9004032,1995-08-11,first_time_borrower,89195.88,9,18146.61,4705.11,14115.33,113,0.8077,0.7126,0,0.7227,0.0,0.1232,0.0,0.5518,0.6046,0.3732,True,1,SYNTHETIC_SHOWCASE_ONLY
9004033,1994-05-06,informal_worker,98801.78,24,23760.39,7622.95,22868.86,160,0.4881,0.9695,1,0.3219,0.0,0.2105,0.0,0.2121,0.8627,0.6258,True,1,SYNTHETIC_SHOWCASE_ONLY
9004034,1994-05-26,gig_worker,45143.5,24,36236.17,7290.43,21871.28,263,0.8523,0.9801,0,0.7948,0.0,0.2661,0.0,0.4807,0.7772,0.1234,True,0,SYNTHETIC_SHOWCASE_ONLY
9004035,1995-02-17,small_merchant,61571.46,18,25297.72,9334.51,28003.52,80,0.6063,0.9681,0,0.3971,111777.49,0.9339,449.65,0.4805,0.8618,0.3871,True,1,SYNTHETIC_SHOWCASE_ONLY
9004036,1993-02-28,gig_worker,60891.66,24,24393.04,10096.81,30290.44,194,0.7322,0.9012,1,0.4333,0.0,0.0949,0.0,0.3735,0.7346,0.2391,True,0,SYNTHETIC_SHOWCASE_ONLY
9004037,1996-06-05,gig_worker,153129.28,12,69816.4,14769.53,44308.59,130,0.4479,0.8976,0,0.5963,0.0,0.5046,0.0,0.0217,0.6037,0.5246,True,1,SYNTHETIC_SHOWCASE_ONLY
9004038,1996-01-27,informal_worker,49323.21,18,17738.36,4475.13,13425.38,110,0.7156,0.9159,0,0.9145,0.0,0.1694,0.0,0.2292,0.8631,0.2764,True,0,SYNTHETIC_SHOWCASE_ONLY
9004039,1994-07-13,small_merchant,166839.76,12,47030.93,15614.64,46843.93,159,0.5159,0.6407,3,0.6485,161865.15,0.7487,45962.8,0.9235,0.6042,0.4527,True,1,SYNTHETIC_SHOWCASE_ONLY
9004040,1994-11-14,informal_worker,55013.21,9,16086.14,4472.62,13417.85,46,0.7405,0.2561,3,0.422,0.0,0.5441,0.0,0.2668,0.6899,0.1574,True,1,SYNTHETIC_SHOWCASE_ONLY
9004041,1994-08-24,first_time_borrower,83245.67,18,38340.22,7276.6,21829.8,52,0.9345,0.9183,0,0.7449,0.0,0.0891,0.0,0.0391,0.7717,0.0172,True,0,SYNTHETIC_SHOWCASE_ONLY
9004042,1996-04-04,gig_worker,145626.51,24,39335.12,13914.29,41742.86,210,0.5604,0.6819,0,0.9584,0.0,0.6328,0.0,0.1411,0.6226,0.4924,True,1,SYNTHETIC_SHOWCASE_ONLY
9004043,1996-10-19,first_time_borrower,41065.3,6,21916.27,6889.61,20668.82,199,0.6619,0.9462,0,0.7996,0.0,0.2883,0.0,0.6022,0.6395,0.4525,True,0,SYNTHETIC_SHOWCASE_ONLY
9004044,1993-07-18,small_merchant,66742.86,12,15608.5,3422.66,10267.99,166,0.8175,0.8341,1,0.8854,19245.06,0.766,4117.41,0.5394,0.7523,0.081,True,1,SYNTHETIC_SHOWCASE_ONLY
9004045,1995-01-25,gig_worker,52666.52,24,10874.24,3634.41,10903.24,130,0.4039,0.7425,0,0.9749,0.0,0.2267,0.0,0.41,0.5939,0.5918,True,1,SYNTHETIC_SHOWCASE_ONLY
9004046,1993-01-26,first_time_borrower,39533.17,24,20841.58,7002.41,21007.23,178,0.5554,0.5241,1,0.8806,0.0,0.2803,0.0,0.5081,0.7981,0.3731,True,1,SYNTHETIC_SHOWCASE_ONLY
9004047,1995-04-06,gig_worker,146080.15,18,36045.77,14649.22,43947.66,244,0.5044,0.8108,0,0.9137,0.0,0.2742,0.0,0.0241,0.7837,0.4083,True,0,SYNTHETIC_SHOWCASE_ONLY
9004048,1994-03-30,small_merchant,69758.03,9,16692.22,3524.58,10573.75,144,0.7939,0.6456,2,0.7972,51055.29,0.6428,9320.92,0.5583,0.7366,0.1658,True,1,SYNTHETIC_SHOWCASE_ONLY
9004049,1994-09-06,informal_worker,80942.43,24,29333.78,8379.39,25138.16,48,0.5614,0.8537,0,0.5579,0.0,0.2763,0.0,0.2454,0.5229,0.4308,True,0,SYNTHETIC_SHOWCASE_ONLY
9004050,1995-04-14,gig_worker,13592.37,9,13784.13,3727.87,11183.62,275,0.644,0.5798,2,0.8852,0.0,0.3948,0.0,0.1612,0.5053,0.443,True,1,SYNTHETIC_SHOWCASE_ONLY
9004051,1994-08-15,first_time_borrower,101587.87,12,25026.57,5288.88,15866.64,226,0.8589,0.337,5,0.8676,0.0,0.1458,0.0,0.3407,0.765,0.0221,True,1,SYNTHETIC_SHOWCASE_ONLY
9004052,1994-12-21,gig_worker,38633.94,9,16145.21,3385.41,10156.23,163,0.7991,0.6139,1,0.7732,0.0,0.1629,0.0,0.4974,0.9214,0.181,True,1,SYNTHETIC_SHOWCASE_ONLY
9004053,1996-10-28,first_time_borrower,40875.39,12,26971.31,5346.06,16038.19,172,0.6256,0.7174,1,0.9097,0.0,0.3007,0.0,0.5796,0.798,0.2793,True,1,SYNTHETIC_SHOWCASE_ONLY
9004054,1997-01-19,gig_worker,73907.32,18,22014.17,4628.93,13886.79,279,0.7039,0.7794,1,0.9758,0.0,0.1229,0.0,0.6085,0.9953,0.318,True,0,SYNTHETIC_SHOWCASE_ONLY
9004055,1993-01-11,gig_worker,39888.59,24,15812.94,4253.63,12760.88,255,0.7758,0.8795,1,0.7436,0.0,0.1082,0.0,0.1953,0.6846,0.263,True,0,SYNTHETIC_SHOWCASE_ONLY
9004056,1994-11-21,small_merchant,20108.75,12,20408.37,4506.9,13520.71,258,0.6104,0.7782,2,0.6586,86255.55,0.7849,25934.58,0.6186,0.437,0.3976,True,0,SYNTHETIC_SHOWCASE_ONLY
9004057,1997-03-27,first_time_borrower,88126.79,36,17882.26,6485.1,19455.3,170,0.7682,0.7581,2,0.8725,0.0,0.3658,0.0,0.2633,0.6316,0.2211,True,0,SYNTHETIC_SHOWCASE_ONLY
9004058,1995-08-27,gig_worker,24984.02,18,14902.38,3104.0,9312.01,88,0.8359,0.8953,0,0.9024,0.0,0.1674,0.0,0.2453,0.763,0.194,True,0,SYNTHETIC_SHOWCASE_ONLY
9004059,1994-01-10,first_time_borrower,134105.39,18,47083.49,17740.8,53222.4,164,0.6684,0.5893,3,0.6443,0.0,0.3336,0.0,0.5754,0.6284,0.3492,True,1,SYNTHETIC_SHOWCASE_ONLY
9004060,1995-12-20,gig_worker,83290.63,9,23554.59,7747.87,23243.6,122,0.7826,0.6997,1,0.8103,0.0,0.3945,0.0,0.3199,0.511,0.2035,True,1,SYNTHETIC_SHOWCASE_ONLY
9004061,1993-09-22,small_merchant,10764.37,12,9729.24,2062.95,6188.84,141,0.2336,0.8874,0,0.4888,13665.73,0.8181,10378.19,0.738,0.8662,0.6888,True,0,SYNTHETIC_SHOWCASE_ONLY
9004062,1993-02-09,small_merchant,79996.81,18,20760.03,3956.06,11868.18,169,0.5742,0.7743,0,0.7919,31956.41,0.8056,27974.56,0.499,0.2974,0.3888,True,0,SYNTHETIC_SHOWCASE_ONLY
9004063,1996-02-29,gig_worker,149958.16,24,43435.02,11547.59,34642.76,185,0.4421,0.665,2,0.5434,0.0,0.1203,0.0,0.2693,0.8213,0.5531,True,1,SYNTHETIC_SHOWCASE_ONLY
9004064,1995-07-30,first_time_borrower,53866.37,12,19428.72,4211.89,12635.67,112,0.6013,0.9949,0,0.5268,0.0,0.3016,0.0,0.3765,0.6835,0.4364,True,0,SYNTHETIC_SHOWCASE_ONLY
9004065,1996-10-13,small_merchant,168055.97,18,57461.87,19039.21,57117.62,105,0.8452,0.9073,0,0.5765,105448.95,0.6961,5424.77,0.7513,0.6244,0.2509,True,0,SYNTHETIC_SHOWCASE_ONLY
9004066,1994-09-22,informal_worker,89108.2,12,18559.96,6379.02,19137.05,215,0.605,0.875,1,0.4594,0.0,0.2564,0.0,0.2999,0.4038,0.407,True,1,SYNTHETIC_SHOWCASE_ONLY
9004067,1997-04-09,small_merchant,164288.42,12,35653.25,10562.12,31686.37,111,0.5675,0.8544,1,0.9665,119543.77,0.8861,32794.33,0.7119,0.8459,0.5639,True,1,SYNTHETIC_SHOWCASE_ONLY
9004068,1995-02-09,small_merchant,50323.24,12,46052.91,11780.0,35340.01,260,0.872,0.6873,0,0.8042,88373.44,0.9225,22317.19,0.5163,0.5119,0.0891,True,0,SYNTHETIC_SHOWCASE_ONLY
9004069,1996-09-09,informal_worker,77241.31,9,34754.1,8754.89,26264.67,86,0.7171,0.8407,0,0.3307,0.0,0.4326,0.0,0.6958,0.8064,0.4009,True,1,SYNTHETIC_SHOWCASE_ONLY
9004070,1993-07-03,first_time_borrower,41599.19,12,14475.35,5248.15,15744.45,259,0.769,0.454,4,0.7481,0.0,0.4707,0.0,0.3517,0.7245,0.2193,True,1,SYNTHETIC_SHOWCASE_ONLY
9004071,1993-06-27,informal_worker,82783.91,24,17811.06,3566.57,10699.71,177,0.4621,0.8338,1,0.7207,0.0,0.1857,0.0,0.4948,0.7583,0.5374,True,1,SYNTHETIC_SHOWCASE_ONLY
9004072,1996-11-30,small_merchant,205866.13,24,49099.0,11343.55,34030.64,186,0.5018,0.8388,0,0.8614,129663.06,0.9515,681.3,0.4045,0.3887,0.4656,True,0,SYNTHETIC_SHOWCASE_ONLY
9004073,1997-03-03,informal_worker,43777.85,9,19029.51,6449.0,19346.99,147,0.936,0.9829,1,0.9404,0.0,0.2396,0.0,0.1202,0.7962,0.0808,True,0,SYNTHETIC_SHOWCASE_ONLY
9004074,1997-09-17,informal_worker,201231.66,9,44724.85,17692.85,53078.56,155,0.8637,0.9316,0,0.8801,0.0,0.3562,0.0,0.41,0.9712,0.0939,True,1,SYNTHETIC_SHOWCASE_ONLY
9004075,1994-08-16,small_merchant,51560.42,18,22775.1,4774.91,14324.72,149,0.8648,0.8839,1,0.6296,35894.14,0.971,18296.88,0.6073,0.3861,0.0299,True,0,SYNTHETIC_SHOWCASE_ONLY
9004076,1993-02-10,informal_worker,53738.16,12,29966.93,10183.19,30549.56,136,0.3262,0.8682,0,0.809,0.0,0.316,0.0,0.2738,0.6604,0.5862,True,1,SYNTHETIC_SHOWCASE_ONLY
9004077,1997-11-25,small_merchant,47266.01,24,14394.89,5688.8,17066.41,25,0.5376,0.9282,0,0.9057,43566.0,0.8176,16074.97,0.6068,0.6571,0.5505,True,1,SYNTHETIC_SHOWCASE_ONLY
9004078,1996-01-04,informal_worker,45290.77,18,20910.18,5672.91,17018.73,221,0.691,0.7793,1,0.6943,0.0,0.3974,0.0,0.8209,0.7729,0.343,True,1,SYNTHETIC_SHOWCASE_ONLY
9004079,1994-03-28,first_time_borrower,61412.11,24,18394.61,4096.48,12289.45,89,0.8709,0.9237,0,0.7385,0.0,0.3291,0.0,0.0973,0.8611,0.1796,True,0,SYNTHETIC_SHOWCASE_ONLY
9004080,1996-10-26,first_time_borrower,74967.0,9,31202.32,8999.26,26997.79,156,0.772,0.9608,0,0.8616,0.0,0.1445,0.0,0.232,0.9468,0.2038,True,0,SYNTHETIC_SHOWCASE_ONLY
9004081,1997-07-09,first_time_borrower,120092.69,36,29281.01,10166.25,30498.74,105,0.2871,0.8779,1,0.3517,0.0,0.6054,0.0,0.3488,0.8762,0.8125,True,1,SYNTHETIC_SHOWCASE_ONLY
9004082,1994-06-05,informal_worker,167784.0,24,34962.51,10368.46,31105.39,51,0.8247,0.6509,0,0.7493,0.0,0.5323,0.0,0.2448,0.5641,0.1427,True,0,SYNTHETIC_SHOWCASE_ONLY
9004083,1996-11-06,informal_worker,39591.4,24,22126.01,5456.14,16368.43,145,0.6457,0.9495,0,0.754,0.0,0.4585,0.0,0.2111,0.7219,0.3722,True,0,SYNTHETIC_SHOWCASE_ONLY
9004084,1996-12-09,gig_worker,50953.89,36,17916.0,5929.17,17787.5,216,0.8389,0.823,2,0.8089,0.0,0.2581,0.0,0.4422,0.464,0.1851,True,0,SYNTHETIC_SHOWCASE_ONLY
9004085,1995-07-06,small_merchant,115771.84,12,30566.8,9663.18,28989.53,31,0.6219,0.8605,0,0.8134,46154.18,0.9099,6780.22,0.2895,0.5925,0.5223,True,1,SYNTHETIC_SHOWCASE_ONLY
9004086,1996-02-29,gig_worker,22163.1,9,17081.6,5043.9,15131.7,102,0.993,0.8098,1,0.8203,0.0,0.3521,0.0,0.3077,0.8508,0.0,True,0,SYNTHETIC_SHOWCASE_ONLY
9004087,1994-05-08,gig_worker,192735.51,18,46985.89,10321.81,30965.44,157,0.8442,0.838,2,0.6814,0.0,0.5295,0.0,0.0766,0.6272,0.2217,True,0,SYNTHETIC_SHOWCASE_ONLY
9004088,1997-08-24,first_time_borrower,83882.0,24,26502.36,10557.4,31672.21,133,0.6764,0.8126,2,0.4345,0.0,0.0513,0.0,0.5129,0.8998,0.3847,True,1,SYNTHETIC_SHOWCASE_ONLY
9004089,1997-12-01,first_time_borrower,30140.35,24,23942.61,7113.85,21341.54,60,0.7915,0.7382,1,0.6271,0.0,0.3497,0.0,0.6656,0.5992,0.3325,True,0,SYNTHETIC_SHOWCASE_ONLY
9004090,1997-11-27,small_merchant,154506.48,18,34954.56,13207.43,39622.28,129,0.7477,0.6679,0,0.8715,90325.7,0.8972,39786.7,0.4536,0.6482,0.3489,True,1,SYNTHETIC_SHOWCASE_ONLY
9004091,1996-09-07,gig_worker,66872.89,24,26992.24,10630.13,31890.38,23,0.6747,0.6842,1,0.7503,0.0,0.2156,0.0,0.106,0.7666,0.2526,True,0,SYNTHETIC_SHOWCASE_ONLY
9004092,1993-03-19,informal_worker,17397.7,12,12633.34,4493.98,13481.94,168,0.6945,0.8917,1,0.9015,0.0,0.2951,0.0,0.1589,0.4951,0.4069,True,0,SYNTHETIC_SHOWCASE_ONLY
9004093,1994-11-01,small_merchant,24556.57,12,16822.51,5856.56,17569.69,211,0.8541,0.7354,1,0.8209,69764.47,0.5725,17215.53,0.5814,0.5034,0.0737,True,0,SYNTHETIC_SHOWCASE_ONLY
9004094,1995-03-24,informal_worker,188699.95,18,46521.04,15531.67,46595.02,134,0.7698,0.5553,3,0.7449,0.0,0.4366,0.0,0.3157,0.4557,0.1306,True,1,SYNTHETIC_SHOWCASE_ONLY
9004095,1997-10-19,first_time_borrower,137506.89,12,29150.41,9086.36,27259.07,131,0.7613,0.6988,1,0.7526,0.0,0.2951,0.0,0.4345,0.7036,0.2396,True,1,SYNTHETIC_SHOWCASE_ONLY
9004096,1995-09-26,small_merchant,28284.6,9,12491.54,2683.12,8049.35,159,0.9836,0.9088,1,0.7548,16718.4,0.7833,950.97,0.6683,0.6889,0.0,True,0,SYNTHETIC_SHOWCASE_ONLY
9004097,1995-09-07,gig_worker,31393.37,24,33155.82,12782.92,38348.77,26,0.7468,0.9009,0,0.5296,0.0,0.1734,0.0,0.505,0.3764,0.2513,True,0,SYNTHETIC_SHOWCASE_ONLY
9004098,1993-09-25,gig_worker,22341.75,18,21407.91,7589.93,22769.79,278,0.6412,0.991,0,0.7834,0.0,0.508,0.0,0.2011,0.6803,0.277,True,1,SYNTHETIC_SHOWCASE_ONLY
9004099,1996-12-20,gig_worker,64032.59,18,18401.73,5621.41,16864.23,193,0.3436,0.8613,1,0.8642,0.0,0.3309,0.0,0.1692,0.8997,0.6788,True,1,SYNTHETIC_SHOWCASE_ONLY
9004100,1994-09-07,small_merchant,36062.49,12,16162.05,5042.92,15128.75,90,0.7589,0.8118,1,0.7812,58297.26,0.9348,535.62,0.6716,0.7707,0.2018,True,1,SYNTHETIC_SHOWCASE_ONLY
9004101,1993-06-17,gig_worker,111989.2,12,45248.55,12985.44,38956.32,237,0.7725,0.6782,2,0.8836,0.0,0.1975,0.0,0.3229,0.7356,0.1054,True,0,SYNTHETIC_SHOWCASE_ONLY
9004102,1997-12-09,gig_worker,22704.85,24,10900.03,2582.17,7746.51,53,0.503,0.9439,0,0.3768,0.0,0.6335,0.0,0.5508,0.7219,0.5141,True,1,SYNTHETIC_SHOWCASE_ONLY
9004103,1993-12-14,gig_worker,49607.07,24,18731.17,5930.19,17790.56,208,0.5322,0.7315,1,0.9112,0.0,0.1421,0.0,0.3049,0.7531,0.4829,True,1,SYNTHETIC_SHOWCASE_ONLY
9004104,1993-01-30,gig_worker,101788.5,9,29661.96,9257.7,27773.1,255,0.735,0.5107,1,0.7416,0.0,0.0929,0.0,0.6023,0.8708,0.2022,True,1,SYNTHETIC_SHOWCASE_ONLY
9004105,1993-05-23,informal_worker,178053.08,24,59729.07,14860.99,44582.97,191,0.7217,0.6095,2,0.6926,0.0,0.204,0.0,0.1082,0.7523,0.2524,True,1,SYNTHETIC_SHOWCASE_ONLY
9004106,1995-04-07,gig_worker,48313.11,24,36527.17,13062.99,39188.96,87,0.8847,0.801,0,0.5784,0.0,0.4642,0.0,0.4002,0.8832,0.0559,True,0,SYNTHETIC_SHOWCASE_ONLY
9004107,1993-07-07,first_time_borrower,51518.88,24,18654.97,7739.78,23219.35,36,0.4349,0.8155,1,0.8174,0.0,0.562,0.0,0.3654,0.6136,0.5025,True,0,SYNTHETIC_SHOWCASE_ONLY
9004108,1997-03-19,gig_worker,153242.48,18,58340.36,14016.97,42050.92,101,0.6814,0.6504,0,0.9155,0.0,0.1796,0.0,0.2457,0.5328,0.4324,True,1,SYNTHETIC_SHOWCASE_ONLY
9004109,1995-07-25,gig_worker,43849.89,12,14610.57,4516.59,13549.76,89,0.8696,0.9143,1,0.8447,0.0,0.0342,0.0,0.4813,0.6962,0.1482,True,0,SYNTHETIC_SHOWCASE_ONLY
9004110,1994-08-15,gig_worker,34568.39,24,31803.17,13236.24,39708.71,121,0.5509,0.8205,0,0.7645,0.0,0.3034,0.0,0.3418,0.9241,0.6067,True,0,SYNTHETIC_SHOWCASE_ONLY
9004111,1993-01-06,informal_worker,45136.65,12,35386.88,6926.69,20780.08,262,0.8358,0.7567,2,0.8943,0.0,0.1629,0.0,0.7084,0.8386,0.1459,True,0,SYNTHETIC_SHOWCASE_ONLY
9004112,1995-05-27,gig_worker,53802.51,12,18343.39,7240.52,21721.55,184,0.8068,0.9527,0,0.7131,0.0,0.1944,0.0,0.3275,0.8305,0.2182,True,0,SYNTHETIC_SHOWCASE_ONLY
9004113,1993-10-04,small_merchant,70911.53,12,39136.25,8150.12,24450.37,123,0.6672,0.8759,0,0.8705,71765.8,0.7327,38783.65,0.4173,0.5902,0.3075,True,0,SYNTHETIC_SHOWCASE_ONLY
9004114,1997-11-21,gig_worker,73683.51,12,21879.22,6290.85,18872.56,249,0.6282,0.7475,0,0.7785,0.0,0.466,0.0,0.3452,0.7548,0.3332,True,1,SYNTHETIC_SHOWCASE_ONLY
9004115,1994-06-16,first_time_borrower,87566.29,18,39090.24,15729.25,47187.75,238,0.5845,0.8393,2,0.8448,0.0,0.497,0.0,0.4515,0.4596,0.4998,True,1,SYNTHETIC_SHOWCASE_ONLY
9004116,1995-05-18,gig_worker,18193.41,24,11579.06,4074.8,12224.39,235,0.7421,0.8666,0,0.7625,0.0,0.4049,0.0,0.2583,0.6274,0.3207,True,0,SYNTHETIC_SHOWCASE_ONLY
9004117,1993-02-04,small_merchant,114704.68,12,32884.22,8504.2,25512.6,168,0.9613,0.8128,1,0.8296,86513.68,0.9707,8255.57,0.6352,0.7672,0.0059,True,0,SYNTHETIC_SHOWCASE_ONLY
9004118,1993-08-28,first_time_borrower,53604.41,12,22974.69,6307.83,18923.49,133,0.8593,0.8786,0,0.78,0.0,0.2466,0.0,0.1056,0.6594,0.1764,True,0,SYNTHETIC_SHOWCASE_ONLY
9004119,1994-01-14,gig_worker,62891.44,36,48621.33,17344.72,52034.16,105,0.7625,0.5329,0,0.8377,0.0,0.3852,0.0,0.4317,0.7249,0.1294,True,0,SYNTHETIC_SHOWCASE_ONLY
9004120,1993-04-05,gig_worker,114012.79,12,27415.09,8086.57,24259.71,133,0.9202,0.7633,0,0.9103,0.0,0.4724,0.0,0.1408,0.7521,0.0469,True,0,SYNTHETIC_SHOWCASE_ONLY
9004121,1996-08-18,informal_worker,127487.81,6,51000.46,17695.39,53086.18,101,0.7971,0.7556,1,0.8708,0.0,0.1003,0.0,0.2369,0.6953,0.2421,True,1,SYNTHETIC_SHOWCASE_ONLY
9004122,1997-09-23,gig_worker,165276.21,24,35725.28,8295.75,24887.25,238,0.5679,0.5727,2,0.7843,0.0,0.3296,0.0,0.7215,0.7123,0.5148,True,1,SYNTHETIC_SHOWCASE_ONLY
9004123,1997-12-05,gig_worker,38215.02,36,26337.68,6164.1,18492.31,34,0.8781,0.7188,2,0.597,0.0,0.2234,0.0,0.0248,0.1274,0.2301,True,1,SYNTHETIC_SHOWCASE_ONLY
9004124,1994-05-01,small_merchant,182094.18,24,40865.48,7627.56,22882.69,260,0.8224,0.6643,2,0.7913,103700.55,0.6349,44578.21,0.6642,0.2786,0.1026,True,0,SYNTHETIC_SHOWCASE_ONLY
9004125,1996-12-11,gig_worker,171752.46,12,40991.0,11850.86,35552.57,161,0.865,0.7843,1,0.45,0.0,0.2265,0.0,0.5133,0.4338,0.1453,True,0,SYNTHETIC_SHOWCASE_ONLY
9004126,1995-07-10,first_time_borrower,37128.07,18,35118.26,13247.56,39742.67,272,0.9773,0.5932,1,0.5361,0.0,0.0549,0.0,0.4722,0.8302,0.0638,True,0,SYNTHETIC_SHOWCASE_ONLY
9004127,1993-03-25,informal_worker,27387.99,24,9317.55,3008.46,9025.37,190,0.8499,0.8386,1,0.9355,0.0,0.2292,0.0,0.0877,0.4912,0.1211,True,0,SYNTHETIC_SHOWCASE_ONLY
9004128,1993-06-15,informal_worker,60734.78,24,17471.58,3329.06,9987.19,23,0.5012,0.702,3,0.8423,0.0,0.2951,0.0,0.3985,0.9218,0.482,True,1,SYNTHETIC_SHOWCASE_ONLY
9004129,1995-09-28,gig_worker,151270.56,9,54411.49,12795.81,38387.43,115,0.871,0.675,2,0.8051,0.0,0.199,0.0,0.129,0.6306,0.0378,True,1,SYNTHETIC_SHOWCASE_ONLY
9004130,1995-02-13,informal_worker,35505.65,24,15322.93,5404.77,16214.31,113,0.6907,0.8624,0,0.8213,0.0,0.1406,0.0,0.4454,0.5447,0.2596,True,0,SYNTHETIC_SHOWCASE_ONLY
9004131,1993-01-16,informal_worker,203271.38,18,42767.82,8728.17,26184.5,175,0.4447,0.7161,1,0.4699,0.0,0.4984,0.0,0.4901,0.6535,0.5053,True,1,SYNTHETIC_SHOWCASE_ONLY
9004132,1997-08-26,gig_worker,144777.13,6,39303.04,8067.19,24201.58,195,0.714,0.7042,0,0.7569,0.0,0.2892,0.0,0.145,0.8871,0.2736,True,1,SYNTHETIC_SHOWCASE_ONLY
9004133,1996-08-26,first_time_borrower,95850.2,9,19763.63,6493.9,19481.71,15,0.623,0.7895,1,0.6178,0.0,0.357,0.0,0.3216,0.5602,0.3229,True,1,SYNTHETIC_SHOWCASE_ONLY
9004134,1995-07-07,small_merchant,46457.53,6,10745.57,2170.99,6512.97,78,0.4855,0.8383,0,0.6015,25204.86,0.8184,7827.69,0.8296,0.5314,0.5322,True,1,SYNTHETIC_SHOWCASE_ONLY
9004135,1997-12-08,informal_worker,89399.04,36,21308.93,4093.8,12281.39,152,0.9643,0.734,1,0.6416,0.0,0.4459,0.0,0.2777,0.6419,0.0,True,0,SYNTHETIC_SHOWCASE_ONLY
9004136,1997-11-09,gig_worker,287939.83,12,75917.84,19058.09,57174.28,14,0.8926,0.9715,0,0.9498,0.0,0.6516,0.0,0.4212,0.5155,0.0792,True,0,SYNTHETIC_SHOWCASE_ONLY
9004137,1997-11-14,gig_worker,63694.72,24,18501.12,7158.32,21474.96,242,0.6365,0.4654,1,0.8106,0.0,0.2642,0.0,0.1534,0.873,0.2953,True,1,SYNTHETIC_SHOWCASE_ONLY
9004138,1994-04-18,informal_worker,86101.4,6,19124.32,4464.88,13394.63,179,0.5085,0.9286,0,0.4641,0.0,0.3753,0.0,0.3972,0.5242,0.5935,True,1,SYNTHETIC_SHOWCASE_ONLY
9004139,1997-05-28,informal_worker,57224.68,24,17346.05,4331.76,12995.28,142,0.7919,0.8666,0,0.7514,0.0,0.065,0.0,0.1946,0.8481,0.1412,True,0,SYNTHETIC_SHOWCASE_ONLY
9004140,1995-07-11,small_merchant,46716.34,18,50164.17,19391.43,58174.29,163,0.724,0.5471,2,0.812,144280.63,0.658,57645.5,0.8265,0.6633,0.1895,True,1,SYNTHETIC_SHOWCASE_ONLY
9004141,1996-08-18,gig_worker,78823.74,36,24918.36,6187.97,18563.92,111,0.6038,0.3399,3,0.8747,0.0,0.5595,0.0,0.379,0.9607,0.3294,True,1,SYNTHETIC_SHOWCASE_ONLY
9004142,1997-04-19,informal_worker,21821.89,18,20733.89,5880.03,17640.1,220,0.6267,0.8977,0,0.5002,0.0,0.3099,0.0,0.3108,0.9256,0.3358,True,0,SYNTHETIC_SHOWCASE_ONLY
9004143,1993-10-26,gig_worker,263609.54,24,55183.94,10334.46,31003.38,17,0.6635,0.8728,2,0.7925,0.0,0.1895,0.0,0.1503,0.9202,0.3498,True,1,SYNTHETIC_SHOWCASE_ONLY
9004144,1995-03-30,small_merchant,127406.82,18,36979.42,9328.17,27984.51,275,0.9469,0.8757,0,0.8713,155290.25,0.8385,16204.15,0.621,0.5568,0.0156,True,0,SYNTHETIC_SHOWCASE_ONLY
9004145,1993-08-24,informal_worker,54838.62,18,18010.32,4764.13,14292.39,175,0.5119,0.8302,0,0.4775,0.0,0.3229,0.0,0.3816,0.7012,0.6116,True,1,SYNTHETIC_SHOWCASE_ONLY
9004146,1994-05-26,gig_worker,22883.76,36,15562.81,3964.94,11894.81,249,0.8198,0.8691,0,0.7587,0.0,0.1423,0.0,0.0848,0.2036,0.2187,True,0,SYNTHETIC_SHOWCASE_ONLY
9004147,1995-01-26,gig_worker,140080.93,18,48819.32,16601.01,49803.04,35,0.7187,0.7881,1,0.7885,0.0,0.4698,0.0,0.3905,0.4493,0.3618,True,0,SYNTHETIC_SHOWCASE_ONLY
9004148,1997-04-12,gig_worker,59477.18,24,28226.54,6827.67,20483.01,145,0.658,0.837,0,0.6648,0.0,0.2481,0.0,0.3175,0.8717,0.423,True,1,SYNTHETIC_SHOWCASE_ONLY
9004149,1997-04-25,first_time_borrower,47545.88,6,13311.84,4033.87,12101.62,22,0.8096,0.7564,0,0.4565,0.0,0.4255,0.0,0.2213,0.6369,0.1014,True,1,SYNTHETIC_SHOWCASE_ONLY
9004150,1994-12-13,small_merchant,38778.0,18,11897.27,3342.25,10026.75,53,0.7082,0.904,0,0.7865,33213.86,0.7975,8641.53,0.5447,0.4616,0.2773,True,0,SYNTHETIC_SHOWCASE_ONLY
9004151,1994-08-25,informal_worker,45834.45,36,16387.29,4180.1,12540.3,140,0.8993,0.9041,0,0.9247,0.0,0.299,0.0,0.0797,0.5232,0.0488,True,0,SYNTHETIC_SHOWCASE_ONLY
9004152,1995-08-28,first_time_borrower,26441.89,24,15444.48,2870.84,8612.51,155,0.5509,0.8276,0,0.7484,0.0,0.2834,0.0,0.1698,0.5015,0.4357,True,0,SYNTHETIC_SHOWCASE_ONLY
9004153,1997-07-24,informal_worker,30549.97,18,10486.49,2433.41,7300.23,267,0.8956,0.9125,0,0.9249,0.0,0.8098,0.0,0.4775,0.873,0.0622,True,0,SYNTHETIC_SHOWCASE_ONLY
9004154,1997-11-19,small_merchant,43466.15,12,16517.84,5021.8,15065.4,47,0.69,0.4174,0,0.6728,45598.25,0.797,294.84,0.4045,0.6959,0.4071,True,1,SYNTHETIC_SHOWCASE_ONLY
9004155,1994-02-19,small_merchant,78273.0,24,18012.14,5217.82,15653.45,53,0.4504,0.7757,1,0.7684,56014.72,0.8009,19358.74,0.3601,0.7433,0.6684,True,1,SYNTHETIC_SHOWCASE_ONLY
9004156,1993-12-07,small_merchant,101693.27,12,22423.68,4463.98,13391.95,90,0.8812,0.8271,1,0.5152,79820.55,0.9184,21480.05,0.2004,0.656,0.06,True,1,SYNTHETIC_SHOWCASE_ONLY
9004157,1996-07-14,informal_worker,248677.97,36,63105.08,22974.0,68921.99,70,0.9624,0.8531,0,0.9037,0.0,0.1838,0.0,0.4727,0.8291,0.0883,True,0,SYNTHETIC_SHOWCASE_ONLY
9004158,1994-07-05,first_time_borrower,49425.66,12,24633.81,8320.6,24961.8,246,0.7523,0.6924,2,0.8873,0.0,0.6257,0.0,0.1471,0.6646,0.2253,True,0,SYNTHETIC_SHOWCASE_ONLY
9004159,1993-12-31,informal_worker,19831.55,6,25835.99,10480.55,31441.66,189,0.7159,0.9115,0,0.7881,0.0,0.118,0.0,0.1336,0.7939,0.2952,True,0,SYNTHETIC_SHOWCASE_ONLY
9004160,1993-02-26,small_merchant,167021.52,24,35753.46,7699.86,23099.57,192,0.802,0.9867,0,0.7242,64744.59,0.7047,12560.38,0.4739,0.8646,0.2037,True,0,SYNTHETIC_SHOWCASE_ONLY
9004161,1995-01-07,small_merchant,124048.88,12,24985.4,6993.06,20979.19,254,0.7453,0.8092,1,0.8439,87765.96,0.9032,10738.53,0.7596,0.8312,0.2808,True,1,SYNTHETIC_SHOWCASE_ONLY
9004162,1994-12-17,first_time_borrower,39320.33,12,33929.27,6801.46,20404.37,235,0.9778,0.8699,0,0.7198,0.0,0.0764,0.0,0.1046,0.8827,0.0051,True,0,SYNTHETIC_SHOWCASE_ONLY
9004163,1995-10-26,gig_worker,115869.5,12,32037.26,8313.61,24940.82,164,0.6626,0.972,0,0.498,0.0,0.2239,0.0,0.0478,0.4408,0.3539,True,0,SYNTHETIC_SHOWCASE_ONLY
9004164,1994-01-01,first_time_borrower,73370.81,36,29697.03,7931.85,23795.56,133,0.3936,0.7864,1,0.9565,0.0,0.1062,0.0,0.2551,0.7919,0.5826,True,1,SYNTHETIC_SHOWCASE_ONLY
9004165,1996-07-28,gig_worker,132428.08,18,105647.52,22970.48,68911.44,58,0.6009,0.9781,0,0.6411,0.0,0.4772,0.0,0.3303,0.9385,0.4588,True,0,SYNTHETIC_SHOWCASE_ONLY
9004166,1996-05-26,informal_worker,216439.4,36,43360.33,9814.74,29444.22,214,0.5666,0.6846,0,0.7982,0.0,0.4879,0.0,0.1683,0.767,0.3714,True,0,SYNTHETIC_SHOWCASE_ONLY
9004167,1995-04-25,informal_worker,78402.85,12,16659.46,4478.67,13436.02,255,0.8459,0.9187,0,0.6546,0.0,0.2346,0.0,0.0881,0.7827,0.1575,True,1,SYNTHETIC_SHOWCASE_ONLY
9004168,1993-11-28,small_merchant,164667.22,12,33445.3,13533.28,40599.83,38,0.6294,0.4629,3,0.6749,78682.89,0.9047,42520.53,0.8337,0.9619,0.5023,True,1,SYNTHETIC_SHOWCASE_ONLY
9004169,1995-07-15,gig_worker,23611.58,12,19147.47,4018.07,12054.21,123,0.6406,0.7337,2,0.6916,0.0,0.5367,0.0,0.1512,0.7975,0.5352,True,0,SYNTHETIC_SHOWCASE_ONLY
9004170,1996-05-17,first_time_borrower,95894.92,12,34688.38,13274.5,39823.51,70,0.3652,0.9377,0,0.8091,0.0,0.1714,0.0,0.2798,0.6328,0.6095,True,1,SYNTHETIC_SHOWCASE_ONLY
9004171,1994-11-12,small_merchant,65716.58,6,14470.54,2658.51,7975.53,74,0.8926,0.5972,1,0.8225,20881.63,0.7422,12654.06,0.4421,0.7104,0.0242,True,1,SYNTHETIC_SHOWCASE_ONLY
9004172,1994-04-27,small_merchant,58746.48,6,16452.38,4998.12,14994.35,51,0.8194,0.7472,1,0.6718,57851.89,0.6663,24099.73,0.7401,0.913,0.1053,True,1,SYNTHETIC_SHOWCASE_ONLY
9004173,1995-07-14,small_merchant,82968.26,12,33025.5,6679.7,20039.11,164,0.7455,0.7589,0,0.7328,57184.68,0.5414,18978.21,0.7635,0.4763,0.3138,True,1,SYNTHETIC_SHOWCASE_ONLY
9004174,1994-10-11,small_merchant,129878.67,24,45199.48,17796.15,53388.45,242,0.9478,0.603,2,0.7923,64639.25,0.8609,33231.1,0.7719,0.5,0.0456,True,0,SYNTHETIC_SHOWCASE_ONLY
9004175,1995-01-02,informal_worker,27437.49,12,35640.19,7410.95,22232.85,130,0.7827,0.8113,0,0.4916,0.0,0.3822,0.0,0.3091,0.7244,0.2682,True,0,SYNTHETIC_SHOWCASE_ONLY
9004176,1994-09-30,gig_worker,138833.27,18,42189.9,12617.31,37851.93,87,0.7864,0.7873,1,0.7272,0.0,0.5506,0.0,0.2237,0.5916,0.2127,True,1,SYNTHETIC_SHOWCASE_ONLY
9004177,1994-07-09,small_merchant,146835.57,12,33503.08,6591.93,19775.79,243,0.6072,0.8447,1,0.6055,91705.84,0.7322,24307.9,0.3802,0.2869,0.4091,True,1,SYNTHETIC_SHOWCASE_ONLY
9004178,1996-08-01,first_time_borrower,18624.1,18,30417.03,12211.8,36635.39,79,0.5802,0.7992,0,0.8094,0.0,0.334,0.0,0.4323,0.7786,0.4997,True,0,SYNTHETIC_SHOWCASE_ONLY
9004179,1995-04-21,gig_worker,28667.07,24,21986.57,4658.17,13974.5,174,0.6046,0.7966,0,0.8647,0.0,0.0454,0.0,0.2052,0.748,0.3984,True,0,SYNTHETIC_SHOWCASE_ONLY
9004180,1995-05-02,small_merchant,119097.53,24,41365.42,11464.01,34392.04,196,0.7351,0.8502,3,0.7424,83289.67,0.8436,3128.69,0.7169,0.6729,0.2056,True,1,SYNTHETIC_SHOWCASE_ONLY
9004181,1996-04-07,informal_worker,140506.2,24,45793.7,18148.73,54446.2,199,0.9108,0.939,0,0.5476,0.0,0.205,0.0,0.4029,0.6831,0.1583,True,0,SYNTHETIC_SHOWCASE_ONLY
9004182,1994-10-22,first_time_borrower,57337.36,12,27164.45,9158.49,27475.47,122,0.7857,0.4706,4,0.7861,0.0,0.3805,0.0,0.4365,0.7402,0.2843,True,1,SYNTHETIC_SHOWCASE_ONLY
9004183,1993-07-04,informal_worker,19136.77,12,26471.8,10970.07,32910.21,37,0.3307,0.9703,0,0.9529,0.0,0.0989,0.0,0.1843,0.9156,0.5564,True,0,SYNTHETIC_SHOWCASE_ONLY
9004184,1997-04-06,first_time_borrower,232713.77,24,60104.17,16060.44,48181.31,117,0.636,0.9513,1,0.5515,0.0,0.0299,0.0,0.4319,0.5341,0.3494,True,1,SYNTHETIC_SHOWCASE_ONLY
9004185,1993-04-12,gig_worker,46272.56,36,27726.87,7570.5,22711.51,198,0.8615,0.9371,1,0.8823,0.0,0.3643,0.0,0.2319,0.8434,0.1365,True,0,SYNTHETIC_SHOWCASE_ONLY
9004186,1995-11-11,small_merchant,99771.49,18,29035.92,6591.7,19775.11,248,0.5595,0.8313,0,0.7072,108404.7,0.9666,21869.24,0.5817,0.7848,0.5135,True,1,SYNTHETIC_SHOWCASE_ONLY
9004187,1994-05-01,first_time_borrower,108107.72,18,35326.48,7635.4,22906.19,140,0.7592,0.9042,0,0.4364,0.0,0.2328,0.0,0.2567,0.6842,0.2916,True,1,SYNTHETIC_SHOWCASE_ONLY
9004188,1994-01-26,first_time_borrower,66674.45,24,26715.86,5956.39,17869.17,40,0.6689,0.8409,0,0.9412,0.0,0.4648,0.0,0.1877,0.6163,0.2605,True,1,SYNTHETIC_SHOWCASE_ONLY
9004189,1993-03-18,small_merchant,60384.94,36,18886.38,6771.41,20314.24,179,0.8347,0.985,0,0.8322,32395.26,0.8813,12869.06,0.4708,0.5403,0.0916,True,0,SYNTHETIC_SHOWCASE_ONLY
9004190,1997-07-02,small_merchant,122804.19,12,33569.84,10032.62,30097.87,20,0.8143,0.6552,1,0.2442,137712.24,0.943,44647.37,0.6208,0.7775,0.2009,True,0,SYNTHETIC_SHOWCASE_ONLY
9004191,1995-02-23,small_merchant,85691.51,9,27483.95,6308.58,18925.74,164,0.6752,0.7367,1,0.9303,35490.31,0.8999,7180.84,0.8158,0.8488,0.3649,True,1,SYNTHETIC_SHOWCASE_ONLY
9004192,1994-09-18,gig_worker,206984.88,24,67794.73,25497.1,76491.3,63,0.7034,0.7773,1,0.8434,0.0,0.1915,0.0,0.1907,0.8388,0.2372,True,0,SYNTHETIC_SHOWCASE_ONLY
9004193,1996-09-15,first_time_borrower,102968.12,24,40880.77,11722.36,35167.08,198,0.2389,0.5182,1,0.8167,0.0,0.2054,0.0,0.2164,0.9592,0.7207,True,1,SYNTHETIC_SHOWCASE_ONLY
9004194,1993-03-13,informal_worker,52432.13,9,21038.9,8169.74,24509.22,128,0.9423,0.9316,0,0.8656,0.0,0.4142,0.0,0.2741,0.4916,0.1904,True,0,SYNTHETIC_SHOWCASE_ONLY
9004195,1995-10-28,small_merchant,109669.88,12,39731.86,10730.79,32192.36,189,0.8302,0.9112,0,0.8369,113541.6,0.7173,36059.4,0.863,0.5579,0.1693,True,0,SYNTHETIC_SHOWCASE_ONLY
9004196,1995-06-23,gig_worker,84041.18,18,32459.08,11457.61,34372.82,43,0.4483,0.5733,1,0.7384,0.0,0.0622,0.0,0.142,0.5328,0.4931,True,1,SYNTHETIC_SHOWCASE_ONLY
9004197,1995-10-08,small_merchant,132903.51,24,52495.59,20690.88,62072.63,122,0.7801,0.6654,1,0.8666,105209.17,0.901,59063.73,0.4237,0.9187,0.3297,True,0,SYNTHETIC_SHOWCASE_ONLY
9004198,1993-08-15,gig_worker,33210.72,24,21768.55,7448.96,22346.88,232,0.7462,0.6865,0,0.6889,0.0,0.0445,0.0,0.2308,0.7491,0.1651,True,0,SYNTHETIC_SHOWCASE_ONLY
9004199,1997-10-06,informal_worker,116157.48,9,30654.18,9458.84,28376.51,88,0.809,0.7149,0,0.7298,0.0,0.2426,0.0,0.0239,0.6634,0.134,True,0,SYNTHETIC_SHOWCASE_ONLY
9004200,1994-03-12,small_merchant,31638.5,12,26699.36,8439.65,25318.96,175,0.66,0.8277,0,0.822,86730.37,0.8979,17929.62,0.3621,0.652,0.3224,True,0,SYNTHETIC_SHOWCASE_ONLY
9004201,1996-05-23,gig_worker,132418.44,24,28797.1,9280.24,27840.71,66,0.7069,0.9382,0,0.7533,0.0,0.0479,0.0,0.161,0.6502,0.3241,True,0,SYNTHETIC_SHOWCASE_ONLY
9004202,1996-09-26,informal_worker,61317.63,9,18307.47,6864.98,20594.94,220,0.4824,0.4781,3,0.8956,0.0,0.4143,0.0,0.3421,0.7395,0.4864,True,1,SYNTHETIC_SHOWCASE_ONLY
9004203,1994-09-21,first_time_borrower,30092.47,18,36915.89,7140.86,21422.57,254,0.6803,0.841,0,0.6896,0.0,0.2583,0.0,0.7636,0.3414,0.3481,True,0,SYNTHETIC_SHOWCASE_ONLY
9004204,1993-08-27,gig_worker,119758.16,18,34220.58,8813.46,26440.38,279,0.7009,0.8589,0,0.8917,0.0,0.4621,0.0,0.2796,0.6325,0.1659,True,0,SYNTHETIC_SHOWCASE_ONLY
9004205,1994-06-26,small_merchant,113671.87,12,51889.26,21323.79,63971.38,251,0.6072,0.6229,0,0.7719,103094.05,0.8782,41458.88,0.5682,0.4287,0.4662,True,1,SYNTHETIC_SHOWCASE_ONLY
9004206,1997-01-13,small_merchant,130716.45,24,27865.58,7064.17,21192.5,80,0.9453,0.9908,0,0.9417,47840.24,0.621,14879.31,0.7512,0.5374,0.1233,True,0,SYNTHETIC_SHOWCASE_ONLY
9004207,1997-07-14,gig_worker,108425.33,6,22977.64,5260.95,15782.84,91,0.7119,0.8581,0,0.8447,0.0,0.198,0.0,0.6426,0.7555,0.0425,True,0,SYNTHETIC_SHOWCASE_ONLY
9004208,1997-09-07,small_merchant,176761.91,24,40897.37,10194.1,30582.31,192,0.7768,0.9121,0,0.6781,93621.05,0.5914,27288.53,0.583,0.7015,0.1191,True,0,SYNTHETIC_SHOWCASE_ONLY
9004209,1994-02-18,informal_worker,59258.89,18,19124.81,4789.25,14367.76,148,0.8845,0.6267,0,0.5984,0.0,0.1454,0.0,0.2468,0.6867,0.0733,True,0,SYNTHETIC_SHOWCASE_ONLY
9004210,1996-01-13,gig_worker,218908.84,18,47134.12,10841.18,32523.55,114,0.6401,0.8087,1,0.893,0.0,0.3319,0.0,0.4299,0.6635,0.2857,True,0,SYNTHETIC_SHOWCASE_ONLY
9004211,1993-10-03,gig_worker,162876.67,24,47085.67,12878.68,38636.04,18,0.9031,0.925,0,0.7785,0.0,0.6398,0.0,0.4155,0.6501,0.0451,True,0,SYNTHETIC_SHOWCASE_ONLY
9004212,1996-07-21,first_time_borrower,227859.7,12,51197.89,16027.3,48081.89,59,0.735,0.8002,0,0.6545,0.0,0.3273,0.0,0.1694,0.8049,0.314,True,1,SYNTHETIC_SHOWCASE_ONLY
9004213,1995-01-30,small_merchant,43754.72,24,33548.21,8231.92,24695.75,259,0.8935,0.8497,1,0.582,82964.22,0.7457,40012.71,0.8467,0.6633,0.0892,True,0,SYNTHETIC_SHOWCASE_ONLY
9004214,1996-07-27,informal_worker,101497.52,12,22168.81,8113.12,24339.35,15,0.7914,0.806,0,0.8086,0.0,0.6637,0.0,0.0139,0.5025,0.1381,True,0,SYNTHETIC_SHOWCASE_ONLY
9004215,1996-06-05,informal_worker,103597.71,36,29506.62,8328.68,24986.03,238,0.642,0.4602,4,0.7558,0.0,0.067,0.0,0.2236,0.8193,0.3633,True,1,SYNTHETIC_SHOWCASE_ONLY
9004216,1997-12-18,first_time_borrower,65003.27,6,33603.75,11795.44,35386.33,45,0.6838,0.8917,0,0.8845,0.0,0.2041,0.0,0.0745,0.7435,0.2843,True,0,SYNTHETIC_SHOWCASE_ONLY
9004217,1995-06-12,informal_worker,106788.31,18,21398.84,7073.23,21219.69,113,0.4402,0.9089,0,0.663,0.0,0.3941,0.0,0.4479,0.4941,0.5627,True,1,SYNTHETIC_SHOWCASE_ONLY
9004218,1994-09-16,first_time_borrower,192328.84,9,53095.93,13381.43,40144.28,266,0.9542,0.8578,1,0.7548,0.0,0.1731,0.0,0.1684,0.8209,0.1265,True,0,SYNTHETIC_SHOWCASE_ONLY
9004219,1995-08-20,informal_worker,170043.71,12,36989.9,8630.82,25892.46,57,0.6426,0.7553,1,0.4923,0.0,0.0386,0.0,0.1895,0.8887,0.2366,True,1,SYNTHETIC_SHOWCASE_ONLY
9004220,1993-10-25,small_merchant,11395.92,9,18245.85,5444.49,16333.47,79,0.68,0.8579,0,0.7421,52736.07,0.649,25579.54,0.6612,0.4665,0.3354,True,0,SYNTHETIC_SHOWCASE_ONLY
9004221,1993-07-24,small_merchant,209482.85,12,69129.66,25104.72,75314.15,14,0.6984,0.7526,0,0.7659,200384.64,0.5735,62676.57,0.8026,0.5985,0.1055,True,0,SYNTHETIC_SHOWCASE_ONLY
9004222,1995-08-06,small_merchant,109589.07,6,29339.99,11098.32,33294.96,137,0.6794,0.9668,0,0.7613,105934.99,0.8823,15099.85,0.7216,0.3896,0.2711,True,1,SYNTHETIC_SHOWCASE_ONLY
9004223,1997-02-16,small_merchant,10937.42,6,16560.74,3207.81,9623.44,134,0.5643,0.7445,0,0.7113,31232.75,0.6894,24040.5,0.3009,0.7444,0.471,True,1,SYNTHETIC_SHOWCASE_ONLY
9004224,1995-09-01,gig_worker,74345.94,24,18796.72,4765.14,14295.42,149,0.6335,0.8164,2,0.9835,0.0,0.4207,0.0,0.2129,0.7077,0.4143,True,1,SYNTHETIC_SHOWCASE_ONLY
9004225,1996-11-28,small_merchant,198234.2,12,57187.8,13759.96,41279.88,58,0.2778,0.7837,1,0.7917,78201.69,0.6781,73179.28,0.5573,0.8288,0.6812,True,1,SYNTHETIC_SHOWCASE_ONLY
9004226,1993-11-21,small_merchant,121624.65,6,67235.22,13724.4,41173.2,213,0.585,0.7199,2,0.93,203023.99,0.8751,42989.26,0.6868,0.8155,0.4157,True,1,SYNTHETIC_SHOWCASE_ONLY
9004227,1995-04-01,gig_worker,165069.06,36,45456.57,11272.5,33817.51,106,0.5665,0.9725,0,0.7289,0.0,0.0941,0.0,0.068,0.4986,0.4051,True,0,SYNTHETIC_SHOWCASE_ONLY
9004228,1996-01-25,gig_worker,62026.48,18,52745.19,11099.35,33298.05,120,0.9426,0.852,0,0.9537,0.0,0.1594,0.0,0.2768,0.7214,0.0277,True,0,SYNTHETIC_SHOWCASE_ONLY
9004229,1994-09-27,informal_worker,212168.32,12,50208.28,12263.62,36790.85,222,0.7695,0.7476,1,0.7572,0.0,0.4573,0.0,0.6007,0.9627,0.1881,True,1,SYNTHETIC_SHOWCASE_ONLY
9004230,1993-01-26,small_merchant,161372.32,12,36580.83,12219.23,36657.69,241,0.6433,0.7458,0,0.7427,85752.75,0.6277,30051.25,0.7272,0.5989,0.416,True,1,SYNTHETIC_SHOWCASE_ONLY
9004231,1993-05-15,informal_worker,89718.55,18,32790.69,7907.31,23721.94,24,0.7412,0.8744,0,0.8526,0.0,0.2971,0.0,0.4091,0.7064,0.1451,True,0,SYNTHETIC_SHOWCASE_ONLY
9004232,1997-08-21,small_merchant,102779.43,18,36282.62,8327.43,24982.28,200,0.335,0.8223,0,0.7449,52024.84,0.9025,7809.31,0.6553,0.9373,0.689,True,1,SYNTHETIC_SHOWCASE_ONLY
9004233,1996-01-10,first_time_borrower,94441.1,24,39864.73,12239.55,36718.65,137,0.8012,0.9069,0,0.9322,0.0,0.1303,0.0,0.1948,0.3148,0.0678,True,0,SYNTHETIC_SHOWCASE_ONLY
9004234,1994-04-29,informal_worker,41571.02,18,19613.88,5796.69,17390.08,122,0.4857,0.6572,2,0.4561,0.0,0.6251,0.0,0.2298,0.3626,0.5353,True,1,SYNTHETIC_SHOWCASE_ONLY
9004235,1994-04-18,gig_worker,176685.01,36,39787.18,8228.86,24686.59,62,0.9167,0.6304,3,0.8939,0.0,0.1599,0.0,0.1098,0.6315,0.0867,True,1,SYNTHETIC_SHOWCASE_ONLY
9004236,1993-03-14,first_time_borrower,109483.25,24,56392.75,19806.06,59418.18,186,0.8805,0.9313,0,0.9648,0.0,0.1441,0.0,0.4224,0.7715,0.1082,True,0,SYNTHETIC_SHOWCASE_ONLY
9004237,1997-09-22,gig_worker,60165.97,36,25359.31,10532.05,31596.15,141,0.5354,0.8706,0,0.9708,0.0,0.1436,0.0,0.4477,0.6623,0.6579,True,0,SYNTHETIC_SHOWCASE_ONLY
9004238,1993-07-17,informal_worker,46246.18,18,24091.17,6946.98,20840.93,82,0.6899,0.9269,1,0.8088,0.0,0.082,0.0,0.1887,0.5582,0.3787,True,0,SYNTHETIC_SHOWCASE_ONLY
9004239,1996-10-18,informal_worker,122819.47,18,35196.5,8063.77,24191.31,12,0.9923,0.7126,0,0.9502,0.0,0.3932,0.0,0.2299,0.718,0.1479,True,0,SYNTHETIC_SHOWCASE_ONLY
9004240,1994-03-15,small_merchant,85737.69,24,20498.85,7355.45,22066.36,226,0.5721,0.8355,1,0.9062,30942.88,0.6996,20220.16,0.8575,0.7587,0.3915,True,0,SYNTHETIC_SHOWCASE_ONLY
9004241,1994-09-05,informal_worker,19689.63,24,14881.69,5892.79,17678.38,271,0.958,0.7473,1,0.313,0.0,0.2271,0.0,0.23,0.8218,0.0,True,0,SYNTHETIC_SHOWCASE_ONLY
9004242,1994-05-16,small_merchant,83591.17,6,48575.03,10555.5,31666.51,95,0.792,0.8116,0,0.8352,178219.15,0.8959,71795.67,0.4239,0.716,0.1665,True,0,SYNTHETIC_SHOWCASE_ONLY
9004243,1997-02-14,gig_worker,23859.87,9,22550.29,6868.3,20604.89,174,0.835,0.9386,1,0.5849,0.0,0.1219,0.0,0.2566,0.6836,0.1863,True,0,SYNTHETIC_SHOWCASE_ONLY
9004244,1993-03-01,gig_worker,36859.63,12,28249.05,11283.14,33849.43,84,0.543,0.7019,0,0.9234,0.0,0.1187,0.0,0.1753,0.752,0.4326,True,0,SYNTHETIC_SHOWCASE_ONLY
9004245,1994-10-06,gig_worker,49936.62,12,20891.54,6110.86,18332.59,12,0.912,0.9427,0,0.8358,0.0,0.2399,0.0,0.0411,0.7687,0.1685,True,0,SYNTHETIC_SHOWCASE_ONLY
9004246,1994-05-26,gig_worker,207431.07,36,51678.76,17893.75,53681.26,56,0.8249,0.957,0,0.5741,0.0,0.1026,0.0,0.268,0.7482,0.2178,True,0,SYNTHETIC_SHOWCASE_ONLY
9004247,1994-05-14,informal_worker,125800.64,24,42170.84,9384.94,28154.82,120,0.646,0.7261,0,0.7701,0.0,0.178,0.0,0.3699,0.6787,0.3759,True,0,SYNTHETIC_SHOWCASE_ONLY
9004248,1993-12-19,small_merchant,20814.0,9,24944.4,8370.44,25111.32,107,0.6455,0.7706,0,0.7198,41231.06,0.6632,3994.49,0.47,0.9484,0.3743,True,0,SYNTHETIC_SHOWCASE_ONLY
9004249,1997-07-25,small_merchant,53246.29,12,15892.6,5163.3,15489.89,12,0.7203,0.7616,1,0.7444,61287.55,0.9733,19089.9,0.3788,0.9153,0.2497,True,0,SYNTHETIC_SHOWCASE_ONLY
9004250,1994-11-23,informal_worker,97174.06,12,23704.82,5500.15,16500.45,151,0.5967,0.6063,1,0.7562,0.0,0.1078,0.0,0.1617,0.6355,0.359,True,1,SYNTHETIC_SHOWCASE_ONLY
9004251,1995-02-03,gig_worker,85822.91,24,36813.99,7758.43,23275.28,61,0.7366,0.7693,1,0.6626,0.0,0.1154,0.0,0.2177,0.6671,0.15,True,0,SYNTHETIC_SHOWCASE_ONLY
9004252,1994-12-05,gig_worker,51438.42,36,30653.59,10132.15,30396.44,136,0.913,0.6987,1,0.8138,0.0,0.2341,0.0,0.2854,0.6381,0.1228,True,0,SYNTHETIC_SHOWCASE_ONLY
9004253,1997-11-25,informal_worker,116880.31,9,29505.35,6605.04,19815.12,141,0.7479,0.8838,0,0.7808,0.0,0.0806,0.0,0.2806,0.5057,0.203,True,0,SYNTHETIC_SHOWCASE_ONLY
9004254,1994-09-12,first_time_borrower,21857.15,12,30994.81,11160.93,33482.78,144,0.5849,0.9263,1,0.8193,0.0,0.3644,0.0,0.1844,0.6541,0.5582,True,0,SYNTHETIC_SHOWCASE_ONLY
9004255,1994-09-16,small_merchant,168813.3,36,40303.03,10925.79,32777.37,78,0.8897,0.7562,0,0.8054,106076.32,0.6861,5675.88,0.5358,0.8457,0.0,True,0,SYNTHETIC_SHOWCASE_ONLY
9004256,1994-08-22,gig_worker,113579.61,18,27443.03,8107.37,24322.1,217,0.6016,0.639,1,0.6059,0.0,0.4279,0.0,0.4537,0.683,0.2549,True,1,SYNTHETIC_SHOWCASE_ONLY
9004257,1994-08-21,informal_worker,156627.97,24,34751.09,10715.71,32147.13,83,0.7185,0.9589,0,0.6447,0.0,0.2471,0.0,0.454,0.7218,0.3775,True,1,SYNTHETIC_SHOWCASE_ONLY
9004258,1993-06-13,first_time_borrower,17325.43,12,17435.06,4829.8,14489.41,108,0.3776,0.7609,0,0.8899,0.0,0.3788,0.0,0.5001,0.6392,0.6694,True,0,SYNTHETIC_SHOWCASE_ONLY
9004259,1996-01-09,small_merchant,102470.07,12,95397.55,23013.12,69039.35,189,0.8803,0.7796,1,0.9379,344859.38,0.7943,74489.05,0.8721,0.947,0.0712,True,0,SYNTHETIC_SHOWCASE_ONLY
9004260,1993-02-16,gig_worker,108487.15,24,24433.42,4884.02,14652.06,206,0.8415,0.7283,0,0.5998,0.0,0.1705,0.0,0.2489,0.5996,0.0994,True,0,SYNTHETIC_SHOWCASE_ONLY
9004261,1994-02-17,gig_worker,83087.98,9,30874.46,7455.95,22367.84,131,0.6399,0.7854,0,0.8279,0.0,0.2287,0.0,0.333,0.5601,0.2708,True,1,SYNTHETIC_SHOWCASE_ONLY
9004262,1994-01-05,informal_worker,85488.55,24,36748.89,8833.23,26499.7,119,0.9364,0.5362,1,0.5214,0.0,0.4099,0.0,0.2412,0.577,0.1056,True,1,SYNTHETIC_SHOWCASE_ONLY
9004263,1994-06-17,first_time_borrower,71783.62,24,22989.21,8890.16,26670.48,128,0.8496,0.9819,0,0.8026,0.0,0.2279,0.0,0.6256,0.8335,0.1451,True,0,SYNTHETIC_SHOWCASE_ONLY
9004264,1996-10-13,informal_worker,24107.81,12,28105.36,11394.1,34182.3,213,0.5913,0.8375,0,0.7572,0.0,0.4389,0.0,0.0517,0.6541,0.4498,True,0,SYNTHETIC_SHOWCASE_ONLY
9004265,1995-12-31,small_merchant,95906.54,18,27941.94,6476.86,19430.58,250,0.7357,0.6246,2,0.8623,48033.28,0.7625,35505.76,0.6671,0.6211,0.2693,True,1,SYNTHETIC_SHOWCASE_ONLY
9004266,1997-12-15,informal_worker,85916.04,24,18055.79,4652.51,13957.54,246,0.6024,0.7195,1,0.8221,0.0,0.1589,0.0,0.4583,0.6567,0.3434,True,1,SYNTHETIC_SHOWCASE_ONLY
9004267,1994-10-04,first_time_borrower,123492.44,36,34561.05,10754.57,32263.72,202,0.6528,0.7417,1,0.7561,0.0,0.0886,0.0,0.4474,0.4119,0.2859,True,0,SYNTHETIC_SHOWCASE_ONLY
9004268,1997-08-23,small_merchant,33543.86,12,12687.0,5237.67,15713.01,26,0.8053,0.6767,2,0.6982,54187.6,0.832,5054.48,0.5495,0.7219,0.1997,True,1,SYNTHETIC_SHOWCASE_ONLY
9004269,1993-03-24,informal_worker,300000.0,24,64942.65,13203.8,39611.4,77,0.5392,0.9142,0,0.8525,0.0,0.0677,0.0,0.0502,0.4888,0.3771,True,0,SYNTHETIC_SHOWCASE_ONLY
9004270,1995-07-10,small_merchant,148698.06,12,40969.61,16508.91,49526.74,145,0.6802,0.8519,1,0.8096,172437.45,0.7587,31139.32,0.4737,0.6305,0.3879,True,1,SYNTHETIC_SHOWCASE_ONLY
9004271,1996-12-29,small_merchant,32368.98,36,38053.13,9324.7,27974.1,96,0.4224,0.4233,2,0.6154,143728.14,0.8837,11062.93,0.5456,0.7327,0.5106,True,1,SYNTHETIC_SHOWCASE_ONLY
9004272,1995-08-30,informal_worker,43166.21,24,12165.65,4365.08,13095.25,64,0.6689,0.9073,0,0.5133,0.0,0.6412,0.0,0.517,0.4369,0.3826,True,0,SYNTHETIC_SHOWCASE_ONLY
9004273,1997-09-01,small_merchant,16511.52,9,19140.2,7097.59,21292.76,110,0.9811,0.9575,1,0.9944,63244.59,0.7614,24147.04,0.4631,0.637,0.0128,True,0,SYNTHETIC_SHOWCASE_ONLY
9004274,1994-07-29,first_time_borrower,106468.38,24,54548.5,17074.89,51224.67,229,0.8637,0.7717,2,0.8355,0.0,0.5026,0.0,0.6197,0.7619,0.1584,True,0,SYNTHETIC_SHOWCASE_ONLY
9004275,1993-03-02,small_merchant,300000.0,24,150000.0,30731.99,92195.96,32,0.5473,0.5786,0,0.5996,298040.33,0.705,160288.6,0.4261,0.7665,0.4581,True,1,SYNTHETIC_SHOWCASE_ONLY
9004276,1996-11-14,small_merchant,76944.13,24,49682.71,15884.99,47654.97,55,0.707,0.8404,1,0.5858,201570.7,0.6331,44216.14,0.5057,0.7469,0.2284,True,0,SYNTHETIC_SHOWCASE_ONLY
9004277,1993-05-05,small_merchant,35375.31,12,46059.65,11367.26,34101.78,128,0.6324,0.5471,3,0.4514,170342.85,0.9053,15756.7,0.6876,0.941,0.3644,True,1,SYNTHETIC_SHOWCASE_ONLY
9004278,1996-10-28,small_merchant,119564.33,24,36024.24,7911.12,23733.37,266,0.7725,0.7,1,0.6868,99431.27,0.7206,40732.68,0.6579,0.3485,0.1639,True,0,SYNTHETIC_SHOWCASE_ONLY
9004279,1996-09-01,small_merchant,34632.2,24,18641.79,4162.99,12488.98,75,0.6692,0.8626,0,0.8225,40589.08,0.8211,8078.9,0.5298,0.5403,0.3886,True,0,SYNTHETIC_SHOWCASE_ONLY
9004280,1997-03-22,informal_worker,132955.08,12,45145.39,12257.91,36773.74,226,0.4343,0.9924,0,0.7453,0.0,0.4499,0.0,0.3674,0.4026,0.5484,True,1,SYNTHETIC_SHOWCASE_ONLY
9004281,1995-05-25,small_merchant,28866.81,12,16504.37,4581.44,13744.31,44,0.5518,0.8402,1,0.4882,50718.18,0.909,9123.32,0.7825,0.7076,0.4586,True,1,SYNTHETIC_SHOWCASE_ONLY
9004282,1997-06-24,small_merchant,56694.48,24,15660.22,5171.94,15515.81,65,0.7891,0.7785,2,0.8817,48494.19,0.7547,11763.76,0.579,0.9695,0.2806,True,1,SYNTHETIC_SHOWCASE_ONLY
9004283,1993-11-07,informal_worker,68997.94,18,15194.15,4833.12,14499.35,172,0.7139,0.6171,3,0.3043,0.0,0.2358,0.0,0.0895,0.8542,0.3185,True,1,SYNTHETIC_SHOWCASE_ONLY
9004284,1995-03-05,gig_worker,43870.91,12,44725.84,13361.67,40085.0,46,0.9124,0.9028,0,0.9336,0.0,0.2636,0.0,0.3647,0.4561,0.0543,True,0,SYNTHETIC_SHOWCASE_ONLY
9004285,1993-08-11,informal_worker,110584.51,24,27238.89,6702.46,20107.37,167,0.856,0.9655,0,0.6701,0.0,0.4424,0.0,0.6248,0.377,0.1091,True,0,SYNTHETIC_SHOWCASE_ONLY
9004286,1996-11-01,small_merchant,37818.15,9,29388.88,12039.3,36117.9,40,0.8126,0.7066,2,0.8646,93029.41,0.8164,38072.02,0.8551,0.5297,0.2902,True,0,SYNTHETIC_SHOWCASE_ONLY
9004287,1996-07-28,small_merchant,56960.56,24,27793.73,10768.98,32306.95,232,0.8382,0.8559,0,0.7488,80597.83,0.9022,26850.52,0.3759,0.5447,0.222,True,0,SYNTHETIC_SHOWCASE_ONLY
9004288,1997-01-12,informal_worker,35434.87,18,16311.34,5818.73,17456.19,80,0.9436,0.7054,1,0.6592,0.0,0.2873,0.0,0.2112,0.7976,0.2316,True,0,SYNTHETIC_SHOWCASE_ONLY
9004289,1996-10-27,informal_worker,30596.37,6,20292.55,4207.7,12623.1,240,0.7355,0.7312,0,0.6628,0.0,0.2448,0.0,0.0962,0.8396,0.3075,True,1,SYNTHETIC_SHOWCASE_ONLY
9004290,1994-07-18,first_time_borrower,19354.74,36,20788.5,5793.2,17379.6,145,0.6618,0.945,0,0.6317,0.0,0.389,0.0,0.0681,0.8011,0.4167,True,0,SYNTHETIC_SHOWCASE_ONLY
9004291,1993-05-05,small_merchant,56786.17,24,14263.08,2908.2,8724.6,143,0.9065,0.8994,2,0.983,32960.41,0.7914,20948.39,0.5162,0.9455,0.0417,True,0,SYNTHETIC_SHOWCASE_ONLY
9004292,1997-08-24,small_merchant,89945.87,12,21981.11,7321.06,21963.19,48,0.6753,0.5312,1,0.5374,30125.97,0.8433,25282.61,0.5112,0.5237,0.3592,True,1,SYNTHETIC_SHOWCASE_ONLY
9004293,1995-06-19,informal_worker,83081.72,36,16662.78,5948.73,17846.2,201,0.8976,0.4957,1,0.9595,0.0,0.1314,0.0,0.3937,0.6636,0.0821,True,0,SYNTHETIC_SHOWCASE_ONLY
9004294,1993-06-22,informal_worker,174104.58,36,36947.16,10075.43,30226.28,185,0.5308,0.7381,3,0.4029,0.0,0.2639,0.0,0.3916,0.703,0.3341,True,1,SYNTHETIC_SHOWCASE_ONLY
9004295,1997-08-20,informal_worker,96613.62,24,38454.3,9760.37,29281.11,169,0.9325,0.9342,0,0.3979,0.0,0.3379,0.0,0.1423,0.8061,0.0,True,0,SYNTHETIC_SHOWCASE_ONLY
9004296,1997-12-21,small_merchant,17860.81,9,15048.19,5465.23,16395.68,71,0.7026,0.8936,0,0.8461,67689.71,0.9191,988.87,0.8801,0.6889,0.3346,True,0,SYNTHETIC_SHOWCASE_ONLY
9004297,1995-03-25,informal_worker,15713.75,12,24284.09,5719.17,17157.51,183,0.4916,0.7294,0,0.8084,0.0,0.317,0.0,0.2552,0.7775,0.603,True,0,SYNTHETIC_SHOWCASE_ONLY
9004298,1996-11-07,gig_worker,200551.84,24,68245.62,18816.53,56449.6,102,0.7085,0.8151,1,0.546,0.0,0.4198,0.0,0.4346,0.5349,0.2912,True,1,SYNTHETIC_SHOWCASE_ONLY
9004299,1993-03-08,small_merchant,76705.1,36,17486.66,4573.5,13720.5,265,0.7647,0.7811,0,0.8039,34554.2,0.4369,8582.27,0.7744,0.8285,0.366,True,1,SYNTHETIC_SHOWCASE_ONLY
9004300,1993-06-20,gig_worker,61124.72,12,34363.35,12801.54,38404.63,68,0.405,0.7991,0,0.8336,0.0,0.276,0.0,0.5158,0.8618,0.605,True,1,SYNTHETIC_SHOWCASE_ONLY
9004301,1994-05-21,small_merchant,43455.82,12,29454.75,10730.24,32190.72,238,0.4834,0.8496,0,0.9195,98285.17,0.7707,4766.29,0.5514,0.7906,0.4586,True,0,SYNTHETIC_SHOWCASE_ONLY
9004302,1996-04-13,informal_worker,119768.54,9,47313.26,10365.46,31096.37,66,0.6968,0.7718,1,0.8301,0.0,0.4911,0.0,0.1102,0.764,0.2575,True,1,SYNTHETIC_SHOWCASE_ONLY
9004303,1993-09-01,small_merchant,146216.94,12,32266.47,7211.38,21634.13,42,0.5599,0.8711,1,0.8938,58713.57,0.9463,17064.17,0.6362,0.568,0.5504,True,1,SYNTHETIC_SHOWCASE_ONLY
9004304,1993-03-04,small_merchant,58898.91,18,22764.05,5155.55,15466.64,86,0.6986,0.9711,1,0.9458,59808.4,0.7161,1280.32,0.7384,0.4171,0.3247,True,0,SYNTHETIC_SHOWCASE_ONLY
9004305,1996-05-06,first_time_borrower,109284.94,6,28911.84,6260.16,18780.48,23,0.6216,0.7821,2,0.8672,0.0,0.2035,0.0,0.22,0.4661,0.3773,True,1,SYNTHETIC_SHOWCASE_ONLY
9004306,1996-11-07,informal_worker,76722.04,18,29115.25,10052.39,30157.18,112,0.8453,0.7465,0,0.8283,0.0,0.0533,0.0,0.7508,0.7084,0.1479,True,0,SYNTHETIC_SHOWCASE_ONLY
9004307,1996-09-11,small_merchant,60046.64,18,26794.34,10090.61,30271.83,260,0.5751,0.5395,0,0.7351,97379.71,0.8171,6011.42,0.7861,0.7723,0.5433,True,0,SYNTHETIC_SHOWCASE_ONLY
9004308,1996-12-30,first_time_borrower,37758.11,12,14865.32,4960.08,14880.24,150,0.5401,0.8051,0,0.657,0.0,0.5267,0.0,0.0512,0.5773,0.4816,True,1,SYNTHETIC_SHOWCASE_ONLY
9004309,1997-01-06,small_merchant,202433.34,24,50850.35,10582.12,31746.35,243,0.8446,0.9395,0,0.8762,173660.44,0.9387,40450.79,0.8032,0.8662,0.1229,True,0,SYNTHETIC_SHOWCASE_ONLY
9004310,1996-01-06,informal_worker,183099.15,9,46716.28,10886.18,32658.55,244,0.7162,0.868,0,0.8825,0.0,0.4415,0.0,0.2104,0.9191,0.2278,True,0,SYNTHETIC_SHOWCASE_ONLY
9004311,1995-08-07,gig_worker,42401.29,6,16962.31,4243.7,12731.1,60,0.8144,0.8433,0,0.9049,0.0,0.3118,0.0,0.1495,0.7881,0.176,True,0,SYNTHETIC_SHOWCASE_ONLY
9004312,1997-04-14,gig_worker,43080.63,18,24236.41,9897.25,29691.74,119,0.4966,0.8184,3,0.7468,0.0,0.4239,0.0,0.2076,0.7917,0.4714,True,0,SYNTHETIC_SHOWCASE_ONLY
9004313,1994-09-28,small_merchant,30464.63,18,25132.54,8719.53,26158.58,102,0.4148,0.9082,0,0.7704,82996.22,0.8082,8368.12,0.6303,0.9825,0.6304,True,0,SYNTHETIC_SHOWCASE_ONLY
9004314,1993-06-28,gig_worker,9740.03,12,16071.95,3800.24,11400.71,180,0.8956,0.7443,3,0.8562,0.0,0.1885,0.0,0.3697,0.8395,0.0,True,0,SYNTHETIC_SHOWCASE_ONLY
9004315,1996-10-05,small_merchant,12552.71,36,11428.87,3994.17,11982.5,162,0.9323,0.7799,2,0.599,37621.8,0.8981,13674.12,0.3134,0.6397,0.0373,True,0,SYNTHETIC_SHOWCASE_ONLY
9004316,1994-05-19,gig_worker,26878.92,12,20293.89,6832.39,20497.17,187,0.9185,0.84,2,0.8925,0.0,0.384,0.0,0.2772,0.4514,0.0,True,0,SYNTHETIC_SHOWCASE_ONLY
9004317,1997-11-23,informal_worker,85793.25,12,23597.28,9361.14,28083.43,206,0.6513,0.7592,1,0.9741,0.0,0.1639,0.0,0.0777,0.6361,0.2802,True,1,SYNTHETIC_SHOWCASE_ONLY
9004318,1995-01-27,gig_worker,58863.33,24,14018.99,4358.66,13075.97,271,0.9567,0.9122,0,0.623,0.0,0.3447,0.0,0.3236,0.7057,0.1433,True,0,SYNTHETIC_SHOWCASE_ONLY
9004319,1997-04-05,gig_worker,117130.99,36,30482.53,10968.6,32905.79,229,0.7266,0.8687,1,0.8387,0.0,0.3204,0.0,0.3946,0.729,0.2496,True,0,SYNTHETIC_SHOWCASE_ONLY
9004320,1993-03-19,first_time_borrower,185061.42,18,48929.26,12648.33,37944.98,152,0.7976,0.9273,0,0.7557,0.0,0.3305,0.0,0.4756,0.7778,0.1342,True,0,SYNTHETIC_SHOWCASE_ONLY
9004321,1996-04-18,informal_worker,208689.56,6,41947.56,13385.63,40156.9,265,0.7197,0.9325,0,0.8617,0.0,0.5877,0.0,0.1427,0.5073,0.1668,True,1,SYNTHETIC_SHOWCASE_ONLY
9004322,1995-03-30,first_time_borrower,127404.3,12,26348.08,5287.61,15862.83,38,0.8095,0.8587,3,0.8817,0.0,0.0741,0.0,0.5715,0.567,0.2078,True,1,SYNTHETIC_SHOWCASE_ONLY
9004323,1995-04-25,small_merchant,20636.55,12,11574.53,4524.55,13573.66,231,0.7996,0.8557,0,0.7468,20615.85,0.9408,3530.74,0.3616,0.785,0.1673,True,0,SYNTHETIC_SHOWCASE_ONLY
9004324,1994-04-30,gig_worker,48891.17,18,39477.92,10775.78,32327.35,241,0.6345,0.9588,0,0.9005,0.0,0.2851,0.0,0.1177,0.6055,0.4463,True,0,SYNTHETIC_SHOWCASE_ONLY
9004325,1997-11-09,small_merchant,38284.16,24,30038.29,11156.44,33469.33,166,0.7453,0.7387,1,0.734,91526.97,0.9194,8200.78,0.0916,0.8719,0.3308,True,0,SYNTHETIC_SHOWCASE_ONLY
9004326,1994-12-19,small_merchant,155861.45,12,34325.66,7471.09,22413.28,75,0.7223,0.7429,0,0.4485,118456.54,0.8111,51367.5,0.6728,0.5595,0.2927,True,1,SYNTHETIC_SHOWCASE_ONLY
9004327,1997-04-02,gig_worker,74487.74,18,70918.68,14890.18,44670.55,20,0.5736,0.6895,1,0.772,0.0,0.3755,0.0,0.0566,0.4193,0.3792,True,0,SYNTHETIC_SHOWCASE_ONLY
9004328,1995-02-16,first_time_borrower,39512.94,24,18845.89,5866.94,17600.82,86,0.9366,0.7651,0,0.8089,0.0,0.0395,0.0,0.55,0.7952,0.1204,True,0,SYNTHETIC_SHOWCASE_ONLY
9004329,1993-03-30,informal_worker,20666.16,12,7044.82,1699.12,5097.36,108,0.6157,0.5112,4,0.7456,0.0,0.1975,0.0,0.0668,0.3709,0.3872,True,1,SYNTHETIC_SHOWCASE_ONLY
9004330,1997-05-25,informal_worker,55713.41,12,16887.04,6263.62,18790.85,73,0.6187,0.6329,0,0.4234,0.0,0.2762,0.0,0.2286,0.3096,0.3898,True,1,SYNTHETIC_SHOWCASE_ONLY
9004331,1993-12-05,small_merchant,113893.91,24,35357.34,10843.09,32529.27,26,0.8852,0.6454,0,0.8047,58138.24,0.6423,5503.01,0.8867,0.8859,0.1166,True,0,SYNTHETIC_SHOWCASE_ONLY
9004332,1994-05-09,informal_worker,115164.29,6,28364.23,10857.86,32573.58,107,0.6472,0.8798,1,0.6147,0.0,0.6019,0.0,0.299,0.4756,0.3352,True,1,SYNTHETIC_SHOWCASE_ONLY
9004333,1997-04-22,gig_worker,48670.49,9,15622.3,3515.81,10547.44,189,0.9655,0.8883,0,0.8226,0.0,0.1537,0.0,0.3099,0.7634,0.0,True,0,SYNTHETIC_SHOWCASE_ONLY
9004334,1997-06-20,first_time_borrower,61539.24,6,14164.52,5106.33,15318.99,226,0.5308,0.9277,0,0.645,0.0,0.3792,0.0,0.0505,0.7459,0.5282,True,1,SYNTHETIC_SHOWCASE_ONLY
9004335,1997-08-01,small_merchant,22965.12,18,23617.6,8570.55,25711.66,86,0.7433,0.8377,0,0.7259,92275.82,0.7741,18324.44,0.3664,0.6123,0.3138,True,0,SYNTHETIC_SHOWCASE_ONLY
9004336,1995-02-17,gig_worker,67424.05,18,15395.56,6033.85,18101.55,25,0.5664,0.946,0,0.7935,0.0,0.3752,0.0,0.0827,0.3813,0.5049,True,0,SYNTHETIC_SHOWCASE_ONLY
9004337,1996-10-14,gig_worker,114894.34,18,35949.26,7055.96,21167.89,147,0.5432,0.4948,1,0.8105,0.0,0.4587,0.0,0.1286,0.535,0.3515,True,1,SYNTHETIC_SHOWCASE_ONLY
9004338,1994-08-22,informal_worker,36332.62,12,22982.19,8415.87,25247.62,237,0.9622,0.6179,2,0.9131,0.0,0.5544,0.0,0.1607,0.5313,0.1053,True,0,SYNTHETIC_SHOWCASE_ONLY
9004339,1996-09-13,first_time_borrower,101579.88,18,20721.83,4717.48,14152.44,48,0.846,0.5126,3,0.9241,0.0,0.5693,0.0,0.1371,0.6752,0.1441,True,1,SYNTHETIC_SHOWCASE_ONLY
9004340,1995-07-07,first_time_borrower,92127.9,12,19457.49,5006.16,15018.48,29,0.699,0.8711,0,0.888,0.0,0.5477,0.0,0.4076,0.5164,0.3101,True,0,SYNTHETIC_SHOWCASE_ONLY
9004341,1993-04-05,informal_worker,137281.71,24,31769.4,11320.41,33961.22,180,0.8744,0.8018,2,0.856,0.0,0.1517,0.0,0.1822,0.6267,0.1352,True,0,SYNTHETIC_SHOWCASE_ONLY
9004342,1995-02-02,first_time_borrower,131776.42,36,28578.56,10591.44,31774.33,21,0.9939,0.8871,1,0.8825,0.0,0.3612,0.0,0.391,0.4189,0.0,True,0,SYNTHETIC_SHOWCASE_ONLY
9004343,1995-05-05,informal_worker,70382.43,18,30850.22,12632.52,37897.56,15,0.8617,0.8956,1,0.7197,0.0,0.6124,0.0,0.2094,0.8406,0.2604,True,0,SYNTHETIC_SHOWCASE_ONLY
9004344,1994-04-15,small_merchant,48917.37,12,30528.68,6386.01,19158.04,32,0.279,0.7317,1,0.8756,89856.09,0.9106,40214.94,0.1297,0.7443,0.67,True,1,SYNTHETIC_SHOWCASE_ONLY
9004345,1994-11-15,informal_worker,37994.04,24,27046.31,4970.94,14912.81,47,0.6256,0.9183,1,0.8604,0.0,0.3553,0.0,0.4064,0.6268,0.2722,True,0,SYNTHETIC_SHOWCASE_ONLY
9004346,1995-07-07,gig_worker,75790.96,12,17052.59,5740.59,17221.78,132,0.8023,0.8634,1,0.9191,0.0,0.0657,0.0,0.0236,0.7454,0.1108,True,0,SYNTHETIC_SHOWCASE_ONLY
9004347,1993-04-01,gig_worker,83556.2,12,19719.78,6877.51,20632.52,236,0.6929,0.8236,0,0.9461,0.0,0.4335,0.0,0.3694,0.6284,0.2647,True,0,SYNTHETIC_SHOWCASE_ONLY
9004348,1993-10-05,small_merchant,113895.57,36,23167.73,7814.08,23442.23,182,0.5453,0.7803,0,0.3963,66874.93,0.7593,8502.23,0.3864,0.7787,0.3803,True,0,SYNTHETIC_SHOWCASE_ONLY
9004349,1996-11-01,gig_worker,300000.0,12,75452.12,23171.93,69515.78,15,0.7825,0.7476,1,0.5393,0.0,0.3077,0.0,0.2242,0.6429,0.275,True,1,SYNTHETIC_SHOWCASE_ONLY
9004350,1994-10-05,first_time_borrower,49568.3,9,14654.73,4397.43,13192.29,215,0.7374,0.9304,0,0.9654,0.0,0.2041,0.0,0.3697,0.3172,0.1556,True,0,SYNTHETIC_SHOWCASE_ONLY
9004351,1996-01-16,first_time_borrower,28075.15,18,22899.06,5245.94,15737.83,183,0.675,0.774,1,0.9219,0.0,0.2505,0.0,0.269,0.6099,0.1712,True,0,SYNTHETIC_SHOWCASE_ONLY
9004352,1995-10-31,small_merchant,38901.53,18,29352.35,10267.77,30803.31,35,0.8141,0.774,1,0.7671,92925.85,0.6505,20638.93,0.9046,0.6828,0.2124,True,0,SYNTHETIC_SHOWCASE_ONLY
9004353,1995-10-04,informal_worker,64975.91,18,24206.1,8644.07,25932.2,48,0.8661,0.3836,1,0.8854,0.0,0.2969,0.0,0.2658,0.3809,0.1562,True,0,SYNTHETIC_SHOWCASE_ONLY
9004354,1995-01-25,small_merchant,186524.87,9,46885.57,17536.61,52609.83,259,0.7274,0.8878,0,0.5299,195927.88,0.7233,62969.49,0.5837,0.4913,0.2356,True,1,SYNTHETIC_SHOWCASE_ONLY
9004355,1995-06-02,gig_worker,32897.02,24,24146.16,7191.19,21573.56,225,0.3881,0.8291,1,0.547,0.0,0.0526,0.0,0.5429,0.5962,0.6022,True,0,SYNTHETIC_SHOWCASE_ONLY
9004356,1997-02-13,small_merchant,115793.6,12,25018.73,6318.29,18954.86,219,0.7853,0.5286,1,0.8186,73734.84,0.6584,35292.87,0.539,0.3807,0.1254,True,1,SYNTHETIC_SHOWCASE_ONLY
9004357,1997-10-29,gig_worker,149391.15,36,41397.74,14552.3,43656.9,217,0.7242,0.8973,0,0.6141,0.0,0.1648,0.0,0.3366,0.8602,0.2448,True,0,SYNTHETIC_SHOWCASE_ONLY
9004358,1994-04-14,small_merchant,131826.82,12,66776.16,22502.27,67506.8,181,0.8933,0.894,2,0.411,98122.84,0.9333,79825.4,0.6585,0.8859,0.0788,True,0,SYNTHETIC_SHOWCASE_ONLY
9004359,1996-05-07,gig_worker,247470.24,6,55025.89,17965.19,53895.56,109,0.8895,0.5428,0,0.7969,0.0,0.1225,0.0,0.3264,0.9113,0.0494,True,1,SYNTHETIC_SHOWCASE_ONLY
9004360,1997-11-06,gig_worker,84802.26,18,26222.31,9310.48,27931.43,185,0.5657,0.9781,0,0.8863,0.0,0.4677,0.0,0.4102,0.8209,0.566,True,0,SYNTHETIC_SHOWCASE_ONLY
9004361,1993-01-14,gig_worker,104609.12,12,27342.37,9157.75,27473.26,24,0.7541,0.8476,0,0.5848,0.0,0.0188,0.0,0.3832,0.7505,0.2974,True,1,SYNTHETIC_SHOWCASE_ONLY
9004362,1996-12-03,first_time_borrower,65744.41,18,28635.0,10855.22,32565.65,15,0.8206,0.8907,0,0.6483,0.0,0.5074,0.0,0.1085,0.8125,0.2168,True,0,SYNTHETIC_SHOWCASE_ONLY
9004363,1995-06-27,gig_worker,70058.36,12,30047.04,10800.73,32402.18,57,0.6083,0.8818,0,0.8992,0.0,0.1881,0.0,0.2954,0.5367,0.374,True,0,SYNTHETIC_SHOWCASE_ONLY
9004364,1997-11-02,small_merchant,12220.89,12,18643.12,6810.58,20431.75,150,0.8045,0.7803,3,0.8427,50124.26,0.7993,25953.42,0.7643,0.5358,0.1884,True,1,SYNTHETIC_SHOWCASE_ONLY
9004365,1995-11-22,small_merchant,130222.3,9,43893.64,13017.93,39053.8,117,0.844,0.882,0,0.7764,82608.07,0.9232,9072.36,0.6143,0.6071,0.2028,True,0,SYNTHETIC_SHOWCASE_ONLY
9004366,1997-03-11,small_merchant,122053.67,12,30919.19,12781.25,38343.76,30,0.4696,0.9021,1,0.7782,61710.07,0.734,10112.05,0.6721,0.7831,0.5182,True,1,SYNTHETIC_SHOWCASE_ONLY
9004367,1993-10-31,small_merchant,133258.88,9,27403.58,8273.42,24820.27,72,0.5188,0.938,0,0.8905,113300.14,0.8175,32018.93,0.4649,0.8844,0.5775,True,1,SYNTHETIC_SHOWCASE_ONLY
9004368,1993-09-17,gig_worker,68844.38,12,15211.55,5431.52,16294.57,63,0.6869,0.9196,0,0.6014,0.0,0.425,0.0,0.4746,0.6321,0.241,True,0,SYNTHETIC_SHOWCASE_ONLY
9004369,1997-08-19,informal_worker,28352.42,12,28849.77,7860.43,23581.3,263,0.703,0.8544,0,0.8931,0.0,0.3951,0.0,0.0617,0.604,0.3223,True,0,SYNTHETIC_SHOWCASE_ONLY
9004370,1995-08-20,small_merchant,55457.09,24,11284.87,4244.99,12734.98,72,0.8219,0.8526,0,0.7018,25218.03,0.7659,11437.35,0.8901,0.5134,0.174,True,0,SYNTHETIC_SHOWCASE_ONLY
9004371,1995-10-17,informal_worker,26637.22,24,21179.06,6014.13,18042.38,75,0.9504,0.7548,0,0.8158,0.0,0.011,0.0,0.0933,0.4243,0.0,True,0,SYNTHETIC_SHOWCASE_ONLY
9004372,1993-11-07,small_merchant,16686.72,9,21368.49,4844.38,14533.14,214,0.7048,0.7658,1,0.6878,88069.01,0.9115,16882.91,0.6434,0.5663,0.2845,True,0,SYNTHETIC_SHOWCASE_ONLY
9004373,1994-02-19,small_merchant,125177.24,9,32135.53,11815.29,35445.87,92,0.7516,0.9846,0,0.7843,87185.79,0.8626,13183.43,0.8221,0.4994,0.2182,True,1,SYNTHETIC_SHOWCASE_ONLY
9004374,1997-02-03,small_merchant,300000.0,6,69029.4,28427.84,85283.52,96,0.5771,0.7828,0,0.8765,182415.54,0.4506,30371.83,0.4112,0.698,0.3901,True,1,SYNTHETIC_SHOWCASE_ONLY
9004375,1994-07-08,gig_worker,176083.94,12,36845.01,8191.37,24574.12,251,0.5145,0.8476,1,0.7687,0.0,0.2179,0.0,0.2701,0.6319,0.3193,True,1,SYNTHETIC_SHOWCASE_ONLY
9004376,1995-12-03,small_merchant,237368.7,18,56116.93,17089.21,51267.64,249,0.4146,0.8332,0,0.8122,208836.89,0.678,12367.32,0.141,0.5785,0.641,True,1,SYNTHETIC_SHOWCASE_ONLY
9004377,1994-08-01,gig_worker,57307.36,12,38164.52,14726.66,44179.97,159,0.5365,0.4971,1,0.8631,0.0,0.4913,0.0,0.1503,0.6493,0.4746,True,1,SYNTHETIC_SHOWCASE_ONLY
9004378,1994-04-27,small_merchant,61388.56,36,48049.43,15451.06,46353.17,232,0.6716,0.8242,0,0.7935,70754.54,0.2341,14857.61,0.7553,0.8301,0.3627,True,0,SYNTHETIC_SHOWCASE_ONLY
9004379,1993-10-31,informal_worker,58684.53,24,68280.6,19581.32,58743.96,148,0.5013,0.9531,0,0.9003,0.0,0.32,0.0,0.5226,0.889,0.4536,True,0,SYNTHETIC_SHOWCASE_ONLY
9004380,1997-08-25,gig_worker,62284.02,6,19705.99,8040.0,24120.01,168,0.6897,0.725,1,0.8808,0.0,0.2619,0.0,0.0906,0.6095,0.3249,True,1,SYNTHETIC_SHOWCASE_ONLY
9004381,1997-09-13,gig_worker,52401.14,9,19098.21,7407.9,22223.69,168,0.6077,0.8628,0,0.6671,0.0,0.2416,0.0,0.0547,0.7075,0.3356,True,0,SYNTHETIC_SHOWCASE_ONLY
9004382,1993-07-30,informal_worker,41719.95,6,38599.28,9429.47,28288.4,72,0.9145,0.9925,0,0.9356,0.0,0.1497,0.0,0.4507,0.678,0.015,True,0,SYNTHETIC_SHOWCASE_ONLY
9004383,1994-10-08,small_merchant,73936.04,9,27950.61,10945.98,32837.94,272,0.6634,0.8508,1,0.8687,35702.62,0.7637,38392.47,0.8489,0.9237,0.2075,True,0,SYNTHETIC_SHOWCASE_ONLY
9004384,1995-10-27,informal_worker,96366.4,18,31123.85,7659.85,22979.55,134,0.8348,0.7122,0,0.6956,0.0,0.0875,0.0,0.7347,0.3507,0.1359,True,0,SYNTHETIC_SHOWCASE_ONLY
9004385,1994-12-01,first_time_borrower,93956.61,6,24849.67,8728.23,26184.7,131,0.9356,0.9189,0,0.6467,0.0,0.3544,0.0,0.3122,0.6041,0.0,True,0,SYNTHETIC_SHOWCASE_ONLY
9004386,1996-08-09,first_time_borrower,50947.09,6,21031.06,5239.62,15718.85,276,0.3405,0.8251,0,0.875,0.0,0.1136,0.0,0.221,0.7911,0.6265,True,1,SYNTHETIC_SHOWCASE_ONLY
9004387,1994-04-21,small_merchant,121960.11,9,60957.17,17944.28,53832.85,55,0.9446,0.5712,1,0.9185,210025.18,0.8282,74865.72,0.6522,0.5268,0.0,True,0,SYNTHETIC_SHOWCASE_ONLY
9004388,1993-04-18,gig_worker,58281.37,18,16515.03,6277.31,18831.93,107,0.5691,0.8888,0,0.7501,0.0,0.1322,0.0,0.1673,0.9192,0.2732,True,0,SYNTHETIC_SHOWCASE_ONLY
9004389,1994-09-08,informal_worker,140547.05,6,38926.4,15540.36,46621.09,242,0.8118,0.5689,2,0.7724,0.0,0.2427,0.0,0.3799,0.6512,0.0786,True,1,SYNTHETIC_SHOWCASE_ONLY
9004390,1995-12-28,informal_worker,64456.19,36,36011.35,12636.75,37910.25,218,0.702,0.8593,0,0.5843,0.0,0.0947,0.0,0.2818,0.8488,0.3224,True,0,SYNTHETIC_SHOWCASE_ONLY
9004391,1993-11-26,informal_worker,9017.61,12,13121.84,4311.81,12935.43,224,0.9408,0.8314,1,0.8478,0.0,0.5055,0.0,0.2297,0.5709,0.0256,True,0,SYNTHETIC_SHOWCASE_ONLY
9004392,1997-01-29,small_merchant,89469.32,12,18791.98,4655.82,13967.45,161,0.8646,0.9753,0,0.9202,84055.67,0.9685,1169.08,0.7592,0.6387,0.1701,True,1,SYNTHETIC_SHOWCASE_ONLY
9004393,1993-01-23,gig_worker,79920.79,12,20371.01,5078.73,15236.2,74,0.8663,0.961,0,0.4882,0.0,0.2426,0.0,0.3607,0.4207,0.0799,True,0,SYNTHETIC_SHOWCASE_ONLY
9004394,1993-05-04,gig_worker,54517.66,18,36715.72,9152.03,27456.1,33,0.7787,0.8529,2,0.9181,0.0,0.2105,0.0,0.2584,0.5625,0.165,True,0,SYNTHETIC_SHOWCASE_ONLY
9004395,1995-07-19,gig_worker,72519.25,12,23477.15,8809.75,26429.24,211,0.8717,0.7785,1,0.9151,0.0,0.1172,0.0,0.4728,0.6495,0.1594,True,0,SYNTHETIC_SHOWCASE_ONLY
9004396,1995-07-25,gig_worker,86471.05,18,26872.98,6920.95,20762.84,258,0.7786,0.8498,1,0.5951,0.0,0.5824,0.0,0.2819,0.4693,0.2775,True,0,SYNTHETIC_SHOWCASE_ONLY
9004397,1994-06-23,first_time_borrower,16055.82,12,13908.97,5713.01,17139.02,263,0.885,0.7219,0,0.9134,0.0,0.3531,0.0,0.2393,0.7378,0.1573,True,0,SYNTHETIC_SHOWCASE_ONLY
9004398,1994-04-18,gig_worker,123416.92,12,85510.75,15963.26,47889.78,127,0.6226,0.8698,0,0.726,0.0,0.2566,0.0,0.2833,0.7448,0.4143,True,0,SYNTHETIC_SHOWCASE_ONLY
9004399,1993-05-08,informal_worker,139347.85,6,28973.41,9759.08,29277.25,270,0.5937,0.687,3,0.9504,0.0,0.6708,0.0,0.4508,0.5685,0.3839,True,1,SYNTHETIC_SHOWCASE_ONLY
9004400,1996-04-25,first_time_borrower,100872.19,18,35577.91,7087.29,21261.86,195,0.4519,0.9005,0,0.8628,0.0,0.0757,0.0,0.4006,0.6165,0.616,True,1,SYNTHETIC_SHOWCASE_ONLY
9004401,1994-11-24,small_merchant,31155.01,18,21600.24,4522.06,13566.17,220,0.6213,0.8847,1,0.5425,50521.18,0.7973,25241.78,0.7562,0.4479,0.3619,True,0,SYNTHETIC_SHOWCASE_ONLY
9004402,1993-08-05,small_merchant,84116.53,18,20469.65,7294.14,21882.42,250,0.8964,0.9555,0,0.7967,36729.47,0.7826,3867.74,0.9053,0.7689,0.0487,True,0,SYNTHETIC_SHOWCASE_ONLY
9004403,1995-01-01,informal_worker,187272.97,36,70125.97,24412.96,73238.88,63,0.587,0.5376,1,0.8418,0.0,0.1786,0.0,0.3696,0.8354,0.3942,True,1,SYNTHETIC_SHOWCASE_ONLY
9004404,1997-09-08,small_merchant,38038.58,12,11158.24,4557.47,13672.4,63,0.5371,0.6471,1,0.9253,27319.33,0.6916,12440.74,0.4583,0.8414,0.3967,True,1,SYNTHETIC_SHOWCASE_ONLY
9004405,1994-04-23,small_merchant,61101.61,24,32007.02,5871.92,17615.77,135,0.5705,0.692,3,0.9151,80888.96,0.7071,21650.22,0.3691,0.5029,0.4443,True,1,SYNTHETIC_SHOWCASE_ONLY
9004406,1997-06-22,informal_worker,13380.11,12,15653.31,3010.37,9031.11,194,0.7454,0.6592,2,0.7786,0.0,0.1982,0.0,0.4876,0.5122,0.4023,True,1,SYNTHETIC_SHOWCASE_ONLY
9004407,1994-04-18,informal_worker,30562.87,12,23053.19,9264.82,27794.47,223,0.9877,0.8741,0,0.9388,0.0,0.3012,0.0,0.1829,0.4923,0.0023,True,0,SYNTHETIC_SHOWCASE_ONLY
9004408,1993-12-06,informal_worker,100619.24,18,20612.94,5463.27,16389.82,87,0.8447,0.8205,2,0.7706,0.0,0.3416,0.0,0.5666,0.6083,0.1145,True,1,SYNTHETIC_SHOWCASE_ONLY
9004409,1994-04-21,first_time_borrower,58325.53,12,17442.94,4832.96,14498.89,124,0.5683,0.9459,0,0.7388,0.0,0.1125,0.0,0.3213,0.6601,0.5028,True,1,SYNTHETIC_SHOWCASE_ONLY
9004410,1994-08-14,small_merchant,121234.7,12,28480.41,8770.8,26312.41,157,0.5918,0.9599,0,0.6785,90657.6,0.764,34911.54,0.5424,0.4639,0.3767,True,0,SYNTHETIC_SHOWCASE_ONLY
9004411,1993-08-09,informal_worker,5670.38,18,8162.5,2111.15,6333.45,160,0.9365,0.842,0,0.4256,0.0,0.3978,0.0,0.3013,0.7475,0.0,True,0,SYNTHETIC_SHOWCASE_ONLY
9004412,1995-12-10,informal_worker,95491.86,6,24065.28,5353.49,16060.46,123,0.7573,0.7612,0,0.5289,0.0,0.1205,0.0,0.2825,0.8397,0.2944,True,1,SYNTHETIC_SHOWCASE_ONLY
9004413,1994-09-01,informal_worker,73299.51,12,26812.42,8478.65,25435.95,241,0.7525,0.6573,1,0.946,0.0,0.1845,0.0,0.3176,0.7634,0.2858,True,1,SYNTHETIC_SHOWCASE_ONLY
9004414,1996-08-04,informal_worker,51434.03,24,14581.47,5508.89,16526.68,234,0.7929,0.9232,0,0.7925,0.0,0.2793,0.0,0.3391,0.8454,0.1976,True,0,SYNTHETIC_SHOWCASE_ONLY
9004415,1995-06-16,informal_worker,125975.16,12,57890.28,13381.65,40144.94,228,0.8028,0.8663,1,0.6696,0.0,0.0739,0.0,0.0406,0.5146,0.1816,True,0,SYNTHETIC_SHOWCASE_ONLY
9004416,1995-03-20,first_time_borrower,70132.34,6,21049.24,5127.25,15381.76,183,0.989,0.9406,0,0.8453,0.0,0.2202,0.0,0.2119,0.8641,0.0,True,1,SYNTHETIC_SHOWCASE_ONLY
9004417,1995-05-11,small_merchant,18905.62,6,24983.41,7400.99,22202.98,47,0.4776,0.8678,1,0.5802,53100.97,0.7924,10183.2,0.8313,0.6797,0.5309,True,1,SYNTHETIC_SHOWCASE_ONLY
9004418,1993-10-13,informal_worker,16869.94,36,21071.88,4410.5,13231.5,26,0.5571,0.8604,0,0.557,0.0,0.285,0.0,0.3762,0.5893,0.3961,True,0,SYNTHETIC_SHOWCASE_ONLY
9004419,1996-07-25,gig_worker,110792.88,36,26924.93,5905.95,17717.86,113,0.7142,0.8213,0,0.7892,0.0,0.4717,0.0,0.3792,0.9224,0.3381,True,0,SYNTHETIC_SHOWCASE_ONLY
9004420,1993-07-10,informal_worker,60209.35,18,52463.29,10537.66,31612.99,191,0.6474,0.8512,0,0.8052,0.0,0.1495,0.0,0.4443,0.5775,0.3992,True,0,SYNTHETIC_SHOWCASE_ONLY
9004421,1996-08-10,informal_worker,60706.52,12,91766.94,34264.37,102793.1,95,0.812,0.8399,0,0.7879,0.0,0.132,0.0,0.3053,0.5213,0.1474,True,0,SYNTHETIC_SHOWCASE_ONLY
9004422,1997-12-31,informal_worker,184819.88,12,40049.31,10897.41,32692.22,121,0.6554,0.7659,5,0.6409,0.0,0.3389,0.0,0.0991,0.7424,0.3705,True,1,SYNTHETIC_SHOWCASE_ONLY
9004423,1996-10-27,small_merchant,83469.61,12,47202.25,15847.31,47541.92,140,0.9088,0.8876,0,0.879,189056.19,0.5304,37118.72,0.3893,0.6258,0.0688,True,0,SYNTHETIC_SHOWCASE_ONLY
9004424,1995-04-12,small_merchant,201834.23,24,63821.47,15128.22,45384.67,22,0.8039,0.8518,2,0.9286,89799.44,0.7843,56770.77,0.5895,0.5997,0.0829,True,0,SYNTHETIC_SHOWCASE_ONLY
9004425,1994-07-29,small_merchant,135400.51,18,31552.81,6851.81,20555.44,212,0.715,0.8939,1,0.6358,78692.52,0.9707,22979.57,0.5181,0.7616,0.3585,True,1,SYNTHETIC_SHOWCASE_ONLY
9004426,1997-05-13,gig_worker,230966.61,24,59496.94,17208.16,51624.49,140,0.8565,0.9213,0,0.7493,0.0,0.1951,0.0,0.3931,0.7181,0.1106,True,0,SYNTHETIC_SHOWCASE_ONLY
9004427,1994-04-15,gig_worker,32978.17,12,40958.41,7643.72,22931.15,160,0.9411,0.811,0,0.8839,0.0,0.3949,0.0,0.3548,0.2983,0.0,True,0,SYNTHETIC_SHOWCASE_ONLY
9004428,1995-05-31,first_time_borrower,92056.37,24,30003.63,9550.89,28652.66,238,0.4929,0.8399,1,0.9234,0.0,0.0862,0.0,0.0558,0.8035,0.3889,True,0,SYNTHETIC_SHOWCASE_ONLY
9004429,1996-11-08,small_merchant,98849.94,12,33127.65,7061.91,21185.72,152,0.755,0.8083,0,0.7852,117902.91,0.9102,9818.94,0.8417,0.6698,0.3064,True,1,SYNTHETIC_SHOWCASE_ONLY
9004430,1997-08-12,first_time_borrower,25000.48,12,11680.54,4138.48,12415.43,123,0.8607,0.941,0,0.7081,0.0,0.2692,0.0,0.1763,0.715,0.1553,True,0,SYNTHETIC_SHOWCASE_ONLY
9004431,1997-08-09,gig_worker,126142.22,18,32214.66,11672.69,35018.08,145,0.5883,0.786,0,0.8612,0.0,0.4565,0.0,0.2282,0.7292,0.3092,True,1,SYNTHETIC_SHOWCASE_ONLY
9004432,1993-06-10,informal_worker,64615.61,18,13345.85,3776.23,11328.69,67,0.9145,0.8295,0,0.8165,0.0,0.5516,0.0,0.0808,0.4765,0.0206,True,0,SYNTHETIC_SHOWCASE_ONLY
9004433,1997-06-29,small_merchant,16011.61,24,12833.71,5214.53,15643.59,204,0.4803,0.8605,0,0.7185,41958.42,0.7545,16992.8,0.807,0.9103,0.4625,True,0,SYNTHETIC_SHOWCASE_ONLY
9004434,1993-07-28,informal_worker,38056.78,12,30716.08,12229.36,36688.08,214,0.9718,0.901,1,0.9528,0.0,0.4951,0.0,0.7364,0.4543,0.0,True,0,SYNTHETIC_SHOWCASE_ONLY
9004435,1995-12-04,informal_worker,62868.95,36,16402.71,4753.9,14261.7,121,0.8126,0.8728,1,0.8536,0.0,0.3007,0.0,0.5048,0.7081,0.2445,True,0,SYNTHETIC_SHOWCASE_ONLY
9004436,1997-08-25,informal_worker,72536.0,12,27904.55,9293.26,27879.79,73,0.8575,0.8149,1,0.851,0.0,0.0767,0.0,0.1186,0.8149,0.1484,True,0,SYNTHETIC_SHOWCASE_ONLY
9004437,1996-04-10,first_time_borrower,122656.43,12,29923.77,11991.09,35973.27,216,0.8716,0.5526,0,0.9107,0.0,0.0994,0.0,0.5002,0.6366,0.1128,True,1,SYNTHETIC_SHOWCASE_ONLY
9004438,1997-09-27,small_merchant,37319.9,12,30571.5,12372.89,37118.67,154,0.4998,0.938,1,0.7246,108343.65,0.9435,37866.84,0.6898,0.7242,0.4704,True,1,SYNTHETIC_SHOWCASE_ONLY
9004439,1994-09-21,gig_worker,14066.77,6,18141.94,4811.05,14433.14,96,0.9311,0.9448,1,0.6681,0.0,0.0761,0.0,0.1519,0.7385,0.0259,True,0,SYNTHETIC_SHOWCASE_ONLY
9004440,1994-07-29,gig_worker,158223.98,24,43102.11,12644.95,37934.85,168,0.8306,0.3762,1,0.7469,0.0,0.4108,0.0,0.3929,0.5926,0.1176,True,1,SYNTHETIC_SHOWCASE_ONLY
9004441,1994-08-19,informal_worker,133505.73,6,26826.0,8847.06,26541.17,103,0.4623,0.9478,0,0.626,0.0,0.2373,0.0,0.4869,0.7668,0.6057,True,1,SYNTHETIC_SHOWCASE_ONLY
9004442,1994-10-11,small_merchant,35194.44,12,34602.32,11783.05,35349.16,257,0.731,0.748,0,0.6531,74250.66,0.9102,37352.65,0.7948,0.7681,0.2962,True,0,SYNTHETIC_SHOWCASE_ONLY
9004443,1996-05-31,small_merchant,69423.08,12,15766.91,5279.29,15837.86,95,0.8229,0.7448,2,0.7168,43128.66,0.9527,17101.07,0.2219,0.8716,0.127,True,1,SYNTHETIC_SHOWCASE_ONLY
9004444,1995-04-07,informal_worker,58995.42,24,25702.99,6582.76,19748.27,130,0.7483,0.8067,0,0.4942,0.0,0.0709,0.0,0.0773,0.8065,0.2716,True,0,SYNTHETIC_SHOWCASE_ONLY
9004445,1996-09-08,small_merchant,31950.69,36,47413.45,14246.05,42738.15,154,0.7676,0.7422,0,0.7636,180157.97,0.753,54632.96,0.5802,0.492,0.1191,True,0,SYNTHETIC_SHOWCASE_ONLY
9004446,1995-01-30,informal_worker,126866.46,24,44606.95,9908.55,29725.64,133,0.7613,0.9074,0,0.8343,0.0,0.1763,0.0,0.0539,0.7866,0.2008,True,0,SYNTHETIC_SHOWCASE_ONLY
9004447,1994-07-16,informal_worker,34888.48,12,19096.48,5319.1,15957.29,249,0.6177,0.8241,2,0.9491,0.0,0.3064,0.0,0.2883,0.3983,0.3738,True,1,SYNTHETIC_SHOWCASE_ONLY
9004448,1993-12-14,informal_worker,78675.4,12,21549.15,7990.95,23972.86,272,0.8777,0.3624,0,0.9412,0.0,0.3358,0.0,0.4067,0.5088,0.0,True,0,SYNTHETIC_SHOWCASE_ONLY
9004449,1995-10-04,informal_worker,32514.16,12,17420.28,6214.57,18643.71,24,0.8681,0.8139,2,0.6932,0.0,0.4207,0.0,0.3431,0.7482,0.1948,True,0,SYNTHETIC_SHOWCASE_ONLY
9004450,1997-06-29,first_time_borrower,55565.76,36,20432.49,8150.24,24450.71,218,0.47,0.7777,1,0.5606,0.0,0.5012,0.0,0.148,0.7994,0.4957,True,0,SYNTHETIC_SHOWCASE_ONLY
9004451,1997-04-18,informal_worker,21207.89,9,14305.61,2997.75,8993.26,191,0.7492,0.8853,0,0.5703,0.0,0.0935,0.0,0.2949,0.6675,0.3011,True,0,SYNTHETIC_SHOWCASE_ONLY
9004452,1994-04-08,first_time_borrower,111196.99,36,26203.16,7634.66,22903.98,141,0.4891,0.6329,4,0.5843,0.0,0.2318,0.0,0.2777,0.7512,0.4149,True,1,SYNTHETIC_SHOWCASE_ONLY
9004453,1995-05-23,gig_worker,177270.43,24,37943.98,12038.94,36116.82,243,0.8308,0.9755,0,0.8429,0.0,0.2472,0.0,0.2124,0.9053,0.2161,True,0,SYNTHETIC_SHOWCASE_ONLY
9004454,1996-07-11,informal_worker,45615.19,24,19209.0,6607.68,19823.03,142,0.7689,0.65,2,0.7509,0.0,0.0929,0.0,0.3868,0.7649,0.1808,True,1,SYNTHETIC_SHOWCASE_ONLY
9004455,1996-01-24,informal_worker,69033.44,24,26808.35,9855.0,29565.01,39,0.5379,0.8708,1,0.8385,0.0,0.1167,0.0,0.1291,0.5764,0.5356,True,0,SYNTHETIC_SHOWCASE_ONLY
9004456,1993-05-03,small_merchant,124020.58,12,25187.94,7099.7,21299.11,180,0.3779,0.8953,0,0.5865,82271.25,0.5276,5426.25,0.7248,0.7571,0.711,True,1,SYNTHETIC_SHOWCASE_ONLY
9004457,1995-12-16,gig_worker,56931.79,12,46463.24,18141.82,54425.47,118,0.701,0.8988,1,0.7821,0.0,0.4393,0.0,0.3147,0.5241,0.269,True,0,SYNTHETIC_SHOWCASE_ONLY
9004458,1993-03-12,small_merchant,86804.35,12,20876.84,6100.63,18301.89,59,0.7031,0.8934,0,0.8938,35420.72,0.9483,7334.5,0.5088,0.6287,0.3487,True,0,SYNTHETIC_SHOWCASE_ONLY
9004459,1993-08-01,small_merchant,65773.7,12,21244.56,8606.39,25819.18,233,0.7255,0.7532,1,0.819,59986.95,0.6464,4765.99,0.7481,0.8243,0.1832,True,1,SYNTHETIC_SHOWCASE_ONLY
9004460,1996-04-08,first_time_borrower,83485.46,24,18655.0,4865.52,14596.56,148,0.6571,0.6559,0,0.8718,0.0,0.3408,0.0,0.1095,0.4642,0.3864,True,0,SYNTHETIC_SHOWCASE_ONLY
9004461,1993-07-07,small_merchant,30600.66,12,16219.27,6173.77,18521.32,188,0.7167,0.6209,1,0.7133,24070.46,0.7454,8239.2,0.4477,0.5516,0.2495,True,1,SYNTHETIC_SHOWCASE_ONLY
9004462,1994-09-12,gig_worker,68696.27,24,36097.13,8066.16,24198.47,186,0.7112,0.8691,1,0.9596,0.0,0.339,0.0,0.1161,0.7853,0.2599,True,0,SYNTHETIC_SHOWCASE_ONLY
9004463,1995-12-11,small_merchant,53365.41,24,26241.74,8653.26,25959.78,265,0.4831,0.6876,4,0.6902,37030.61,0.9009,26830.56,0.8394,0.4617,0.5418,True,1,SYNTHETIC_SHOWCASE_ONLY
9004464,1996-04-11,small_merchant,19351.42,9,28746.42,7239.5,21718.49,46,0.9089,0.5592,1,0.426,62680.71,0.7511,7485.56,0.961,0.5804,0.0316,True,1,SYNTHETIC_SHOWCASE_ONLY
9004465,1995-03-25,gig_worker,69568.0,12,51626.35,21444.1,64332.29,103,0.8851,0.7792,1,0.8248,0.0,0.1575,0.0,0.1291,0.8477,0.0947,True,0,SYNTHETIC_SHOWCASE_ONLY
9004466,1993-06-21,small_merchant,264083.68,12,53069.55,21728.69,65186.06,76,0.6096,0.9012,0,0.332,179367.18,0.6377,19737.25,0.5526,0.7498,0.404,True,1,SYNTHETIC_SHOWCASE_ONLY
9004467,1996-12-30,small_merchant,21540.08,9,12705.21,4023.61,12070.83,39,0.8538,0.9374,0,0.9521,51171.8,0.4877,1843.31,0.4312,0.6773,0.1202,True,0,SYNTHETIC_SHOWCASE_ONLY
9004468,1997-10-01,gig_worker,26276.33,24,38212.59,15485.25,46455.74,65,0.6439,0.8781,0,0.7169,0.0,0.7068,0.0,0.2691,0.8515,0.2426,True,0,SYNTHETIC_SHOWCASE_ONLY
9004469,1997-06-11,informal_worker,56963.54,24,31203.02,12862.9,38588.71,36,0.745,0.629,2,0.7645,0.0,0.1988,0.0,0.1194,0.819,0.2227,True,1,SYNTHETIC_SHOWCASE_ONLY
9004470,1996-09-28,small_merchant,53775.83,24,22435.42,8503.96,25511.88,116,0.6444,0.8829,3,0.713,70566.57,0.8685,23820.6,0.6819,0.4598,0.3335,True,0,SYNTHETIC_SHOWCASE_ONLY
9004471,1995-01-05,informal_worker,98644.3,12,32769.32,7037.88,21113.65,241,0.6332,0.9583,0,0.6948,0.0,0.0371,0.0,0.0917,0.5275,0.4653,True,0,SYNTHETIC_SHOWCASE_ONLY
9004472,1997-05-20,small_merchant,11023.8,24,12225.7,3840.59,11521.78,170,0.6411,0.4511,1,0.5328,18713.07,0.773,7153.27,0.4178,0.7334,0.3949,True,1,SYNTHETIC_SHOWCASE_ONLY
9004473,1995-06-11,gig_worker,230408.05,18,56501.82,13057.89,39173.68,27,0.956,0.8795,1,0.6938,0.0,0.2537,0.0,0.362,0.2759,0.1099,True,0,SYNTHETIC_SHOWCASE_ONLY
9004474,1993-09-07,first_time_borrower,151729.75,36,35851.22,14121.17,42363.52,225,0.338,0.9485,2,0.7087,0.0,0.4024,0.0,0.0982,0.9569,0.5622,True,1,SYNTHETIC_SHOWCASE_ONLY
9004475,1997-04-03,small_merchant,28426.78,24,18484.08,5852.77,17558.32,39,0.8245,0.8115,0,0.5033,56994.09,0.9385,823.54,0.9131,0.8156,0.1,True,0,SYNTHETIC_SHOWCASE_ONLY
9004476,1994-08-08,gig_worker,86953.2,24,21140.86,7335.39,22006.18,248,0.7972,0.9472,1,0.2763,0.0,0.458,0.0,0.2201,0.7151,0.1646,True,0,SYNTHETIC_SHOWCASE_ONLY
9004477,1997-09-11,first_time_borrower,27078.03,9,12362.83,3050.32,9150.96,237,0.9769,0.6764,6,0.908,0.0,0.0984,0.0,0.1014,0.3621,0.0,True,1,SYNTHETIC_SHOWCASE_ONLY
9004478,1994-11-04,gig_worker,59284.69,24,24082.97,8930.85,26792.54,74,0.8136,0.9369,2,0.8717,0.0,0.1252,0.0,0.3076,0.7867,0.1622,True,0,SYNTHETIC_SHOWCASE_ONLY
9004479,1997-05-07,informal_worker,104828.42,12,22208.9,6435.58,19306.73,208,0.4744,0.7913,0,0.3362,0.0,0.483,0.0,0.2839,0.6581,0.5431,True,1,SYNTHETIC_SHOWCASE_ONLY
9004480,1995-09-08,informal_worker,67062.96,12,14822.58,3729.43,11188.29,69,0.8686,0.9664,0,0.8195,0.0,0.346,0.0,0.1848,0.5838,0.2351,True,0,SYNTHETIC_SHOWCASE_ONLY
9004481,1995-05-04,first_time_borrower,91484.38,12,40650.92,8325.4,24976.21,219,0.3904,0.8357,0,0.9019,0.0,0.5985,0.0,0.1285,0.4858,0.5671,True,0,SYNTHETIC_SHOWCASE_ONLY
9004482,1994-06-27,first_time_borrower,141999.85,12,51679.81,17920.3,53760.9,143,0.9802,0.832,0,0.9006,0.0,0.4544,0.0,0.0896,0.7987,0.0078,True,0,SYNTHETIC_SHOWCASE_ONLY
9004483,1997-03-06,gig_worker,51419.98,9,27634.68,10500.99,31502.98,162,0.4958,0.8142,1,0.973,0.0,0.1661,0.0,0.0453,0.5409,0.5661,True,1,SYNTHETIC_SHOWCASE_ONLY
9004484,1993-04-21,informal_worker,69343.87,12,24179.23,5301.27,15903.82,205,0.7898,0.7408,0,0.4609,0.0,0.1663,0.0,0.683,0.7067,0.2251,True,1,SYNTHETIC_SHOWCASE_ONLY
9004485,1995-05-07,small_merchant,124218.31,24,34501.3,8937.91,26813.72,237,0.8652,0.7355,1,0.6094,63430.21,0.8743,36618.74,0.7393,0.4395,0.0868,True,0,SYNTHETIC_SHOWCASE_ONLY
9004486,1994-11-05,informal_worker,27951.92,18,27737.29,6437.94,19313.83,242,0.9241,0.9419,1,0.7886,0.0,0.2108,0.0,0.1178,0.7309,0.0101,True,0,SYNTHETIC_SHOWCASE_ONLY
9004487,1995-09-20,informal_worker,77404.51,36,16655.8,5998.98,17996.94,226,0.5974,0.6473,6,0.5939,0.0,0.2715,0.0,0.1079,0.9101,0.3843,True,1,SYNTHETIC_SHOWCASE_ONLY
9004488,1994-04-10,gig_worker,77026.36,24,20469.15,8247.63,24742.88,47,0.7215,0.9117,2,0.4129,0.0,0.125,0.0,0.5019,0.4119,0.3572,True,0,SYNTHETIC_SHOWCASE_ONLY
9004489,1996-04-28,gig_worker,24910.81,12,24286.37,5221.55,15664.65,155,0.4248,0.8867,0,0.6505,0.0,0.2429,0.0,0.2494,0.7864,0.6361,True,0,SYNTHETIC_SHOWCASE_ONLY
9004490,1994-12-06,gig_worker,139529.63,24,31542.44,9864.46,29593.39,51,0.9231,0.8694,0,0.7655,0.0,0.2384,0.0,0.2982,0.7226,0.0416,True,0,SYNTHETIC_SHOWCASE_ONLY
9004491,1993-12-10,gig_worker,108908.73,18,28125.77,7400.63,22201.9,78,0.684,0.9672,0,0.9167,0.0,0.2108,0.0,0.3313,0.5538,0.3054,True,0,SYNTHETIC_SHOWCASE_ONLY
9004492,1993-12-26,gig_worker,61261.14,12,30975.04,8972.39,26917.16,209,0.4277,0.8578,1,0.8491,0.0,0.1573,0.0,0.4236,0.5931,0.6272,True,1,SYNTHETIC_SHOWCASE_ONLY
9004493,1996-06-25,first_time_borrower,38979.36,36,13467.6,3185.24,9555.72,269,0.7269,0.8926,1,0.9831,0.0,0.1336,0.0,0.3937,0.7433,0.3608,True,0,SYNTHETIC_SHOWCASE_ONLY
9004494,1994-04-24,small_merchant,168949.81,36,38532.77,13774.37,41323.11,278,0.5089,0.7251,1,0.9082,104306.72,0.9059,21799.69,0.8323,0.3526,0.629,True,1,SYNTHETIC_SHOWCASE_ONLY
9004495,1994-07-16,informal_worker,136296.37,9,28045.95,7718.48,23155.45,178,0.7622,0.7312,0,0.7852,0.0,0.3785,0.0,0.2836,0.7934,0.2785,True,1,SYNTHETIC_SHOWCASE_ONLY
9004496,1996-02-19,first_time_borrower,175124.55,24,95345.28,26422.18,79266.54,140,0.7485,0.6472,0,0.6607,0.0,0.1319,0.0,0.0436,0.4732,0.1898,True,0,SYNTHETIC_SHOWCASE_ONLY
9004497,1994-08-26,informal_worker,80488.81,6,23246.16,4969.54,14908.61,37,0.91,0.6728,2,0.9195,0.0,0.0984,0.0,0.2796,0.2654,0.0584,True,1,SYNTHETIC_SHOWCASE_ONLY
9004498,1994-12-10,small_merchant,143405.16,36,32702.93,9381.53,28144.59,201,0.9372,0.9913,0,0.7872,59490.33,0.8893,29427.93,0.6343,0.5903,0.1129,True,0,SYNTHETIC_SHOWCASE_ONLY
9004499,1994-03-23,first_time_borrower,300000.0,18,108878.19,42263.97,126791.9,228,0.6805,0.8761,0,0.4809,0.0,0.2786,0.0,0.0455,0.7665,0.4047,True,0,SYNTHETIC_SHOWCASE_ONLY
9004500,1994-09-23,informal_worker,28003.6,9,30733.97,9742.06,29226.17,114,0.6767,0.654,0,0.84,0.0,0.5022,0.0,0.1103,0.7528,0.157,True,0,SYNTHETIC_SHOWCASE_ONLY
9004501,1996-06-19,informal_worker,76327.77,24,27105.64,9193.76,27581.28,118,0.7162,0.9258,1,0.9401,0.0,0.5658,0.0,0.1129,0.8994,0.2849,True,0,SYNTHETIC_SHOWCASE_ONLY
9004502,1995-09-02,first_time_borrower,77483.58,18,17435.04,7258.71,21776.13,26,0.7085,0.88,0,0.5324,0.0,0.4008,0.0,0.4162,0.4953,0.343,True,0,SYNTHETIC_SHOWCASE_ONLY
9004503,1997-12-27,informal_worker,35796.22,6,58309.93,21130.98,63392.93,206,0.7665,0.8438,0,0.7921,0.0,0.6307,0.0,0.3234,0.7828,0.2241,True,0,SYNTHETIC_SHOWCASE_ONLY
9004504,1996-11-10,small_merchant,40512.69,24,16052.04,5923.53,17770.6,184,0.7163,0.8296,0,0.7049,45405.08,0.7381,650.35,0.723,0.2474,0.3738,True,1,SYNTHETIC_SHOWCASE_ONLY
9004505,1993-01-31,first_time_borrower,108973.4,24,34371.32,7615.63,22846.9,56,0.5532,0.7947,1,0.3783,0.0,0.2789,0.0,0.3284,0.7472,0.3642,True,1,SYNTHETIC_SHOWCASE_ONLY
9004506,1994-11-23,small_merchant,65059.48,18,22306.94,8030.86,24092.59,223,0.6918,0.666,2,0.866,74396.0,0.8711,32008.44,0.6595,0.9621,0.2084,True,0,SYNTHETIC_SHOWCASE_ONLY
9004507,1994-06-14,informal_worker,97775.34,24,25567.53,5452.91,16358.74,228,0.8996,0.6527,0,0.493,0.0,0.4337,0.0,0.3292,0.7727,0.2079,True,0,SYNTHETIC_SHOWCASE_ONLY
9004508,1995-12-09,gig_worker,12556.87,6,14135.89,4207.97,12623.91,151,0.5995,0.8674,0,0.7908,0.0,0.3459,0.0,0.3048,0.3384,0.4779,True,0,SYNTHETIC_SHOWCASE_ONLY
9004509,1994-05-01,gig_worker,216385.56,12,53351.69,11526.59,34579.77,190,0.9019,0.8468,0,0.5969,0.0,0.6699,0.0,0.1481,0.4018,0.1179,True,0,SYNTHETIC_SHOWCASE_ONLY
9004510,1997-10-31,small_merchant,45234.32,18,24504.62,9195.79,27587.36,123,0.281,0.9139,0,0.8806,52472.24,0.9281,26850.95,0.7501,0.6721,0.6684,True,0,SYNTHETIC_SHOWCASE_ONLY
9004511,1994-07-01,gig_worker,66046.67,12,15626.4,6356.63,19069.9,237,0.6529,0.9342,0,0.6856,0.0,0.3283,0.0,0.4072,0.5154,0.2731,True,1,SYNTHETIC_SHOWCASE_ONLY
9004512,1995-08-12,first_time_borrower,124941.61,12,51085.26,12580.5,37741.51,97,0.5359,0.9391,0,0.6584,0.0,0.1768,0.0,0.11,0.5658,0.4752,True,0,SYNTHETIC_SHOWCASE_ONLY
9004513,1993-08-13,gig_worker,17340.23,36,21981.89,7965.43,23896.28,101,0.2183,0.9501,0,0.7998,0.0,0.0315,0.0,0.1259,0.8118,0.8592,True,1,SYNTHETIC_SHOWCASE_ONLY
9004514,1997-07-20,informal_worker,159171.75,24,32878.4,7157.28,21471.83,251,0.8333,0.9603,0,0.5169,0.0,0.3917,0.0,0.3901,0.7959,0.1655,True,0,SYNTHETIC_SHOWCASE_ONLY
9004515,1997-07-24,gig_worker,169177.11,18,41933.47,13266.66,39799.97,43,0.778,0.5885,3,0.8637,0.0,0.5874,0.0,0.2559,0.478,0.2608,True,1,SYNTHETIC_SHOWCASE_ONLY
9004516,1996-12-20,first_time_borrower,74891.94,18,35154.09,10475.03,31425.1,233,0.9143,0.726,2,0.656,0.0,0.2148,0.0,0.1656,0.6433,0.0746,True,0,SYNTHETIC_SHOWCASE_ONLY
9004517,1994-10-05,small_merchant,17443.8,24,9755.39,2241.17,6723.51,192,0.7017,0.805,0,0.9709,36158.62,0.8486,8852.53,0.7243,0.8116,0.2288,True,0,SYNTHETIC_SHOWCASE_ONLY
9004518,1993-04-18,gig_worker,124767.01,24,39094.26,12794.24,38382.71,236,0.8639,0.941,1,0.5363,0.0,0.1851,0.0,0.3705,0.5395,0.0306,True,0,SYNTHETIC_SHOWCASE_ONLY
9004519,1996-07-22,gig_worker,131907.92,9,26679.88,7768.48,23305.43,77,0.8533,0.7417,0,0.7049,0.0,0.1341,0.0,0.4006,0.5881,0.2077,True,0,SYNTHETIC_SHOWCASE_ONLY
9004520,1995-02-23,small_merchant,44871.54,12,23909.38,7157.13,21471.38,169,0.5463,0.6454,2,0.5102,33719.94,0.7712,16233.01,0.4893,0.8922,0.495,True,1,SYNTHETIC_SHOWCASE_ONLY
9004521,1997-12-14,first_time_borrower,126810.82,12,26571.75,8068.74,24206.21,272,0.8813,0.7957,0,0.4646,0.0,0.118,0.0,0.3535,0.7677,0.1385,True,1,SYNTHETIC_SHOWCASE_ONLY
9004522,1996-06-29,first_time_borrower,26550.1,9,12927.91,3389.01,10167.04,106,0.913,0.677,2,0.9659,0.0,0.4368,0.0,0.2586,0.6568,0.129,True,0,SYNTHETIC_SHOWCASE_ONLY
9004523,1995-09-11,small_merchant,113550.41,12,30705.65,9537.55,28612.64,75,0.416,0.9291,0,0.4361,37717.04,0.8897,11110.44,0.534,0.8329,0.4422,True,0,SYNTHETIC_SHOWCASE_ONLY
9004524,1997-12-07,small_merchant,33158.87,18,14545.72,2762.26,8286.78,243,0.3294,0.8001,0,0.8043,48915.91,0.9336,19029.16,0.4461,0.3358,0.5956,True,1,SYNTHETIC_SHOWCASE_ONLY
9004525,1997-01-01,gig_worker,23781.15,24,24410.21,7087.27,21261.8,227,0.6291,0.8178,0,0.3717,0.0,0.4781,0.0,0.2022,0.6276,0.3968,True,0,SYNTHETIC_SHOWCASE_ONLY
9004526,1995-04-17,small_merchant,142431.01,36,30180.97,12401.34,37204.03,28,0.9347,0.9479,0,0.8483,46286.24,0.6656,15486.76,0.5563,0.7687,0.1963,True,0,SYNTHETIC_SHOWCASE_ONLY
9004527,1993-02-04,informal_worker,61951.12,12,46887.09,14761.69,44285.08,268,0.8839,0.6182,3,0.7649,0.0,0.1442,0.0,0.0426,0.7517,0.1046,True,1,SYNTHETIC_SHOWCASE_ONLY
9004528,1993-06-19,gig_worker,89867.13,12,18892.98,7589.69,22769.08,49,0.7051,0.8125,0,0.5233,0.0,0.173,0.0,0.1324,0.788,0.2546,True,1,SYNTHETIC_SHOWCASE_ONLY
9004529,1995-03-22,informal_worker,59268.66,9,56202.79,12539.45,37618.34,129,0.6215,0.8461,2,0.6947,0.0,0.2557,0.0,0.245,0.7607,0.334,True,0,SYNTHETIC_SHOWCASE_ONLY
9004530,1995-10-24,first_time_borrower,78276.82,12,44110.33,12671.86,38015.58,81,0.7807,0.8022,0,0.5546,0.0,0.6854,0.0,0.3734,0.5552,0.1944,True,1,SYNTHETIC_SHOWCASE_ONLY
9004531,1993-02-25,gig_worker,105995.72,9,22784.67,4363.92,13091.77,17,0.9005,0.9427,0,0.5947,0.0,0.2479,0.0,0.1769,0.7659,0.168,True,1,SYNTHETIC_SHOWCASE_ONLY
9004532,1993-08-20,gig_worker,57516.74,36,16444.73,4405.93,13217.79,217,0.8991,0.6228,3,0.678,0.0,0.6097,0.0,0.5723,0.7148,0.1492,True,1,SYNTHETIC_SHOWCASE_ONLY
9004533,1996-07-10,gig_worker,20074.5,9,14001.62,5351.4,16054.19,130,0.8441,0.8758,1,0.5928,0.0,0.1218,0.0,0.028,0.9229,0.0838,True,0,SYNTHETIC_SHOWCASE_ONLY
9004534,1996-10-04,gig_worker,102250.34,24,31901.29,9451.02,28353.05,211,0.435,0.8979,0,0.8853,0.0,0.3297,0.0,0.5116,0.6415,0.6046,True,0,SYNTHETIC_SHOWCASE_ONLY
9004535,1993-02-24,gig_worker,27392.94,12,19654.54,6559.61,19678.82,202,0.7007,0.9289,0,0.797,0.0,0.402,0.0,0.3164,0.6234,0.3267,True,0,SYNTHETIC_SHOWCASE_ONLY
9004536,1995-07-17,informal_worker,221461.34,18,49794.06,9240.17,27720.5,44,0.778,0.8487,0,0.8736,0.0,0.3734,0.0,0.2657,0.5486,0.3491,True,0,SYNTHETIC_SHOWCASE_ONLY
9004537,1993-05-28,gig_worker,16554.57,24,20207.08,6405.45,19216.34,187,0.6791,0.7151,0,0.8892,0.0,0.312,0.0,0.425,0.5761,0.3034,True,0,SYNTHETIC_SHOWCASE_ONLY
9004538,1996-08-13,informal_worker,53262.56,36,18172.01,7060.55,21181.66,113,0.8548,0.762,1,0.3644,0.0,0.4545,0.0,0.278,0.6437,0.1754,True,0,SYNTHETIC_SHOWCASE_ONLY
9004539,1997-03-04,first_time_borrower,27541.52,12,31322.77,7927.4,23782.21,12,0.8086,0.9322,0,0.9844,0.0,0.5065,0.0,0.6105,0.7182,0.0888,True,0,SYNTHETIC_SHOWCASE_ONLY
9004540,1997-05-07,first_time_borrower,73688.44,36,20143.91,5676.15,17028.45,27,0.853,0.7544,2,0.7914,0.0,0.266,0.0,0.3409,0.4046,0.1993,True,1,SYNTHETIC_SHOWCASE_ONLY
9004541,1995-12-29,informal_worker,132633.43,12,28115.15,11435.09,34305.28,199,0.6543,0.935,0,0.7003,0.0,0.4198,0.0,0.2831,0.7645,0.3346,True,1,SYNTHETIC_SHOWCASE_ONLY
9004542,1996-02-23,gig_worker,191324.67,24,44946.79,15952.4,47857.2,33,0.7563,0.4814,1,0.7766,0.0,0.3941,0.0,0.2571,0.7642,0.2857,True,1,SYNTHETIC_SHOWCASE_ONLY
9004543,1997-08-19,gig_worker,66220.18,6,29620.73,8980.13,26940.39,63,0.7185,0.8026,2,0.9473,0.0,0.1705,0.0,0.0202,0.4831,0.3048,True,1,SYNTHETIC_SHOWCASE_ONLY
9004544,1996-01-24,gig_worker,48735.85,18,29673.89,8589.61,25768.83,13,0.797,0.7969,1,0.6966,0.0,0.7472,0.0,0.4668,0.6441,0.2651,True,0,SYNTHETIC_SHOWCASE_ONLY
9004545,1995-03-26,first_time_borrower,34992.05,24,30897.49,9415.27,28245.82,131,0.4997,0.7934,4,0.7591,0.0,0.1574,0.0,0.1153,0.7425,0.5158,True,1,SYNTHETIC_SHOWCASE_ONLY
9004546,1996-10-09,first_time_borrower,55205.34,24,12422.6,3557.37,10672.1,105,0.4622,0.7757,1,0.8748,0.0,0.4878,0.0,0.0869,0.4665,0.6005,True,1,SYNTHETIC_SHOWCASE_ONLY
9004547,1995-12-15,small_merchant,32336.92,24,33794.11,6951.89,20855.68,213,0.7513,0.458,0,0.6465,130721.0,0.7342,18015.85,0.7391,0.8984,0.3577,True,1,SYNTHETIC_SHOWCASE_ONLY
9004548,1997-03-19,small_merchant,101793.76,12,30234.14,9475.64,28426.92,145,0.6766,0.7223,1,0.9012,71776.2,0.6709,6891.53,0.7939,0.5809,0.4143,True,1,SYNTHETIC_SHOWCASE_ONLY
9004549,1995-08-17,small_merchant,95248.43,24,42982.59,17503.46,52510.39,158,0.8901,0.9485,0,0.6614,82232.95,0.8204,9758.59,0.8808,0.5692,0.0486,True,0,SYNTHETIC_SHOWCASE_ONLY
9004550,1997-05-06,gig_worker,186551.92,12,37449.51,8683.9,26051.69,256,0.8123,0.5929,1,0.7752,0.0,0.1387,0.0,0.6685,0.8063,0.233,True,1,SYNTHETIC_SHOWCASE_ONLY
9004551,1993-03-23,first_time_borrower,72143.6,12,25413.21,7373.11,22119.34,216,0.6178,0.9893,0,0.6943,0.0,0.2209,0.0,0.4575,0.7941,0.45,True,1,SYNTHETIC_SHOWCASE_ONLY
9004552,1993-03-08,gig_worker,138552.16,6,45959.16,15226.2,45678.6,162,0.8751,0.8563,0,0.8644,0.0,0.2445,0.0,0.3751,0.8794,0.1579,True,0,SYNTHETIC_SHOWCASE_ONLY
9004553,1993-06-30,small_merchant,112863.4,12,24330.77,7725.4,23176.19,34,0.3205,0.7131,4,0.8148,63079.02,0.8636,14978.38,0.757,0.9558,0.6902,True,1,SYNTHETIC_SHOWCASE_ONLY
9004554,1995-10-13,small_merchant,153422.39,9,31526.86,9415.16,28245.47,246,0.4395,0.899,0,0.811,95215.58,0.7727,8661.64,0.7293,0.8588,0.534,True,1,SYNTHETIC_SHOWCASE_ONLY
9004555,1996-07-18,gig_worker,76397.76,18,24115.45,8021.07,24063.22,242,0.9072,0.7316,1,0.9088,0.0,0.1691,0.0,0.1916,0.6606,0.0796,True,0,SYNTHETIC_SHOWCASE_ONLY
9004556,1994-01-30,small_merchant,143396.81,9,34947.55,13730.74,41192.23,147,0.9768,0.7516,1,0.6915,74147.41,0.7646,24984.79,0.7996,0.9512,0.0,True,0,SYNTHETIC_SHOWCASE_ONLY
9004557,1993-10-12,first_time_borrower,79296.67,18,23370.85,6346.76,19040.28,191,0.8766,0.9287,0,0.8941,0.0,0.2421,0.0,0.0732,0.6246,0.135,True,0,SYNTHETIC_SHOWCASE_ONLY
9004558,1997-04-20,gig_worker,153164.8,9,61746.01,25074.17,75222.51,79,0.9191,0.7774,0,0.8574,0.0,0.2243,0.0,0.182,0.5688,0.2138,True,0,SYNTHETIC_SHOWCASE_ONLY
9004559,1996-10-02,informal_worker,62839.89,24,73739.5,28924.36,86773.08,73,0.7496,0.6467,2,0.8691,0.0,0.1421,0.0,0.2473,0.7793,0.235,True,0,SYNTHETIC_SHOWCASE_ONLY
9004560,1996-03-29,small_merchant,160068.4,12,42593.21,9268.03,27804.08,101,0.9209,0.8427,2,0.7864,82954.47,0.8666,46644.5,0.8045,0.6719,0.1704,True,1,SYNTHETIC_SHOWCASE_ONLY
9004561,1995-06-11,gig_worker,215994.68,12,58675.77,20694.6,62083.8,51,0.3171,0.8693,0,0.7992,0.0,0.0146,0.0,0.1413,0.3842,0.7378,True,1,SYNTHETIC_SHOWCASE_ONLY
9004562,1995-02-07,gig_worker,14892.85,18,13374.92,3974.97,11924.9,151,0.6091,0.8827,0,0.9381,0.0,0.0581,0.0,0.363,0.6546,0.3906,True,0,SYNTHETIC_SHOWCASE_ONLY
9004563,1993-02-07,gig_worker,22819.3,36,14153.23,3569.56,10708.67,76,0.6559,0.894,0,0.765,0.0,0.4808,0.0,0.222,0.877,0.3796,True,0,SYNTHETIC_SHOWCASE_ONLY
9004564,1993-12-10,gig_worker,91694.54,36,23995.24,9376.96,28130.88,227,0.5326,0.9516,0,0.8783,0.0,0.4804,0.0,0.3032,0.8323,0.5447,True,0,SYNTHETIC_SHOWCASE_ONLY
9004565,1997-06-26,small_merchant,35948.98,12,28559.66,7598.04,22794.13,97,0.7385,0.9186,0,0.667,79349.57,0.8635,42590.62,0.5227,0.9189,0.2546,True,0,SYNTHETIC_SHOWCASE_ONLY
9004566,1994-09-12,informal_worker,92673.26,36,25458.89,7295.59,21886.76,211,0.8995,0.8528,0,0.7033,0.0,0.1307,0.0,0.4557,0.8206,0.0295,True,0,SYNTHETIC_SHOWCASE_ONLY
9004567,1996-07-10,informal_worker,47854.21,18,12730.23,2739.7,8219.11,155,0.7135,0.5858,0,0.6384,0.0,0.0399,0.0,0.3286,0.6852,0.1794,True,0,SYNTHETIC_SHOWCASE_ONLY
9004568,1996-07-09,first_time_borrower,104859.99,36,48665.41,15585.75,46757.25,147,0.6047,0.9119,0,0.4854,0.0,0.4762,0.0,0.2939,0.9302,0.3674,True,0,SYNTHETIC_SHOWCASE_ONLY
9004569,1994-07-20,small_merchant,136702.0,6,78745.38,25891.53,77674.58,54,0.7928,0.6321,3,0.8961,285442.75,0.8148,24214.92,0.5922,0.6063,0.2032,True,1,SYNTHETIC_SHOWCASE_ONLY
9004570,1994-01-09,informal_worker,116066.98,6,51783.86,20854.07,62562.2,85,0.7757,0.9182,1,0.8946,0.0,0.4373,0.0,0.1339,0.8099,0.2603,True,1,SYNTHETIC_SHOWCASE_ONLY
9004571,1996-06-16,informal_worker,102800.88,6,47146.31,13791.95,41375.84,210,0.3883,0.6559,2,0.7226,0.0,0.0991,0.0,0.2124,0.809,0.6559,True,1,SYNTHETIC_SHOWCASE_ONLY
9004572,1993-06-20,gig_worker,102084.73,24,31210.11,11037.06,33111.17,45,0.6875,0.9074,0,0.7131,0.0,0.3287,0.0,0.1409,0.8807,0.2691,True,0,SYNTHETIC_SHOWCASE_ONLY
9004573,1995-06-23,small_merchant,72354.51,9,18682.1,5406.78,16220.35,13,0.4701,0.9117,0,0.9213,40466.84,0.8481,24212.71,0.684,0.4114,0.5392,True,1,SYNTHETIC_SHOWCASE_ONLY
9004574,1997-06-10,small_merchant,127324.25,9,28991.94,9701.35,29104.05,143,0.4488,0.7841,1,0.3952,47606.51,0.8431,25925.32,0.4678,0.7086,0.6561,True,1,SYNTHETIC_SHOWCASE_ONLY
9004575,1996-07-22,informal_worker,56309.63,18,76929.3,19043.88,57131.64,235,0.538,0.8016,0,0.727,0.0,0.574,0.0,0.369,0.4563,0.6061,True,0,SYNTHETIC_SHOWCASE_ONLY
9004576,1996-10-27,small_merchant,89784.82,36,23647.33,8613.65,25840.96,150,0.9208,0.9157,1,0.9375,43185.04,0.7518,8492.85,0.5832,0.5845,0.2268,True,0,SYNTHETIC_SHOWCASE_ONLY
9004577,1993-06-02,gig_worker,44618.23,18,22506.97,8560.5,25681.49,229,0.911,0.7516,0,0.7591,0.0,0.4025,0.0,0.5564,0.4281,0.1359,True,0,SYNTHETIC_SHOWCASE_ONLY
9004578,1993-12-31,first_time_borrower,204384.45,24,47641.79,17075.7,51227.1,202,0.6533,0.4812,1,0.8041,0.0,0.1977,0.0,0.2352,0.5449,0.3203,True,1,SYNTHETIC_SHOWCASE_ONLY
9004579,1994-05-18,gig_worker,45896.53,12,49184.27,11084.79,33254.37,247,0.7315,0.9506,1,0.9435,0.0,0.6383,0.0,0.7122,0.574,0.3301,True,0,SYNTHETIC_SHOWCASE_ONLY
9004580,1994-06-18,first_time_borrower,56383.59,36,18638.17,4330.9,12992.71,196,0.9237,0.8548,2,0.6474,0.0,0.5757,0.0,0.1841,0.4279,0.0711,True,0,SYNTHETIC_SHOWCASE_ONLY
9004581,1993-12-21,informal_worker,74441.56,6,24697.25,5025.34,15076.01,59,0.9071,0.7368,1,0.8616,0.0,0.214,0.0,0.4191,0.7602,0.2189,True,0,SYNTHETIC_SHOWCASE_ONLY
9004582,1997-11-11,first_time_borrower,44817.4,12,22005.44,5567.73,16703.18,183,0.6347,0.7549,0,0.6046,0.0,0.1464,0.0,0.4164,0.7583,0.382,True,0,SYNTHETIC_SHOWCASE_ONLY
9004583,1993-10-29,informal_worker,140979.67,12,28952.47,10173.91,30521.73,45,0.6736,0.8605,1,0.6662,0.0,0.1366,0.0,0.4484,0.6836,0.3564,True,1,SYNTHETIC_SHOWCASE_ONLY
9004584,1996-07-17,gig_worker,50910.25,12,47559.15,9205.25,27615.76,121,0.8977,0.9158,0,0.5062,0.0,0.2288,0.0,0.2129,0.6181,0.0,True,0,SYNTHETIC_SHOWCASE_ONLY
9004585,1995-12-08,informal_worker,22844.63,18,19034.85,6769.52,20308.56,16,0.8845,0.8164,0,0.5775,0.0,0.2997,0.0,0.2154,0.5437,0.0,True,0,SYNTHETIC_SHOWCASE_ONLY
9004586,1996-01-20,informal_worker,162257.65,18,47240.12,9632.77,28898.3,38,0.8602,0.547,1,0.8858,0.0,0.1812,0.0,0.1772,0.7825,0.2232,True,0,SYNTHETIC_SHOWCASE_ONLY
9004587,1994-01-27,informal_worker,84169.95,12,29400.07,9176.16,27528.49,176,0.5719,0.7345,2,0.4883,0.0,0.3948,0.0,0.1244,0.8856,0.4412,True,1,SYNTHETIC_SHOWCASE_ONLY
9004588,1994-07-16,gig_worker,150831.8,6,85522.26,35478.89,106436.68,222,0.9309,0.9463,0,0.6913,0.0,0.3967,0.0,0.2386,0.6299,0.0,True,0,SYNTHETIC_SHOWCASE_ONLY
9004589,1996-01-13,gig_worker,63263.62,6,32630.37,12238.19,36714.58,200,0.3866,0.6871,0,0.6241,0.0,0.3726,0.0,0.2312,0.5103,0.6692,True,1,SYNTHETIC_SHOWCASE_ONLY
9004590,1994-07-01,small_merchant,34502.27,6,26727.25,6968.14,20904.42,188,0.8669,0.8777,0,0.8923,109670.03,0.6512,39105.07,0.6237,0.7373,0.2151,True,0,SYNTHETIC_SHOWCASE_ONLY
9004591,1996-06-21,small_merchant,163006.72,36,36894.69,7651.29,22953.86,233,0.6906,0.8369,1,0.6195,124302.58,0.934,52236.67,0.5601,0.7796,0.2309,True,1,SYNTHETIC_SHOWCASE_ONLY
9004592,1993-03-14,small_merchant,73970.95,18,23816.4,8200.08,24600.25,183,0.4826,0.7675,3,0.6435,106304.41,0.8229,30460.46,0.69,0.702,0.6088,True,1,SYNTHETIC_SHOWCASE_ONLY
9004593,1993-05-13,first_time_borrower,19838.85,9,11828.05,3285.31,9855.93,114,0.6687,0.7439,0,0.7837,0.0,0.3496,0.0,0.361,0.2829,0.3695,True,0,SYNTHETIC_SHOWCASE_ONLY
9004594,1996-08-23,informal_worker,58152.78,9,24947.02,9427.25,28281.76,185,0.7402,0.9391,0,0.6242,0.0,0.0334,0.0,0.4672,0.7169,0.208,True,0,SYNTHETIC_SHOWCASE_ONLY
9004595,1996-02-01,informal_worker,113628.68,24,24758.86,6294.48,18883.44,255,0.605,0.8592,1,0.499,0.0,0.2724,0.0,0.5715,0.6827,0.3547,True,0,SYNTHETIC_SHOWCASE_ONLY
9004596,1993-03-20,gig_worker,58699.8,24,13038.31,2602.62,7807.86,270,0.9134,0.8066,0,0.6016,0.0,0.1147,0.0,0.1027,0.7954,0.1714,True,0,SYNTHETIC_SHOWCASE_ONLY
9004597,1997-06-30,small_merchant,24441.89,36,27035.41,5638.74,16916.23,153,0.9724,0.9667,0,0.7686,64861.42,0.893,17605.38,0.7024,0.4966,0.0423,True,0,SYNTHETIC_SHOWCASE_ONLY
9004598,1993-01-09,small_merchant,36106.06,9,10381.15,2588.08,7764.25,32,0.7534,0.8552,2,0.9268,41710.69,0.7045,12534.73,0.8422,0.9442,0.2502,True,1,SYNTHETIC_SHOWCASE_ONLY
9004599,1997-10-11,gig_worker,30167.0,18,23696.2,4795.69,14387.08,163,0.5448,0.9418,0,0.8526,0.0,0.102,0.0,0.1583,0.5568,0.3827,True,0,SYNTHETIC_SHOWCASE_ONLY
9004600,1996-08-25,gig_worker,48087.21,9,31473.02,9462.61,28387.84,126,0.6416,0.9505,0,0.6466,0.0,0.4051,0.0,0.365,0.4183,0.4064,True,1,SYNTHETIC_SHOWCASE_ONLY
9004601,1997-12-10,small_merchant,129145.32,24,29334.45,11862.99,35588.98,36,0.4138,0.8195,1,0.6438,82350.91,0.8786,43886.4,0.8845,0.9011,0.5017,True,1,SYNTHETIC_SHOWCASE_ONLY
9004602,1997-09-29,gig_worker,104330.32,12,22986.13,9189.68,27569.05,276,0.807,0.6834,1,0.6828,0.0,0.1694,0.0,0.228,0.4023,0.3603,True,1,SYNTHETIC_SHOWCASE_ONLY
9004603,1994-07-26,small_merchant,25902.11,24,26873.75,10586.18,31758.54,117,0.4486,0.6095,4,0.8929,84195.04,0.8741,38161.38,0.2539,0.6764,0.7257,True,1,SYNTHETIC_SHOWCASE_ONLY
9004604,1996-10-13,gig_worker,85429.59,6,19218.12,4783.86,14351.59,47,0.5104,0.8221,1,0.6992,0.0,0.2258,0.0,0.1807,0.6297,0.5904,True,1,SYNTHETIC_SHOWCASE_ONLY
9004605,1994-01-21,gig_worker,107105.05,24,28145.75,8282.75,24848.26,176,0.6409,0.925,0,0.8729,0.0,0.2939,0.0,0.136,0.5263,0.3823,True,0,SYNTHETIC_SHOWCASE_ONLY
9004606,1995-05-12,gig_worker,115544.57,12,28791.67,8338.04,25014.11,49,0.5602,0.744,2,0.5283,0.0,0.7862,0.0,0.4143,0.5369,0.4098,True,1,SYNTHETIC_SHOWCASE_ONLY
9004607,1994-03-15,informal_worker,74229.26,24,18175.68,4076.43,12229.28,236,0.4151,0.6611,3,0.5081,0.0,0.2234,0.0,0.2223,0.6305,0.5357,True,1,SYNTHETIC_SHOWCASE_ONLY
9004608,1995-06-07,small_merchant,90163.26,12,31839.26,6598.36,19795.08,30,0.801,0.8665,1,0.4835,130459.44,0.7114,4493.84,0.3528,0.4867,0.1992,True,0,SYNTHETIC_SHOWCASE_ONLY
9004609,1997-05-12,small_merchant,151304.1,24,31743.94,7484.02,22452.05,26,0.6463,0.772,1,0.8135,83944.34,0.7274,14502.43,0.8626,0.793,0.2775,True,0,SYNTHETIC_SHOWCASE_ONLY
9004610,1995-03-08,gig_worker,38303.24,9,25852.93,10566.38,31699.15,127,0.7342,0.9609,0,0.8193,0.0,0.265,0.0,0.4047,0.8039,0.3981,True,0,SYNTHETIC_SHOWCASE_ONLY
9004611,1993-06-18,first_time_borrower,252572.55,18,89506.13,22711.42,68134.27,96,0.9218,0.7977,0,0.7183,0.0,0.3299,0.0,0.5771,0.8076,0.1153,True,0,SYNTHETIC_SHOWCASE_ONLY
9004612,1994-08-16,informal_worker,52385.5,24,26171.4,7559.93,22679.79,21,0.6736,0.8099,1,0.8861,0.0,0.3272,0.0,0.1339,0.2604,0.3354,True,0,SYNTHETIC_SHOWCASE_ONLY
9004613,1996-12-07,informal_worker,103306.31,12,24487.73,7035.76,21107.28,90,0.7572,0.4966,2,0.8959,0.0,0.2242,0.0,0.4997,0.8198,0.2442,True,1,SYNTHETIC_SHOWCASE_ONLY
9004614,1995-08-11,small_merchant,22035.85,12,22861.54,5363.77,16091.31,69,0.7914,0.8302,0,0.7213,53049.3,0.727,21491.68,0.8301,0.723,0.1845,True,0,SYNTHETIC_SHOWCASE_ONLY
9004615,1995-10-20,informal_worker,44067.09,12,17569.31,6654.0,19961.99,49,0.5955,0.61,0,0.7252,0.0,0.1237,0.0,0.3788,0.408,0.4504,True,1,SYNTHETIC_SHOWCASE_ONLY
9004616,1995-02-27,first_time_borrower,155797.13,12,38917.16,9389.42,28168.25,36,0.7584,0.6467,1,0.3814,0.0,0.112,0.0,0.4017,0.4172,0.3565,True,1,SYNTHETIC_SHOWCASE_ONLY
9004617,1994-06-19,small_merchant,39766.3,18,20141.98,4535.08,13605.23,178,0.8955,0.8119,1,0.955,42783.16,0.7689,2288.15,0.5075,0.7491,0.1044,True,0,SYNTHETIC_SHOWCASE_ONLY
9004618,1995-12-29,informal_worker,35348.61,6,21318.8,7378.46,22135.38,180,0.8056,0.9291,1,0.6172,0.0,0.1385,0.0,0.3517,0.7069,0.178,True,1,SYNTHETIC_SHOWCASE_ONLY
9004619,1996-03-02,gig_worker,37956.5,6,21624.97,8430.26,25290.77,276,0.9182,0.7993,0,0.6289,0.0,0.37,0.0,0.5331,0.579,0.0422,True,0,SYNTHETIC_SHOWCASE_ONLY
9004620,1997-06-28,informal_worker,65265.45,12,17451.61,3950.02,11850.07,206,0.5982,0.7998,0,0.8538,0.0,0.2214,0.0,0.2722,0.834,0.3824,True,1,SYNTHETIC_SHOWCASE_ONLY
9004621,1996-02-03,small_merchant,22494.07,12,12081.61,2602.66,7807.98,212,0.7786,0.9051,0,0.8814,27768.72,0.7549,14292.87,0.7737,0.5764,0.2162,True,0,SYNTHETIC_SHOWCASE_ONLY
9004622,1997-12-22,gig_worker,53178.05,9,22420.9,6175.16,18525.48,133,0.6372,0.9351,1,0.9581,0.0,0.0639,0.0,0.2735,0.6206,0.1882,True,0,SYNTHETIC_SHOWCASE_ONLY
9004623,1997-02-18,first_time_borrower,127782.67,24,42580.89,12130.88,36392.63,103,0.9579,0.6787,2,0.8805,0.0,0.2919,0.0,0.1306,0.6486,0.0687,True,0,SYNTHETIC_SHOWCASE_ONLY
9004624,1993-05-24,first_time_borrower,145860.93,6,30776.6,9181.21,27543.64,72,0.656,0.5682,2,0.7597,0.0,0.4444,0.0,0.0983,0.5388,0.2641,True,1,SYNTHETIC_SHOWCASE_ONLY
9004625,1994-12-18,gig_worker,242518.72,36,59221.26,16038.98,48116.94,175,0.6655,0.8436,0,0.796,0.0,0.2772,0.0,0.2561,0.494,0.3686,True,0,SYNTHETIC_SHOWCASE_ONLY
9004626,1994-12-04,first_time_borrower,56824.19,24,40151.65,12195.88,36587.64,24,0.8518,0.8643,0,0.8547,0.0,0.4803,0.0,0.1964,0.2202,0.0332,True,0,SYNTHETIC_SHOWCASE_ONLY
9004627,1993-01-06,small_merchant,161511.01,12,36006.79,14023.68,42071.03,125,0.7462,0.8339,1,0.9287,145570.79,0.7695,47677.92,0.771,0.5484,0.3065,True,1,SYNTHETIC_SHOWCASE_ONLY
9004628,1993-11-26,small_merchant,298398.95,24,69122.21,27439.0,82317.0,273,0.7471,0.9642,0,0.9121,282496.77,0.8413,2003.12,0.7799,0.5798,0.3127,True,0,SYNTHETIC_SHOWCASE_ONLY
9004629,1996-10-23,first_time_borrower,103663.38,18,26724.34,7849.2,23547.59,246,0.6482,0.844,0,0.8093,0.0,0.3015,0.0,0.3771,0.5935,0.2838,True,0,SYNTHETIC_SHOWCASE_ONLY
9004630,1994-10-05,small_merchant,82956.8,18,28860.7,10987.68,32963.04,63,0.3876,0.5295,0,0.5512,121571.0,0.8431,22317.87,0.472,0.4701,0.676,True,1,SYNTHETIC_SHOWCASE_ONLY
9004631,1993-09-28,small_merchant,25261.81,12,27846.34,8859.38,26578.14,264,0.4161,0.9123,0,0.8183,37986.08,0.8429,11181.43,0.4235,0.7983,0.4659,True,0,SYNTHETIC_SHOWCASE_ONLY
9004632,1994-06-09,informal_worker,219158.98,18,58745.95,14963.05,44889.16,54,0.5952,0.9449,0,0.7666,0.0,0.2611,0.0,0.1086,0.5279,0.4875,True,0,SYNTHETIC_SHOWCASE_ONLY
9004633,1994-05-17,gig_worker,80757.2,9,28033.83,8906.14,26718.43,212,0.7583,0.7646,0,0.7133,0.0,0.5406,0.0,0.0493,0.7773,0.2133,True,0,SYNTHETIC_SHOWCASE_ONLY
9004634,1993-11-15,small_merchant,40266.11,18,20512.44,8297.93,24893.78,254,0.5356,0.7349,1,0.8949,41376.32,0.5786,1707.98,0.8576,0.6035,0.5033,True,1,SYNTHETIC_SHOWCASE_ONLY
9004635,1993-07-04,small_merchant,23898.33,9,37124.93,11798.11,35394.34,87,0.8606,0.8876,3,0.7799,123783.35,0.8013,12865.73,0.7833,0.6297,0.1454,True,0,SYNTHETIC_SHOWCASE_ONLY
9004636,1996-10-27,informal_worker,30591.88,12,18923.41,5922.45,17767.34,163,0.7942,0.7696,1,0.6745,0.0,0.3322,0.0,0.1464,0.8983,0.2115,True,0,SYNTHETIC_SHOWCASE_ONLY
9004637,1997-02-14,gig_worker,118101.2,18,36171.48,13310.95,39932.86,171,0.3784,0.5853,2,0.7399,0.0,0.1209,0.0,0.2664,0.4348,0.6823,True,1,SYNTHETIC_SHOWCASE_ONLY
9004638,1995-06-26,gig_worker,37368.39,9,34152.92,12190.23,36570.69,228,0.6023,0.876,0,0.5965,0.0,0.4726,0.0,0.0629,0.4835,0.3681,True,0,SYNTHETIC_SHOWCASE_ONLY
9004639,1996-01-29,informal_worker,89070.4,12,25566.71,5428.8,16286.4,101,0.398,0.8943,0,0.8371,0.0,0.1354,0.0,0.3957,0.6657,0.6389,True,1,SYNTHETIC_SHOWCASE_ONLY
9004640,1997-08-06,gig_worker,154537.78,24,36737.35,14067.07,42201.21,115,0.7533,0.8142,1,0.8519,0.0,0.1964,0.0,0.3798,0.79,0.2433,True,1,SYNTHETIC_SHOWCASE_ONLY
9004641,1997-03-19,small_merchant,27418.14,12,13709.18,5266.57,15799.71,80,0.891,0.8816,0,0.3179,23728.5,0.5253,14001.96,0.82,0.493,0.2091,True,0,SYNTHETIC_SHOWCASE_ONLY
9004642,1993-03-01,informal_worker,29089.32,9,30278.15,12307.05,36921.15,175,0.5491,0.7888,1,0.8754,0.0,0.2666,0.0,0.3404,0.6074,0.3965,True,1,SYNTHETIC_SHOWCASE_ONLY
9004643,1997-10-07,informal_worker,27236.38,12,22422.77,5973.22,17919.66,224,0.6528,0.9247,0,0.5334,0.0,0.3047,0.0,0.3808,0.522,0.4219,True,0,SYNTHETIC_SHOWCASE_ONLY
9004644,1993-05-03,gig_worker,240573.92,36,110618.91,43451.06,130353.17,85,0.7306,0.8346,0,0.6839,0.0,0.466,0.0,0.1041,0.7062,0.2469,True,0,SYNTHETIC_SHOWCASE_ONLY
9004645,1993-02-18,first_time_borrower,126103.0,24,30174.6,9247.04,27741.12,267,0.8026,0.7455,0,0.4681,0.0,0.2227,0.0,0.3798,0.5764,0.2165,True,0,SYNTHETIC_SHOWCASE_ONLY
9004646,1995-01-07,informal_worker,71308.1,18,21029.71,4232.28,12696.85,271,0.7676,0.6086,3,0.354,0.0,0.1331,0.0,0.2363,0.8749,0.194,True,1,SYNTHETIC_SHOWCASE_ONLY
9004647,1996-09-23,small_merchant,63845.52,24,14448.92,5194.05,15582.14,223,0.7385,0.6492,1,0.5906,36845.86,0.9844,1813.88,0.7683,0.7458,0.1564,True,0,SYNTHETIC_SHOWCASE_ONLY
9004648,1993-05-27,informal_worker,260687.19,18,52394.39,14371.38,43114.15,109,0.5552,0.9567,0,0.7394,0.0,0.8449,0.0,0.1159,0.5789,0.4245,True,1,SYNTHETIC_SHOWCASE_ONLY
9004649,1994-06-19,informal_worker,35298.17,24,23669.54,7267.71,21803.13,70,0.5892,0.7344,1,0.7479,0.0,0.4278,0.0,0.3054,0.6026,0.3645,True,0,SYNTHETIC_SHOWCASE_ONLY
9004650,1994-04-25,informal_worker,70039.35,18,19151.01,7873.07,23619.22,79,0.5719,0.8439,1,0.7596,0.0,0.3871,0.0,0.4195,0.5394,0.4638,True,1,SYNTHETIC_SHOWCASE_ONLY
9004651,1994-12-27,small_merchant,87286.53,24,32905.12,13023.8,39071.4,271,0.6664,0.758,2,0.8497,66128.22,0.9443,37210.74,0.7606,0.5409,0.2897,True,1,SYNTHETIC_SHOWCASE_ONLY
9004652,1997-12-06,informal_worker,105994.51,18,38247.17,15877.85,47633.56,48,0.75,0.7961,0,0.851,0.0,0.2307,0.0,0.0989,0.7821,0.1713,True,0,SYNTHETIC_SHOWCASE_ONLY
9004653,1994-08-29,first_time_borrower,77153.51,12,37958.82,12852.96,38558.88,233,0.9609,0.7476,0,0.6595,0.0,0.1737,0.0,0.2532,0.597,0.169,True,0,SYNTHETIC_SHOWCASE_ONLY
9004654,1994-01-17,small_merchant,59559.47,6,28266.71,10143.22,30429.65,117,0.9675,0.7127,0,0.8648,120678.73,0.8401,16740.13,0.5307,0.7103,0.0457,True,0,SYNTHETIC_SHOWCASE_ONLY
9004655,1993-08-12,informal_worker,108067.94,9,30223.38,8560.52,25681.56,48,0.7525,0.7146,1,0.7326,0.0,0.4853,0.0,0.3242,0.8998,0.2931,True,1,SYNTHETIC_SHOWCASE_ONLY
9004656,1993-12-28,informal_worker,104273.25,18,31298.88,9904.86,29714.58,26,0.7673,0.8176,0,0.5654,0.0,0.2291,0.0,0.3095,0.6108,0.3392,True,0,SYNTHETIC_SHOWCASE_ONLY
9004657,1993-09-01,first_time_borrower,65859.88,36,32906.65,8956.4,26869.19,104,0.6266,0.9454,0,0.9356,0.0,0.3999,0.0,0.2827,0.7659,0.3097,True,0,SYNTHETIC_SHOWCASE_ONLY
9004658,1995-11-14,first_time_borrower,38514.88,24,34334.46,14240.61,42721.84,103,0.8914,0.5219,2,0.7151,0.0,0.3857,0.0,0.0986,0.8289,0.0392,True,0,SYNTHETIC_SHOWCASE_ONLY
9004659,1995-02-07,gig_worker,148877.07,24,47348.82,14070.49,42211.48,226,0.7578,0.5946,2,0.5326,0.0,0.4245,0.0,0.5788,0.736,0.378,True,1,SYNTHETIC_SHOWCASE_ONLY
9004660,1995-06-29,gig_worker,110855.21,18,28768.57,7106.66,21319.99,66,0.5309,0.902,1,0.8801,0.0,0.0893,0.0,0.2151,0.7746,0.451,True,1,SYNTHETIC_SHOWCASE_ONLY
9004661,1997-02-28,informal_worker,57851.48,36,18918.47,6715.69,20147.07,133,0.7516,0.8928,1,0.8174,0.0,0.1096,0.0,0.2764,0.7416,0.2957,True,0,SYNTHETIC_SHOWCASE_ONLY
9004662,1995-11-26,small_merchant,16095.48,24,26126.35,7605.28,22815.84,175,0.73,0.9126,0,0.7698,102758.48,0.944,16602.18,0.7989,0.4966,0.268,True,0,SYNTHETIC_SHOWCASE_ONLY
9004663,1993-10-11,small_merchant,74067.25,12,40206.12,10896.38,32689.15,95,0.685,0.9008,2,0.8231,93951.86,0.5857,29907.71,0.6496,0.4746,0.3424,True,0,SYNTHETIC_SHOWCASE_ONLY
9004664,1994-11-19,informal_worker,47817.04,18,11877.8,3408.3,10224.89,165,0.8689,0.7997,0,0.9206,0.0,0.29,0.0,0.2636,0.6855,0.1492,True,0,SYNTHETIC_SHOWCASE_ONLY
9004665,1994-07-25,first_time_borrower,46061.49,12,11910.78,4762.64,14287.93,236,0.5542,0.4883,1,0.6553,0.0,0.6166,0.0,0.4588,0.8426,0.5024,True,1,SYNTHETIC_SHOWCASE_ONLY
9004666,1997-02-18,small_merchant,28098.59,9,43509.4,8780.41,26341.23,250,0.9137,0.9553,0,0.8378,82485.55,0.7743,59959.67,0.7497,0.7853,0.0026,True,0,SYNTHETIC_SHOWCASE_ONLY
9004667,1994-07-15,informal_worker,155039.67,12,58082.44,16287.95,48863.85,74,0.5001,0.9141,0,0.5611,0.0,0.2985,0.0,0.4858,0.6769,0.5512,True,1,SYNTHETIC_SHOWCASE_ONLY
9004668,1993-09-11,gig_worker,38506.72,12,15255.02,2903.67,8711.01,119,0.6571,0.8149,1,0.6807,0.0,0.4249,0.0,0.2368,0.5559,0.2981,True,1,SYNTHETIC_SHOWCASE_ONLY
9004669,1996-09-05,small_merchant,101961.01,9,29383.26,7681.09,23043.27,72,0.6747,0.9122,0,0.8178,122158.33,0.5896,13050.13,0.5507,0.6181,0.3893,True,1,SYNTHETIC_SHOWCASE_ONLY
9004670,1995-02-22,gig_worker,26578.65,12,23113.64,8206.15,24618.45,80,0.8994,0.9491,0,0.6826,0.0,0.1395,0.0,0.2539,0.4494,0.0,True,0,SYNTHETIC_SHOWCASE_ONLY
9004671,1993-06-25,small_merchant,82372.11,36,24705.01,8020.41,24061.24,229,0.5113,0.9835,0,0.9177,71925.87,0.8924,33639.45,0.3016,0.7533,0.4803,True,1,SYNTHETIC_SHOWCASE_ONLY
9004672,1996-06-13,small_merchant,154540.92,12,32422.72,9258.08,27774.24,131,0.481,0.9405,0,0.7373,143803.26,0.9295,24032.98,0.5315,0.7477,0.5746,True,1,SYNTHETIC_SHOWCASE_ONLY
9004673,1994-01-20,informal_worker,33655.63,24,15053.75,5021.56,15064.69,131,0.8669,0.914,1,0.7199,0.0,0.0682,0.0,0.3498,0.347,0.0867,True,0,SYNTHETIC_SHOWCASE_ONLY
9004674,1997-05-05,informal_worker,34302.08,6,16456.82,5861.29,17583.87,114,0.6121,0.8315,1,0.8779,0.0,0.5,0.0,0.4963,0.6868,0.4747,True,1,SYNTHETIC_SHOWCASE_ONLY
9004675,1997-03-01,small_merchant,17552.51,36,24230.3,6635.79,19907.38,86,0.7281,0.8949,0,0.8515,61821.56,0.6466,32975.17,0.8131,0.9409,0.2196,True,0,SYNTHETIC_SHOWCASE_ONLY
9004676,1994-11-06,gig_worker,22262.13,24,26112.76,6330.96,18992.87,250,0.6998,0.843,1,0.7433,0.0,0.3383,0.0,0.3866,0.6044,0.2495,True,1,SYNTHETIC_SHOWCASE_ONLY
9004677,1995-10-12,gig_worker,76636.89,36,16309.47,4119.71,12359.12,148,0.9197,0.6435,2,0.8875,0.0,0.4434,0.0,0.0506,0.7094,0.1475,True,0,SYNTHETIC_SHOWCASE_ONLY
9004678,1995-11-03,first_time_borrower,200112.39,18,40904.31,16397.15,49191.46,12,0.7882,0.9532,1,0.8057,0.0,0.473,0.0,0.1166,0.9236,0.2028,True,0,SYNTHETIC_SHOWCASE_ONLY
9004679,1996-04-08,first_time_borrower,14317.59,18,22914.62,8145.0,24434.99,179,0.7952,0.755,1,0.834,0.0,0.5219,0.0,0.162,0.7469,0.297,True,0,SYNTHETIC_SHOWCASE_ONLY
9004680,1993-05-07,small_merchant,104345.79,12,22867.85,9124.93,27374.8,99,0.8829,0.8379,1,0.8695,47377.57,0.8849,7999.37,0.8296,0.6537,0.1313,True,1,SYNTHETIC_SHOWCASE_ONLY
9004681,1994-08-17,gig_worker,43787.39,12,32068.71,11105.33,33315.98,80,0.8456,0.5871,1,0.8305,0.0,0.5396,0.0,0.1914,0.8439,0.091,True,0,SYNTHETIC_SHOWCASE_ONLY
9004682,1993-11-08,small_merchant,80801.78,24,26319.99,6260.17,18780.5,241,0.8902,0.7116,0,0.9277,80945.59,0.6002,18815.44,0.6678,0.5813,0.2124,True,0,SYNTHETIC_SHOWCASE_ONLY
9004683,1996-06-27,informal_worker,149998.11,6,41854.25,11937.29,35811.86,94,0.6011,0.7623,0,0.9135,0.0,0.7177,0.0,0.3111,0.6499,0.4384,True,1,SYNTHETIC_SHOWCASE_ONLY
9004684,1993-05-07,small_merchant,38994.54,6,17888.57,3926.19,11778.56,75,0.596,0.6156,0,0.6105,75980.08,0.7932,12826.98,0.3985,0.9546,0.3939,True,1,SYNTHETIC_SHOWCASE_ONLY
9004685,1995-08-02,gig_worker,41914.17,24,14317.16,4660.62,13981.85,194,0.4943,0.9096,2,0.8027,0.0,0.2697,0.0,0.2353,0.8145,0.488,True,1,SYNTHETIC_SHOWCASE_ONLY
9004686,1996-08-22,small_merchant,81109.51,9,24131.22,4822.74,14468.22,176,0.5756,0.6514,1,0.6607,32361.79,0.6979,22223.66,0.3902,0.4846,0.4219,True,1,SYNTHETIC_SHOWCASE_ONLY
9004687,1997-09-28,gig_worker,41885.43,24,28821.39,6023.55,18070.65,137,0.7534,0.6715,1,0.4735,0.0,0.0533,0.0,0.2041,0.4142,0.2625,True,0,SYNTHETIC_SHOWCASE_ONLY
9004688,1994-06-10,small_merchant,76785.25,12,15435.06,4810.09,14430.26,156,0.6372,0.7637,0,0.741,42089.14,0.7476,19549.43,0.7313,0.5455,0.3238,True,1,SYNTHETIC_SHOWCASE_ONLY
9004689,1993-01-15,gig_worker,21533.27,12,14383.52,3336.62,10009.87,107,0.7027,0.7448,0,0.7336,0.0,0.2538,0.0,0.0289,0.482,0.3823,True,0,SYNTHETIC_SHOWCASE_ONLY
9004690,1996-08-14,informal_worker,19726.46,12,30560.47,6013.15,18039.46,38,0.3088,0.5993,2,0.4841,0.0,0.1281,0.0,0.3938,0.4721,0.7761,True,1,SYNTHETIC_SHOWCASE_ONLY
9004691,1993-01-03,small_merchant,92539.49,18,19462.12,4355.2,13065.6,268,0.5631,0.8361,1,0.6314,72617.36,0.882,18694.64,0.6553,0.5612,0.4572,True,1,SYNTHETIC_SHOWCASE_ONLY
9004692,1993-05-02,gig_worker,34693.18,24,13943.3,3470.49,10411.47,111,0.7198,0.9557,0,0.8655,0.0,0.5015,0.0,0.4303,0.8523,0.2694,True,0,SYNTHETIC_SHOWCASE_ONLY
9004693,1997-12-14,small_merchant,104758.03,24,44503.52,16791.79,50375.38,152,0.7945,0.927,0,0.7895,108290.24,0.7866,45202.98,0.9329,0.4634,0.2085,True,0,SYNTHETIC_SHOWCASE_ONLY
9004694,1997-04-25,small_merchant,37483.49,12,20675.37,5717.31,17151.92,130,0.7699,0.8787,1,0.6782,77273.81,0.7811,10590.78,0.7702,0.8611,0.193,True,0,SYNTHETIC_SHOWCASE_ONLY
9004695,1996-07-15,informal_worker,34700.92,12,48623.85,19651.12,58953.35,42,0.6996,0.7381,0,0.5683,0.0,0.2281,0.0,0.4588,0.8923,0.3164,True,1,SYNTHETIC_SHOWCASE_ONLY
9004696,1997-03-06,first_time_borrower,50074.46,24,28385.27,5854.47,17563.4,190,0.8587,0.7076,3,0.945,0.0,0.2435,0.0,0.4299,0.7614,0.1825,True,0,SYNTHETIC_SHOWCASE_ONLY
9004697,1993-05-18,gig_worker,75172.15,9,32255.51,8252.81,24758.44,259,0.9728,0.9538,0,0.715,0.0,0.0801,0.0,0.4947,0.3581,0.076,True,0,SYNTHETIC_SHOWCASE_ONLY
9004698,1993-06-12,first_time_borrower,73094.3,9,25296.97,6767.72,20303.15,73,0.8422,0.8638,0,0.8955,0.0,0.312,0.0,0.155,0.5832,0.1629,True,0,SYNTHETIC_SHOWCASE_ONLY
9004699,1994-07-04,informal_worker,20459.93,12,7828.15,2886.15,8658.46,69,0.8786,0.9542,0,0.4688,0.0,0.3309,0.0,0.2046,0.8855,0.0921,True,0,SYNTHETIC_SHOWCASE_ONLY
9004700,1993-02-13,informal_worker,72488.94,24,16224.9,5948.07,17844.2,153,0.4111,0.852,0,0.9316,0.0,0.1531,0.0,0.0502,0.5758,0.5104,True,0,SYNTHETIC_SHOWCASE_ONLY
9004701,1997-06-11,small_merchant,121517.66,12,26360.43,8496.9,25490.71,215,0.825,0.9488,0,0.884,55600.27,0.7379,23376.65,0.7179,0.8479,0.0525,True,0,SYNTHETIC_SHOWCASE_ONLY
9004702,1993-04-13,small_merchant,66563.74,6,33357.23,10831.58,32494.75,250,0.7063,0.5796,2,0.9236,117262.91,0.4698,47321.59,0.7503,0.5984,0.3883,True,1,SYNTHETIC_SHOWCASE_ONLY
9004703,1995-09-21,gig_worker,57188.8,36,11859.88,4613.02,13839.06,170,0.7708,0.7599,0,0.8125,0.0,0.218,0.0,0.3655,0.6684,0.3038,True,1,SYNTHETIC_SHOWCASE_ONLY
9004704,1997-04-08,first_time_borrower,120226.47,36,27288.78,5558.24,16674.73,93,0.6713,0.6533,2,0.8073,0.0,0.3024,0.0,0.2571,0.6526,0.3349,True,1,SYNTHETIC_SHOWCASE_ONLY
9004705,1996-09-04,informal_worker,76489.71,18,16338.39,3512.75,10538.26,197,0.8491,0.8806,0,0.8659,0.0,0.3178,0.0,0.3742,0.7048,0.1534,True,0,SYNTHETIC_SHOWCASE_ONLY
9004706,1994-03-05,small_merchant,116195.72,24,31337.71,11109.31,33327.92,128,0.8628,0.949,0,0.6308,125414.01,0.7833,28952.95,0.8547,0.4304,0.0318,True,0,SYNTHETIC_SHOWCASE_ONLY
9004707,1995-05-09,small_merchant,40844.95,36,27740.46,11262.24,33786.73,21,0.8679,0.7687,0,0.7061,70072.79,0.7064,9567.07,0.57,0.8719,0.2752,True,0,SYNTHETIC_SHOWCASE_ONLY
9004708,1995-09-29,gig_worker,58372.1,18,40008.23,11864.79,35594.37,158,0.5585,0.7871,0,0.8979,0.0,0.0521,0.0,0.094,0.9425,0.4905,True,0,SYNTHETIC_SHOWCASE_ONLY
9004709,1996-11-03,gig_worker,214844.71,24,46725.01,11398.25,34194.74,50,0.7038,0.6734,2,0.8475,0.0,0.3073,0.0,0.0994,0.8547,0.2964,True,1,SYNTHETIC_SHOWCASE_ONLY
9004710,1995-02-18,informal_worker,98805.14,12,34901.15,9675.74,29027.23,104,0.5355,0.9116,0,0.9714,0.0,0.3596,0.0,0.3077,0.6681,0.5645,True,1,SYNTHETIC_SHOWCASE_ONLY
9004711,1994-06-05,small_merchant,191191.45,12,42317.19,11999.55,35998.64,278,0.7652,0.9496,0,0.8134,78375.27,0.9281,8584.9,0.6761,0.6404,0.1067,True,0,SYNTHETIC_SHOWCASE_ONLY
9004712,1996-12-23,informal_worker,89230.6,24,23666.02,6270.77,18812.3,125,0.8009,0.7019,1,0.7828,0.0,0.4657,0.0,0.296,0.7559,0.1708,True,0,SYNTHETIC_SHOWCASE_ONLY
9004713,1997-06-07,informal_worker,166645.12,24,108559.77,26457.24,79371.73,138,0.8267,0.4673,4,0.6338,0.0,0.1233,0.0,0.1295,0.6595,0.1691,True,1,SYNTHETIC_SHOWCASE_ONLY
9004714,1995-06-12,informal_worker,35766.35,12,15598.45,4689.92,14069.75,208,0.5169,0.6697,3,0.7973,0.0,0.1532,0.0,0.3064,0.9217,0.4448,True,1,SYNTHETIC_SHOWCASE_ONLY
9004715,1993-02-21,informal_worker,105593.55,18,21734.08,6525.61,19576.83,175,0.5835,0.9583,0,0.8271,0.0,0.5374,0.0,0.4084,0.8049,0.5799,True,0,SYNTHETIC_SHOWCASE_ONLY
9004716,1995-07-04,gig_worker,29613.14,24,43157.52,9366.69,28100.07,182,0.7405,0.6253,1,0.9339,0.0,0.3761,0.0,0.3602,0.0742,0.2054,True,0,SYNTHETIC_SHOWCASE_ONLY
9004717,1997-06-12,informal_worker,150461.98,12,40185.68,9623.36,28870.07,254,0.9163,0.7132,3,0.8084,0.0,0.2446,0.0,0.0447,0.6852,0.0881,True,1,SYNTHETIC_SHOWCASE_ONLY
9004718,1997-12-12,informal_worker,173597.38,24,35380.16,11921.23,35763.68,77,0.9097,0.9011,0,0.7819,0.0,0.1535,0.0,0.1756,0.8407,0.239,True,0,SYNTHETIC_SHOWCASE_ONLY
9004719,1995-01-03,gig_worker,40975.36,6,38720.05,8941.47,26824.4,150,0.8638,0.878,0,0.7852,0.0,0.2186,0.0,0.32,0.4074,0.2449,True,0,SYNTHETIC_SHOWCASE_ONLY
9004720,1993-10-02,gig_worker,18505.85,18,10299.52,4177.2,12531.61,106,0.9131,0.8018,1,0.5309,0.0,0.2641,0.0,0.1865,0.252,0.0484,True,0,SYNTHETIC_SHOWCASE_ONLY
9004721,1995-11-11,gig_worker,180542.01,36,60043.41,22923.69,68771.08,96,0.6202,0.5657,2,0.5814,0.0,0.1333,0.0,0.1402,0.61,0.3285,True,1,SYNTHETIC_SHOWCASE_ONLY
9004722,1997-02-25,gig_worker,109494.01,24,25389.53,7509.57,22528.7,219,0.2331,0.9552,0,0.7828,0.0,0.2734,0.0,0.2187,0.4818,0.6833,True,1,SYNTHETIC_SHOWCASE_ONLY
9004723,1997-09-22,small_merchant,144031.79,24,50918.88,18375.45,55126.34,87,0.5336,0.8278,1,0.7934,224352.74,0.8535,45015.32,0.6671,0.5807,0.5838,True,1,SYNTHETIC_SHOWCASE_ONLY
9004724,1993-04-05,gig_worker,9096.32,24,10549.85,3179.58,9538.73,52,0.5587,0.8237,1,0.8682,0.0,0.3662,0.0,0.1038,0.445,0.4367,True,0,SYNTHETIC_SHOWCASE_ONLY
9004725,1994-06-15,informal_worker,36724.42,12,31669.61,12626.94,37880.81,21,0.892,0.6481,2,0.8775,0.0,0.3714,0.0,0.3901,0.6915,0.0133,True,1,SYNTHETIC_SHOWCASE_ONLY
9004726,1995-05-23,gig_worker,48158.46,18,21364.35,4817.62,14452.85,208,0.8694,0.9248,0,0.8421,0.0,0.1866,0.0,0.0785,0.6393,0.0638,True,0,SYNTHETIC_SHOWCASE_ONLY
9004727,1993-06-29,gig_worker,74404.26,12,36848.77,14113.16,42339.48,70,0.8433,0.6928,1,0.6283,0.0,0.5499,0.0,0.3352,0.7975,0.0588,True,0,SYNTHETIC_SHOWCASE_ONLY
9004728,1997-06-07,small_merchant,51075.1,18,32602.8,11072.89,33218.68,235,0.7641,0.8767,0,0.7762,39126.58,0.9161,38593.39,0.7251,0.723,0.1404,True,0,SYNTHETIC_SHOWCASE_ONLY
9004729,1993-07-24,gig_worker,143412.29,18,33378.35,6411.05,19233.14,174,0.7297,0.7996,2,0.7606,0.0,0.1869,0.0,0.1106,0.657,0.3265,True,1,SYNTHETIC_SHOWCASE_ONLY
9004730,1996-04-29,first_time_borrower,12097.71,18,16842.62,5931.11,17793.34,73,0.8486,0.9507,0,0.7607,0.0,0.1553,0.0,0.2298,0.6358,0.1053,True,0,SYNTHETIC_SHOWCASE_ONLY
9004731,1997-08-05,small_merchant,115765.89,12,27244.71,8807.08,26421.25,122,0.8847,0.656,1,0.7888,92111.57,0.7384,28812.75,0.4795,0.8241,0.0,True,0,SYNTHETIC_SHOWCASE_ONLY
9004732,1996-06-05,gig_worker,119551.9,12,25680.3,9799.99,29399.96,256,0.7772,0.978,0,0.6917,0.0,0.4221,0.0,0.2992,0.4539,0.2471,True,0,SYNTHETIC_SHOWCASE_ONLY
9004733,1996-10-25,gig_worker,119773.71,12,35514.94,10669.12,32007.35,137,0.7107,0.7547,0,0.8321,0.0,0.0937,0.0,0.1133,0.8657,0.2516,True,0,SYNTHETIC_SHOWCASE_ONLY
9004734,1994-04-26,small_merchant,150880.41,12,45018.21,12279.79,36839.36,151,0.6598,0.741,1,0.8027,183509.84,0.7684,18974.1,0.5127,0.7688,0.3405,True,1,SYNTHETIC_SHOWCASE_ONLY
9004735,1997-02-19,informal_worker,37792.42,12,30097.22,11379.92,34139.77,63,0.6026,0.5651,1,0.9526,0.0,0.3722,0.0,0.2847,0.7383,0.3686,True,1,SYNTHETIC_SHOWCASE_ONLY
9004736,1995-02-04,informal_worker,47051.22,9,15174.89,3447.42,10342.25,241,0.723,0.87,0,0.5894,0.0,0.155,0.0,0.1116,0.7966,0.2603,True,1,SYNTHETIC_SHOWCASE_ONLY
9004737,1993-04-22,small_merchant,66361.27,36,29483.84,5770.04,17310.13,129,0.908,0.9776,0,0.7607,93416.98,0.7638,33420.95,0.5598,0.5837,0.1203,True,0,SYNTHETIC_SHOWCASE_ONLY
9004738,1994-11-01,informal_worker,157653.51,6,98054.27,22732.6,68197.8,57,0.8049,0.983,1,0.5632,0.0,0.0617,0.0,0.3369,0.5608,0.2643,True,0,SYNTHETIC_SHOWCASE_ONLY
9004739,1994-10-01,small_merchant,195382.92,24,61700.19,14308.38,42925.13,175,0.3518,0.9595,0,0.6158,129290.92,0.8192,10797.46,0.4834,0.4232,0.7443,True,1,SYNTHETIC_SHOWCASE_ONLY
9004740,1995-08-11,first_time_borrower,5000.0,12,7000.0,2324.04,6972.11,181,0.423,0.8014,1,0.5926,0.0,0.1782,0.0,0.5019,0.6331,0.5445,True,1,SYNTHETIC_SHOWCASE_ONLY
9004741,1994-04-29,small_merchant,52424.0,24,28864.41,7630.99,22892.98,62,0.9296,0.6351,0,0.4917,124568.26,0.9214,8533.83,0.9311,0.7695,0.0639,True,0,SYNTHETIC_SHOWCASE_ONLY
9004742,1995-04-25,gig_worker,152710.6,24,43799.48,11399.51,34198.52,181,0.8494,0.568,1,0.7355,0.0,0.5242,0.0,0.1642,0.6765,0.1578,True,0,SYNTHETIC_SHOWCASE_ONLY
9004743,1995-02-21,informal_worker,66755.49,36,25653.69,5467.83,16403.5,32,0.5653,0.8017,0,0.527,0.0,0.3988,0.0,0.1768,0.827,0.5003,True,1,SYNTHETIC_SHOWCASE_ONLY
9004744,1994-08-20,first_time_borrower,27858.33,24,22451.58,9037.58,27112.75,144,0.9252,0.8677,1,0.664,0.0,0.6073,0.0,0.2715,0.6604,0.0997,True,0,SYNTHETIC_SHOWCASE_ONLY
9004745,1996-06-25,small_merchant,14922.29,24,24632.38,4518.86,13556.57,14,0.5547,0.9304,2,0.8295,47047.38,0.633,13002.77,0.4106,0.5472,0.397,True,0,SYNTHETIC_SHOWCASE_ONLY
9004746,1994-07-12,first_time_borrower,65328.84,9,36497.93,7983.92,23951.75,41,0.4388,0.8828,1,0.5718,0.0,0.2405,0.0,0.0835,0.7986,0.562,True,1,SYNTHETIC_SHOWCASE_ONLY
9004747,1996-10-30,first_time_borrower,48658.39,18,16134.16,6721.16,20163.47,31,0.7784,0.8776,2,0.618,0.0,0.2207,0.0,0.2987,0.8942,0.31,True,1,SYNTHETIC_SHOWCASE_ONLY
9004748,1994-04-04,gig_worker,146241.32,12,49539.73,19761.7,59285.1,185,0.6968,0.9766,0,0.6155,0.0,0.2536,0.0,0.1546,0.4849,0.285,True,0,SYNTHETIC_SHOWCASE_ONLY
9004749,1997-04-29,informal_worker,32074.32,24,27257.48,8509.62,25528.87,121,0.8358,0.8828,0,0.4778,0.0,0.2213,0.0,0.3338,0.5838,0.1645,True,0,SYNTHETIC_SHOWCASE_ONLY
9004750,1994-10-29,informal_worker,58991.68,24,17874.82,6291.56,18874.69,125,0.5982,0.5849,3,0.862,0.0,0.0667,0.0,0.592,0.8889,0.412,True,1,SYNTHETIC_SHOWCASE_ONLY
9004751,1993-03-16,small_merchant,239938.71,12,48033.21,17070.26,51210.78,172,0.8245,0.9765,0,0.871,74379.89,0.894,33167.53,0.8496,0.4388,0.0738,True,0,SYNTHETIC_SHOWCASE_ONLY
9004752,1993-10-01,small_merchant,42323.81,18,13336.99,4391.4,13174.2,234,0.704,0.87,0,0.4283,53047.61,0.7427,8271.63,0.7279,0.717,0.317,True,1,SYNTHETIC_SHOWCASE_ONLY
9004753,1997-01-12,first_time_borrower,62667.18,12,21449.55,7010.59,21031.77,102,0.5785,0.4825,3,0.8269,0.0,0.4387,0.0,0.2512,0.6165,0.4259,True,1,SYNTHETIC_SHOWCASE_ONLY
9004754,1997-05-12,informal_worker,71068.72,18,21280.7,6155.51,18466.53,179,0.6511,0.9019,0,0.6971,0.0,0.0655,0.0,0.4253,0.8589,0.4509,True,0,SYNTHETIC_SHOWCASE_ONLY
9004755,1994-01-23,small_merchant,300000.0,18,78358.67,29680.73,89042.19,256,0.8746,0.7808,0,0.9828,107342.74,0.876,104287.8,0.6398,0.7277,0.161,True,1,SYNTHETIC_SHOWCASE_ONLY
9004756,1996-01-05,gig_worker,95980.56,18,20153.83,3747.95,11243.86,266,0.408,0.4431,0,0.79,0.0,0.4043,0.0,0.5337,0.888,0.4889,True,1,SYNTHETIC_SHOWCASE_ONLY
9004757,1995-11-15,small_merchant,7768.38,24,9952.47,2548.3,7644.91,211,0.274,0.6714,2,0.9662,30092.86,0.9439,3363.91,0.7869,0.4471,0.8352,True,1,SYNTHETIC_SHOWCASE_ONLY
9004758,1993-09-02,first_time_borrower,31807.84,12,21177.37,5837.24,17511.71,215,0.5568,0.9955,0,0.9306,0.0,0.231,0.0,0.4451,0.5013,0.4794,True,0,SYNTHETIC_SHOWCASE_ONLY
9004759,1995-04-06,informal_worker,38654.13,24,34843.57,8892.83,26678.48,74,0.5433,0.9288,2,0.7149,0.0,0.1309,0.0,0.0996,0.4579,0.3077,True,1,SYNTHETIC_SHOWCASE_ONLY
9004760,1996-06-20,gig_worker,163113.87,24,40795.23,11214.01,33642.02,28,0.9014,0.7914,0,0.6134,0.0,0.5416,0.0,0.3668,0.5126,0.0934,True,0,SYNTHETIC_SHOWCASE_ONLY
9004761,1997-11-01,first_time_borrower,66846.27,12,83508.09,27267.29,81801.88,12,0.4013,0.801,0,0.9008,0.0,0.2743,0.0,0.1778,0.9207,0.544,True,1,SYNTHETIC_SHOWCASE_ONLY
9004762,1997-03-28,first_time_borrower,251483.46,12,55010.02,15101.7,45305.09,182,0.6436,0.5414,0,0.8332,0.0,0.3567,0.0,0.1833,0.8113,0.2756,True,1,SYNTHETIC_SHOWCASE_ONLY
9004763,1993-06-28,small_merchant,21157.33,6,30643.1,10139.65,30418.95,124,0.8881,0.5902,0,0.7475,115513.58,0.912,30223.67,0.3843,0.7203,0.1672,True,0,SYNTHETIC_SHOWCASE_ONLY
9004764,1994-03-10,gig_worker,59344.0,18,18252.92,4015.53,12046.59,238,0.8673,0.5652,3,0.8038,0.0,0.3082,0.0,0.2564,0.5437,0.0627,True,1,SYNTHETIC_SHOWCASE_ONLY
9004765,1995-03-09,small_merchant,110660.2,24,61052.72,14085.27,42255.8,60,0.7237,0.6245,1,0.7954,179141.6,0.9937,15473.38,0.622,0.8609,0.2307,True,0,SYNTHETIC_SHOWCASE_ONLY
9004766,1993-10-02,gig_worker,62649.27,9,23459.93,7111.85,21335.56,126,0.709,0.9136,0,0.4228,0.0,0.7235,0.0,0.3598,0.7965,0.3495,True,1,SYNTHETIC_SHOWCASE_ONLY
9004767,1995-11-09,small_merchant,51942.84,9,20415.39,7557.15,22671.44,255,0.5836,0.8389,0,0.5832,34254.72,0.74,17391.97,0.5781,0.3051,0.4054,True,1,SYNTHETIC_SHOWCASE_ONLY
9004768,1993-01-16,informal_worker,89276.32,12,22919.98,7919.78,23759.35,102,0.8964,0.7636,0,0.6602,0.0,0.1731,0.0,0.2265,0.7372,0.0519,True,1,SYNTHETIC_SHOWCASE_ONLY
9004769,1993-07-27,first_time_borrower,42752.81,12,15349.86,6096.95,18290.84,48,0.8041,0.8949,0,0.7882,0.0,0.1563,0.0,0.1018,0.6074,0.1483,True,0,SYNTHETIC_SHOWCASE_ONLY
9004770,1993-03-28,small_merchant,54951.89,12,22398.52,5464.71,16394.12,207,0.7554,0.8437,0,0.8572,87023.89,0.9154,30632.6,0.6602,0.8024,0.2604,True,0,SYNTHETIC_SHOWCASE_ONLY
9004771,1994-06-24,first_time_borrower,95467.54,18,25035.94,6579.73,19739.18,182,0.8839,0.556,3,0.9375,0.0,0.3648,0.0,0.1824,0.8372,0.1533,True,1,SYNTHETIC_SHOWCASE_ONLY
9004772,1996-10-23,first_time_borrower,185831.2,12,39762.32,14549.24,43647.72,16,0.8416,0.4909,3,0.5343,0.0,0.0617,0.0,0.3276,0.7037,0.124,True,1,SYNTHETIC_SHOWCASE_ONLY
9004773,1993-11-20,gig_worker,95131.82,24,23241.1,8791.1,26373.29,57,0.5746,0.7567,1,0.6982,0.0,0.2593,0.0,0.1951,0.7779,0.4067,True,1,SYNTHETIC_SHOWCASE_ONLY
9004774,1997-12-08,gig_worker,58539.47,12,15238.48,4852.31,14556.94,24,0.987,0.903,2,0.9285,0.0,0.5274,0.0,0.3067,0.6489,0.0377,True,0,SYNTHETIC_SHOWCASE_ONLY
9004775,1994-05-08,informal_worker,35606.59,18,12966.82,2911.53,8734.59,71,0.6378,0.8663,0,0.491,0.0,0.1962,0.0,0.5304,0.7662,0.3911,True,0,SYNTHETIC_SHOWCASE_ONLY
9004776,1993-03-23,informal_worker,141221.39,12,30963.16,12413.28,37239.84,267,0.7271,0.9269,1,0.791,0.0,0.097,0.0,0.1381,0.3921,0.1426,True,0,SYNTHETIC_SHOWCASE_ONLY
9004777,1994-09-05,small_merchant,79435.25,12,28993.3,11622.96,34868.89,271,0.7138,0.7371,0,0.8314,82858.18,0.9113,19469.26,0.7265,0.6023,0.3417,True,0,SYNTHETIC_SHOWCASE_ONLY
9004778,1996-09-27,informal_worker,100711.63,12,21458.79,6216.27,18648.82,211,0.8695,0.8549,2,0.5775,0.0,0.1445,0.0,0.1586,0.6044,0.181,True,1,SYNTHETIC_SHOWCASE_ONLY
9004779,1993-07-14,informal_worker,92461.71,24,22372.34,4399.64,13198.93,20,0.5872,0.8984,0,0.6619,0.0,0.3155,0.0,0.304,0.5634,0.3024,True,0,SYNTHETIC_SHOWCASE_ONLY
9004780,1993-05-12,informal_worker,42550.79,36,33739.8,8657.86,25973.58,76,0.9239,0.9576,0,0.5186,0.0,0.1957,0.0,0.3073,0.7223,0.0837,True,0,SYNTHETIC_SHOWCASE_ONLY
9004781,1997-03-31,informal_worker,44033.23,6,54579.96,22666.8,68000.39,181,0.3755,0.8665,0,0.7674,0.0,0.3763,0.0,0.7568,0.9011,0.6798,True,1,SYNTHETIC_SHOWCASE_ONLY
9004782,1995-12-18,gig_worker,74317.13,18,19254.31,5016.32,15048.95,221,0.7718,0.9567,0,0.7057,0.0,0.278,0.0,0.2153,0.9052,0.145,True,0,SYNTHETIC_SHOWCASE_ONLY
9004783,1994-09-19,gig_worker,105711.56,18,29220.71,5669.11,17007.34,278,0.8275,0.8736,1,0.306,0.0,0.3079,0.0,0.1471,0.5444,0.2303,True,0,SYNTHETIC_SHOWCASE_ONLY
9004784,1996-10-12,gig_worker,144110.5,9,44352.73,18191.54,54574.62,159,0.83,0.6494,1,0.7926,0.0,0.5408,0.0,0.3489,0.2629,0.1971,True,1,SYNTHETIC_SHOWCASE_ONLY
9004785,1997-03-22,first_time_borrower,94441.11,24,19291.6,6297.62,18892.86,46,0.7015,0.7662,1,0.557,0.0,0.5424,0.0,0.1376,0.9511,0.2604,True,1,SYNTHETIC_SHOWCASE_ONLY
9004786,1994-10-18,first_time_borrower,83365.77,12,27790.69,10409.68,31229.04,129,0.731,0.991,0,0.6886,0.0,0.4624,0.0,0.1743,0.7114,0.3163,True,0,SYNTHETIC_SHOWCASE_ONLY
9004787,1995-10-22,informal_worker,58583.03,24,27493.97,8859.01,26577.03,243,0.675,0.9422,0,0.889,0.0,0.1258,0.0,0.5047,0.6131,0.3626,True,0,SYNTHETIC_SHOWCASE_ONLY
9004788,1993-01-20,gig_worker,46044.57,18,14921.2,4561.32,13683.96,67,0.8331,0.8858,0,0.8457,0.0,0.1461,0.0,0.4503,0.4512,0.0342,True,0,SYNTHETIC_SHOWCASE_ONLY
9004789,1994-07-13,small_merchant,22010.43,9,30358.72,8178.13,24534.39,191,0.8522,0.8271,1,0.9896,73813.67,0.9503,7242.72,0.7439,0.729,0.1012,True,0,SYNTHETIC_SHOWCASE_ONLY
9004790,1995-12-23,gig_worker,89510.46,24,28427.19,7379.84,22139.53,57,0.7999,0.8047,0,0.645,0.0,0.0929,0.0,0.3518,0.6813,0.2044,True,1,SYNTHETIC_SHOWCASE_ONLY
9004791,1993-12-26,small_merchant,167052.77,9,36548.68,11208.62,33625.85,108,0.6975,0.862,0,0.7643,61988.54,0.7875,5030.4,0.4134,0.632,0.3743,True,1,SYNTHETIC_SHOWCASE_ONLY
9004792,1997-12-16,gig_worker,9805.4,24,15839.38,6077.56,18232.67,76,0.6041,0.9184,0,0.9438,0.0,0.2412,0.0,0.0904,0.8891,0.4513,True,0,SYNTHETIC_SHOWCASE_ONLY
9004793,1997-11-09,first_time_borrower,121521.62,24,28134.32,8769.34,26308.03,59,0.6287,0.9417,1,0.816,0.0,0.4295,0.0,0.2456,0.8329,0.4194,True,0,SYNTHETIC_SHOWCASE_ONLY
9004794,1994-04-16,gig_worker,224381.54,18,54349.58,12351.23,37053.68,50,0.9272,0.8663,0,0.9145,0.0,0.3558,0.0,0.5185,0.8211,0.1604,True,0,SYNTHETIC_SHOWCASE_ONLY
9004795,1994-12-25,informal_worker,80973.21,12,75899.07,20785.61,62356.84,167,0.8805,0.6347,1,0.8483,0.0,0.3666,0.0,0.2976,0.6584,0.1635,True,1,SYNTHETIC_SHOWCASE_ONLY
9004796,1993-12-13,first_time_borrower,223927.52,12,51762.53,13453.94,40361.81,65,0.9612,0.631,3,0.5854,0.0,0.3972,0.0,0.3266,0.9008,0.0,True,1,SYNTHETIC_SHOWCASE_ONLY
9004797,1995-07-10,informal_worker,63013.75,18,15914.17,5538.26,16614.77,158,0.8845,0.8794,1,0.9285,0.0,0.1889,0.0,0.4144,0.7999,0.0007,True,0,SYNTHETIC_SHOWCASE_ONLY
9004798,1993-08-15,gig_worker,95981.88,18,34768.43,8115.98,24347.93,169,0.6462,0.9322,0,0.7877,0.0,0.4363,0.0,0.4253,0.6182,0.2454,True,0,SYNTHETIC_SHOWCASE_ONLY
9004799,1994-12-15,first_time_borrower,37280.02,18,22204.48,4435.54,13306.62,79,0.7533,0.7731,1,0.6282,0.0,0.2478,0.0,0.1033,0.4877,0.2034,True,1,SYNTHETIC_SHOWCASE_ONLY
9004800,1995-10-11,informal_worker,59928.57,12,32087.83,9448.45,28345.35,69,0.7118,0.9217,0,0.986,0.0,0.2086,0.0,0.3551,0.7324,0.3474,True,0,SYNTHETIC_SHOWCASE_ONLY
9004801,1996-01-23,small_merchant,63665.71,24,19327.72,5481.33,16444.0,200,0.7921,0.9637,0,0.947,86756.32,0.6509,25037.51,0.4212,0.7427,0.2086,True,0,SYNTHETIC_SHOWCASE_ONLY
9004802,1995-12-26,informal_worker,20712.83,24,12301.7,3039.38,9118.15,256,0.6137,0.8192,0,0.3342,0.0,0.3458,0.0,0.1573,0.7951,0.4689,True,1,SYNTHETIC_SHOWCASE_ONLY
9004803,1994-02-09,first_time_borrower,48213.67,24,23732.28,7724.57,23173.72,141,0.9787,0.7313,1,0.6203,0.0,0.1436,0.0,0.5708,0.7638,0.0,True,0,SYNTHETIC_SHOWCASE_ONLY
9004804,1996-12-17,small_merchant,185991.07,12,39608.9,8601.0,25803.01,120,0.9097,0.7401,0,0.943,122802.1,0.8948,25507.51,0.4729,0.7775,0.0654,True,0,SYNTHETIC_SHOWCASE_ONLY
9004805,1996-06-17,small_merchant,122464.74,12,32151.03,12758.09,38274.26,241,0.8564,0.7844,1,0.8435,138296.11,0.8156,26019.57,0.5819,0.6309,0.2306,True,1,SYNTHETIC_SHOWCASE_ONLY
9004806,1996-10-07,small_merchant,130420.0,12,33974.81,14091.14,42273.43,224,0.732,0.9408,0,0.9281,135883.82,0.8271,22128.81,0.8629,0.5891,0.2879,True,0,SYNTHETIC_SHOWCASE_ONLY
9004807,1995-05-05,gig_worker,149297.78,24,31064.1,6280.41,18841.23,251,0.6175,0.8125,1,0.9906,0.0,0.374,0.0,0.2047,0.399,0.4196,True,1,SYNTHETIC_SHOWCASE_ONLY
9004808,1997-06-18,informal_worker,21267.15,24,34000.58,6468.13,19404.39,23,0.8212,0.9584,0,0.5103,0.0,0.5581,0.0,0.3476,0.7761,0.1858,True,0,SYNTHETIC_SHOWCASE_ONLY
9004809,1994-12-13,gig_worker,60498.81,24,36102.79,14190.42,42571.26,170,0.8396,0.9462,1,0.6684,0.0,0.1693,0.0,0.6028,0.6711,0.1669,True,0,SYNTHETIC_SHOWCASE_ONLY
9004810,1997-01-11,small_merchant,85773.94,12,24541.3,5995.46,17986.38,99,0.6068,0.9052,1,0.8851,88364.38,0.8158,14525.75,0.6567,0.9094,0.2308,True,1,SYNTHETIC_SHOWCASE_ONLY
9004811,1994-01-07,small_merchant,73668.6,24,29136.51,9204.9,27614.71,108,0.6053,0.7507,3,0.5991,112737.65,0.8641,32693.0,0.3453,0.6854,0.3439,True,0,SYNTHETIC_SHOWCASE_ONLY
9004812,1994-03-28,gig_worker,70877.11,24,64648.73,14660.16,43980.47,95,0.731,0.9476,0,0.4726,0.0,0.1816,0.0,0.1226,0.4855,0.3317,True,0,SYNTHETIC_SHOWCASE_ONLY
9004813,1995-08-20,small_merchant,121023.81,9,29975.47,11436.32,34308.96,256,0.7495,0.6272,2,0.734,100439.66,0.967,21065.71,0.4038,0.7285,0.2443,True,1,SYNTHETIC_SHOWCASE_ONLY
9004814,1995-10-13,informal_worker,23065.8,6,28577.94,8591.1,25773.31,186,0.7335,0.9504,0,0.3249,0.0,0.1573,0.0,0.2433,0.8086,0.3018,True,0,SYNTHETIC_SHOWCASE_ONLY
9004815,1996-09-24,small_merchant,88044.9,9,29417.48,6125.2,18375.61,265,0.7387,0.895,0,0.6764,107686.26,0.827,18550.42,0.8111,0.4819,0.1975,True,0,SYNTHETIC_SHOWCASE_ONLY
9004816,1994-06-28,gig_worker,77545.3,18,25219.27,5971.05,17913.14,66,0.6276,0.8768,1,0.4494,0.0,0.1122,0.0,0.4622,0.6607,0.3712,True,1,SYNTHETIC_SHOWCASE_ONLY
9004817,1997-05-13,first_time_borrower,77206.86,12,22719.73,8202.02,24606.07,153,0.5172,0.9693,0,0.8661,0.0,0.3884,0.0,0.1683,0.4518,0.4919,True,1,SYNTHETIC_SHOWCASE_ONLY
9004818,1994-08-26,first_time_borrower,61551.82,12,30949.91,12859.27,38577.8,131,0.5173,0.9019,0,0.9793,0.0,0.6044,0.0,0.1265,0.4137,0.5208,True,0,SYNTHETIC_SHOWCASE_ONLY
9004819,1995-09-03,small_merchant,15460.11,18,21965.24,8911.86,26735.58,74,0.6558,0.8199,2,0.7678,58292.79,0.8616,27760.24,0.2376,0.7072,0.309,True,0,SYNTHETIC_SHOWCASE_ONLY
9004820,1997-08-29,small_merchant,117800.55,24,26111.02,10709.06,32127.19,35,0.7522,0.8845,1,0.9679,39064.84,0.9605,13910.54,0.5888,0.4203,0.2942,True,0,SYNTHETIC_SHOWCASE_ONLY
9004821,1995-09-12,gig_worker,89825.63,24,19158.71,4793.27,14379.82,123,0.8614,0.6393,0,0.8759,0.0,0.1421,0.0,0.0529,0.7268,0.1879,True,0,SYNTHETIC_SHOWCASE_ONLY
9004822,1996-05-30,gig_worker,80234.85,24,29489.97,7475.2,22425.6,60,0.7162,0.6251,3,0.9331,0.0,0.2154,0.0,0.3156,0.8812,0.0923,True,0,SYNTHETIC_SHOWCASE_ONLY
9004823,1997-07-18,small_merchant,25603.74,24,37062.96,7454.51,22363.52,129,0.9114,0.9269,0,0.9164,64866.31,0.6941,13132.34,0.5782,0.8557,0.2267,True,0,SYNTHETIC_SHOWCASE_ONLY
9004824,1997-11-15,first_time_borrower,79817.11,18,25291.93,6981.57,20944.72,151,0.9201,0.7648,0,0.8306,0.0,0.5613,0.0,0.0315,0.6143,0.1995,True,0,SYNTHETIC_SHOWCASE_ONLY
9004825,1995-07-01,informal_worker,21250.14,24,10677.97,2131.19,6393.56,67,0.8882,0.718,3,0.8235,0.0,0.7949,0.0,0.1011,0.3818,0.129,True,1,SYNTHETIC_SHOWCASE_ONLY
9004826,1995-02-01,small_merchant,52151.37,12,37173.01,10264.29,30792.87,13,0.2746,0.9341,0,0.8025,62618.21,0.7423,8644.8,0.578,0.8813,0.6751,True,1,SYNTHETIC_SHOWCASE_ONLY
9004827,1993-12-26,first_time_borrower,39848.72,24,29662.77,10154.32,30462.97,88,0.8898,0.9226,0,0.7495,0.0,0.3659,0.0,0.3929,0.6912,0.1792,True,0,SYNTHETIC_SHOWCASE_ONLY
9004828,1995-09-09,small_merchant,24139.24,24,17382.32,6880.45,20641.35,136,0.7446,0.628,0,0.8408,70906.14,0.799,20142.63,0.7185,0.6497,0.3224,True,0,SYNTHETIC_SHOWCASE_ONLY
9004829,1997-08-04,gig_worker,83428.57,24,40584.01,7581.42,22744.26,67,0.8612,0.9602,0,0.5546,0.0,0.0565,0.0,0.2702,0.7781,0.1788,True,0,SYNTHETIC_SHOWCASE_ONLY
9004830,1995-06-09,small_merchant,26255.02,12,14310.03,5584.23,16752.69,192,0.5469,0.6062,0,0.7896,57349.43,0.7755,509.06,0.5587,0.8119,0.5024,True,1,SYNTHETIC_SHOWCASE_ONLY
9004831,1994-09-29,gig_worker,197950.32,12,46247.17,10997.82,32993.45,94,0.9441,0.6202,1,0.669,0.0,0.1995,0.0,0.4572,0.2726,0.1363,True,1,SYNTHETIC_SHOWCASE_ONLY
9004832,1993-07-15,first_time_borrower,75709.08,12,27239.51,6694.21,20082.62,208,0.4177,0.9064,0,0.5642,0.0,0.3049,0.0,0.2476,0.9614,0.6232,True,1,SYNTHETIC_SHOWCASE_ONLY
9004833,1994-12-13,small_merchant,23384.48,9,9422.96,2516.4,7549.2,274,0.8733,0.6103,1,0.6217,17457.34,0.871,13847.21,0.7903,0.5174,0.1935,True,1,SYNTHETIC_SHOWCASE_ONLY
9004834,1994-03-09,informal_worker,37873.74,6,30502.32,11292.38,33877.13,235,0.5418,0.5328,4,0.7436,0.0,0.3728,0.0,0.0531,0.7486,0.5414,True,1,SYNTHETIC_SHOWCASE_ONLY
9004835,1997-11-19,small_merchant,102618.34,12,23040.01,7507.75,22523.24,276,0.6834,0.9162,0,0.8847,51527.03,0.9283,34236.97,0.7439,0.6825,0.3123,True,1,SYNTHETIC_SHOWCASE_ONLY
9004836,1995-08-22,first_time_borrower,18029.55,6,21432.68,7517.85,22553.54,259,0.7578,0.8289,0,0.76,0.0,0.067,0.0,0.1592,0.4536,0.2424,True,0,SYNTHETIC_SHOWCASE_ONLY
9004837,1993-09-08,informal_worker,32500.49,24,19650.37,8103.13,24309.38,126,0.849,0.8934,0,0.712,0.0,0.2413,0.0,0.2956,0.6332,0.1385,True,0,SYNTHETIC_SHOWCASE_ONLY
9004838,1993-05-04,small_merchant,87834.74,18,26341.38,5863.97,17591.92,83,0.7346,0.5106,1,0.9366,64803.79,0.8293,12077.5,0.8248,0.3743,0.1625,True,0,SYNTHETIC_SHOWCASE_ONLY
9004839,1997-04-03,gig_worker,81858.14,24,22182.73,8395.68,25187.03,279,0.7395,0.851,0,0.3332,0.0,0.2232,0.0,0.0976,0.6978,0.2976,True,1,SYNTHETIC_SHOWCASE_ONLY
9004840,1997-08-28,first_time_borrower,47374.34,12,11484.44,2620.03,7860.09,167,0.923,0.6508,2,0.7732,0.0,0.3414,0.0,0.1802,0.5047,0.1316,True,0,SYNTHETIC_SHOWCASE_ONLY
9004841,1996-10-25,small_merchant,124022.64,12,51562.63,17919.29,53757.88,118,0.8168,0.9322,0,0.857,113361.76,0.9641,51534.57,0.6715,0.4733,0.119,True,0,SYNTHETIC_SHOWCASE_ONLY
9004842,1993-08-15,gig_worker,52931.23,12,24901.12,5427.61,16282.82,206,0.4651,0.7779,0,0.6737,0.0,0.318,0.0,0.034,0.9509,0.5301,True,1,SYNTHETIC_SHOWCASE_ONLY
9004843,1993-06-29,first_time_borrower,36841.12,24,19705.06,4972.81,14918.44,50,0.6979,0.6795,1,0.7023,0.0,0.3256,0.0,0.4429,0.8063,0.2295,True,0,SYNTHETIC_SHOWCASE_ONLY
9004844,1993-12-28,gig_worker,50493.24,9,16290.16,3933.25,11799.75,122,0.7891,0.8281,0,0.4981,0.0,0.5128,0.0,0.2045,0.7313,0.2582,True,0,SYNTHETIC_SHOWCASE_ONLY
9004845,1996-10-03,small_merchant,86500.7,24,40534.6,8132.06,24396.18,201,0.7867,0.4323,4,0.699,51652.51,0.9328,12513.52,0.7778,0.7255,0.1901,True,1,SYNTHETIC_SHOWCASE_ONLY
9004846,1996-10-29,small_merchant,30682.03,12,15013.61,5289.85,15869.56,220,0.9167,0.6513,0,0.7416,42595.31,0.8629,17024.23,0.7704,0.5935,0.0,True,0,SYNTHETIC_SHOWCASE_ONLY
9004847,1997-03-10,small_merchant,20135.16,12,29859.96,8161.8,24485.4,232,0.7898,0.8765,0,0.6734,105241.86,0.8753,7509.29,0.3938,0.3805,0.2548,True,0,SYNTHETIC_SHOWCASE_ONLY
9004848,1993-06-27,small_merchant,100981.99,6,21158.74,4953.44,14860.31,188,0.594,0.4945,1,0.483,64419.43,0.9145,8958.08,0.6839,0.7631,0.3737,True,1,SYNTHETIC_SHOWCASE_ONLY
9004849,1993-10-07,gig_worker,18856.21,12,21758.47,8514.29,25542.88,210,0.5847,0.8448,1,0.8756,0.0,0.2757,0.0,0.1701,0.9045,0.3799,True,0,SYNTHETIC_SHOWCASE_ONLY
9004850,1997-07-02,gig_worker,29539.73,9,16485.74,3545.51,10636.52,143,0.4588,0.7158,2,0.5866,0.0,0.2657,0.0,0.5082,0.7372,0.5396,True,1,SYNTHETIC_SHOWCASE_ONLY
9004851,1997-08-23,gig_worker,96759.76,24,20789.57,8131.63,24394.88,101,0.837,0.7794,0,0.9509,0.0,0.1936,0.0,0.2686,0.2818,0.2327,True,0,SYNTHETIC_SHOWCASE_ONLY
9004852,1996-08-18,gig_worker,107850.13,9,28118.69,8199.4,24598.2,46,0.7702,0.7742,1,0.9389,0.0,0.2944,0.0,0.4221,0.6262,0.1848,True,1,SYNTHETIC_SHOWCASE_ONLY
9004853,1993-07-13,first_time_borrower,98552.7,12,31348.12,10019.1,30057.3,125,0.6476,0.9175,0,0.5559,0.0,0.1744,0.0,0.0695,0.8323,0.3898,True,1,SYNTHETIC_SHOWCASE_ONLY
9004854,1993-05-06,small_merchant,67359.69,6,19204.03,7154.24,21462.73,158,0.7402,0.8029,0,0.6868,60645.88,0.5807,1019.61,0.8684,0.6023,0.0851,True,0,SYNTHETIC_SHOWCASE_ONLY
9004855,1993-04-12,small_merchant,27529.56,36,26804.13,8958.61,26875.82,265,0.3437,0.9979,0,0.7913,40299.91,0.8246,35538.87,0.9072,0.752,0.7484,True,1,SYNTHETIC_SHOWCASE_ONLY
9004856,1996-06-17,small_merchant,178342.96,18,42891.03,11367.13,34101.38,256,0.3589,0.8388,1,0.6759,127099.92,0.8508,61578.59,0.6322,0.7325,0.6509,True,1,SYNTHETIC_SHOWCASE_ONLY
9004857,1997-03-25,informal_worker,21435.48,18,12605.62,3358.75,10076.26,42,0.8577,0.5346,2,0.8851,0.0,0.5613,0.0,0.1658,0.6733,0.1381,True,0,SYNTHETIC_SHOWCASE_ONLY
9004858,1996-02-28,gig_worker,134201.13,18,27915.87,11612.83,34838.5,33,0.9922,0.8225,1,0.9174,0.0,0.165,0.0,0.3692,0.7198,0.0,True,0,SYNTHETIC_SHOWCASE_ONLY
9004859,1994-04-24,gig_worker,28704.36,24,17740.11,5095.26,15285.79,199,0.6834,0.7671,0,0.7577,0.0,0.2678,0.0,0.2386,0.3233,0.2278,True,0,SYNTHETIC_SHOWCASE_ONLY
9004860,1996-10-14,informal_worker,56619.59,9,16893.28,4418.04,13254.11,58,0.6778,0.8613,0,0.575,0.0,0.049,0.0,0.0331,0.7468,0.3032,True,0,SYNTHETIC_SHOWCASE_ONLY
9004861,1993-04-18,small_merchant,95193.49,24,31737.22,10292.33,30877.0,64,0.9211,0.9142,0,0.718,82001.06,0.8841,44085.89,0.6078,0.6789,0.1793,True,0,SYNTHETIC_SHOWCASE_ONLY
9004862,1997-02-21,informal_worker,26501.9,24,21552.33,8578.46,25735.38,237,0.6593,0.6821,1,0.7173,0.0,0.4341,0.0,0.2473,0.8023,0.2993,True,0,SYNTHETIC_SHOWCASE_ONLY
9004863,1997-06-17,first_time_borrower,34301.08,6,15613.55,5331.1,15993.3,188,0.584,0.9494,0,0.5826,0.0,0.3687,0.0,0.0475,0.443,0.397,True,0,SYNTHETIC_SHOWCASE_ONLY
9004864,1996-08-04,first_time_borrower,213477.77,9,52871.29,10209.74,30629.21,159,0.862,0.6817,2,0.6895,0.0,0.0991,0.0,0.1053,0.6901,0.108,True,1,SYNTHETIC_SHOWCASE_ONLY
9004865,1997-05-25,gig_worker,66861.97,18,43547.29,10360.31,31080.94,235,0.798,0.8841,0,0.3356,0.0,0.4998,0.0,0.2276,0.5841,0.1633,True,0,SYNTHETIC_SHOWCASE_ONLY
9004866,1995-12-07,gig_worker,53565.43,9,11075.08,3031.13,9093.4,154,0.7672,0.7871,0,0.8185,0.0,0.7393,0.0,0.428,0.7669,0.1577,True,1,SYNTHETIC_SHOWCASE_ONLY
9004867,1995-05-06,gig_worker,26216.8,12,13797.38,3827.38,11482.13,262,0.7978,0.6842,2,0.9527,0.0,0.1892,0.0,0.2388,0.7574,0.146,True,0,SYNTHETIC_SHOWCASE_ONLY
9004868,1994-08-12,informal_worker,124996.16,12,37228.1,11260.19,33780.56,189,0.7528,0.8863,1,0.723,0.0,0.1502,0.0,0.1564,0.7955,0.1815,True,0,SYNTHETIC_SHOWCASE_ONLY
9004869,1997-08-11,first_time_borrower,81153.11,9,24421.53,6443.47,19330.41,28,0.6949,0.6083,1,0.893,0.0,0.019,0.0,0.4373,0.8398,0.4348,True,1,SYNTHETIC_SHOWCASE_ONLY
9004870,1996-06-27,first_time_borrower,153713.75,24,57540.0,13003.86,39011.59,257,0.6425,0.6963,3,0.8404,0.0,0.5329,0.0,0.2174,0.6872,0.317,True,1,SYNTHETIC_SHOWCASE_ONLY
9004871,1993-12-14,gig_worker,131119.38,18,37639.2,14207.41,42622.24,39,0.4912,0.8636,1,0.7096,0.0,0.2268,0.0,0.328,0.7843,0.3794,True,0,SYNTHETIC_SHOWCASE_ONLY
9004872,1997-10-14,first_time_borrower,125167.35,18,32328.46,6684.09,20052.26,66,0.613,0.6999,0,0.7647,0.0,0.0942,0.0,0.0219,0.1926,0.3566,True,1,SYNTHETIC_SHOWCASE_ONLY
9004873,1993-04-19,small_merchant,56983.56,12,17145.07,6378.42,19135.26,260,0.7537,0.8796,0,0.8638,71719.62,0.6072,1801.81,0.5948,0.5316,0.2757,True,0,SYNTHETIC_SHOWCASE_ONLY
9004874,1995-12-09,first_time_borrower,108614.98,12,35449.03,9787.98,29363.94,208,0.7533,0.9468,0,0.7551,0.0,0.1939,0.0,0.2453,0.9023,0.3527,True,0,SYNTHETIC_SHOWCASE_ONLY
9004875,1993-12-14,small_merchant,49618.86,18,15177.86,3389.3,10167.91,196,0.882,0.8619,1,0.6226,21579.29,0.8386,10592.95,0.6586,0.7924,0.0487,True,1,SYNTHETIC_SHOWCASE_ONLY
9004876,1996-04-28,gig_worker,124092.03,24,52390.32,15363.15,46089.46,211,0.9484,0.7881,0,0.7278,0.0,0.461,0.0,0.6757,0.6177,0.066,True,0,SYNTHETIC_SHOWCASE_ONLY
9004877,1995-01-24,gig_worker,31266.35,12,34289.22,11271.53,33814.6,219,0.7599,0.926,0,0.9404,0.0,0.2421,0.0,0.4755,0.8661,0.2872,True,0,SYNTHETIC_SHOWCASE_ONLY
9004878,1995-03-10,first_time_borrower,24549.81,18,18845.72,3551.09,10653.28,261,0.5563,0.8547,0,0.6452,0.0,0.7146,0.0,0.2628,0.7841,0.4834,True,1,SYNTHETIC_SHOWCASE_ONLY
9004879,1996-05-11,small_merchant,134704.85,24,41200.47,13049.17,39147.52,182,0.4751,0.868,1,0.9045,118498.97,0.7006,29263.42,0.7778,0.4186,0.4239,True,0,SYNTHETIC_SHOWCASE_ONLY
9004880,1996-10-12,small_merchant,300000.0,18,82116.29,21462.4,64387.19,220,0.6233,0.4896,5,0.8622,242717.29,0.5879,87120.18,0.58,0.8313,0.4644,True,1,SYNTHETIC_SHOWCASE_ONLY
9004881,1994-11-25,small_merchant,17990.37,12,25222.8,8401.62,25204.86,57,0.7551,0.9338,0,0.8766,35750.74,0.9252,25510.69,0.4775,0.5682,0.181,True,0,SYNTHETIC_SHOWCASE_ONLY
9004882,1997-12-27,small_merchant,109172.72,9,36466.82,14566.13,43698.4,177,0.7046,0.642,2,0.8354,104339.72,0.7343,33605.15,0.2219,0.6975,0.3567,True,1,SYNTHETIC_SHOWCASE_ONLY
9004883,1995-06-30,first_time_borrower,38895.4,18,22758.22,4367.97,13103.91,109,0.4775,0.8805,0,0.626,0.0,0.4982,0.0,0.2772,0.7664,0.6411,True,0,SYNTHETIC_SHOWCASE_ONLY
9004884,1993-10-20,gig_worker,89603.13,24,29170.96,6078.22,18234.66,163,0.7812,0.8191,3,0.9761,0.0,0.2031,0.0,0.1949,0.5718,0.1787,True,1,SYNTHETIC_SHOWCASE_ONLY
9004885,1993-01-12,gig_worker,52948.61,24,13581.82,2830.15,8490.46,152,0.7529,0.8107,0,0.574,0.0,0.3583,0.0,0.1511,0.6188,0.3347,True,0,SYNTHETIC_SHOWCASE_ONLY
9004886,1994-01-05,informal_worker,107380.53,24,27992.88,11213.89,33641.68,232,0.9292,0.7701,0,0.5251,0.0,0.4411,0.0,0.3183,0.8307,0.1002,True,0,SYNTHETIC_SHOWCASE_ONLY
9004887,1996-06-15,small_merchant,108348.74,6,28591.85,7215.79,21647.38,90,0.772,0.9012,1,0.7757,54079.37,0.8977,28902.69,0.3594,0.9611,0.1791,True,1,SYNTHETIC_SHOWCASE_ONLY
9004888,1995-09-13,gig_worker,267417.34,24,66401.75,18733.23,56199.7,258,0.4554,0.846,1,0.5919,0.0,0.2097,0.0,0.0488,0.7594,0.3804,True,1,SYNTHETIC_SHOWCASE_ONLY
9004889,1994-09-09,gig_worker,10877.14,18,11829.58,2531.38,7594.15,243,0.7643,0.8392,0,0.745,0.0,0.2118,0.0,0.0483,0.9502,0.2731,True,0,SYNTHETIC_SHOWCASE_ONLY
9004890,1995-05-29,gig_worker,69542.54,36,24468.35,8163.04,24489.13,68,0.9272,0.774,0,0.6788,0.0,0.2749,0.0,0.2562,0.7359,0.0234,True,0,SYNTHETIC_SHOWCASE_ONLY
9004891,1997-03-11,gig_worker,91027.26,24,51961.38,20648.91,61946.72,63,0.9218,0.8605,0,0.2701,0.0,0.154,0.0,0.2663,0.4114,0.065,True,0,SYNTHETIC_SHOWCASE_ONLY
9004892,1995-11-10,gig_worker,116023.56,12,24932.05,7343.1,22029.31,75,0.6187,0.7697,0,0.5384,0.0,0.2177,0.0,0.4205,0.5975,0.3845,True,0,SYNTHETIC_SHOWCASE_ONLY
9004893,1993-04-17,gig_worker,104309.26,18,25789.32,7242.49,21727.46,276,0.8583,0.8554,0,0.5354,0.0,0.221,0.0,0.294,0.8815,0.1396,True,0,SYNTHETIC_SHOWCASE_ONLY
9004894,1993-03-31,informal_worker,20143.52,18,18769.63,6419.24,19257.73,25,0.8146,0.8633,2,0.9319,0.0,0.1783,0.0,0.1045,0.6807,0.1307,True,0,SYNTHETIC_SHOWCASE_ONLY
9004895,1995-05-31,first_time_borrower,29890.69,12,17895.58,5553.13,16659.39,166,0.6804,0.8479,0,0.995,0.0,0.0637,0.0,0.3435,0.8074,0.3309,True,0,SYNTHETIC_SHOWCASE_ONLY
9004896,1995-01-09,first_time_borrower,30339.41,18,11655.69,3822.43,11467.28,42,0.7694,0.9018,0,0.9589,0.0,0.2455,0.0,0.5286,0.7813,0.0362,True,0,SYNTHETIC_SHOWCASE_ONLY
9004897,1997-04-03,small_merchant,100126.47,12,20700.98,7726.47,23179.41,101,0.8376,0.5536,3,0.8714,27211.79,0.8428,21127.67,0.8913,0.343,0.259,True,1,SYNTHETIC_SHOWCASE_ONLY
9004898,1995-12-01,small_merchant,18852.48,9,17414.69,6076.42,18229.25,47,0.7196,0.5605,1,0.4746,32524.87,0.9695,3159.45,0.6034,0.7154,0.3309,True,1,SYNTHETIC_SHOWCASE_ONLY
9004899,1996-10-14,first_time_borrower,91832.65,24,29632.25,6178.64,18535.92,237,0.7424,0.8602,0,0.8441,0.0,0.1818,0.0,0.4101,0.6103,0.3556,True,0,SYNTHETIC_SHOWCASE_ONLY
9004900,1995-12-05,informal_worker,40320.24,12,19184.91,5043.01,15129.03,224,0.5947,0.5876,1,0.5575,0.0,0.4273,0.0,0.36,0.751,0.3607,True,1,SYNTHETIC_SHOWCASE_ONLY
9004901,1994-09-23,small_merchant,76600.58,24,22242.41,4184.04,12552.13,279,0.9414,0.9223,0,0.8969,83274.87,0.9506,532.75,0.8135,0.779,0.1203,True,0,SYNTHETIC_SHOWCASE_ONLY
9004902,1996-04-15,gig_worker,77848.8,18,22536.72,5562.98,16688.95,177,0.7485,0.79,0,0.8377,0.0,0.4972,0.0,0.0635,0.8216,0.3683,True,0,SYNTHETIC_SHOWCASE_ONLY
9004903,1996-02-09,small_merchant,45379.51,24,27360.09,7126.5,21379.5,201,0.6355,0.9539,0,0.7451,82228.32,0.626,18939.59,0.8817,0.6123,0.3747,True,0,SYNTHETIC_SHOWCASE_ONLY
9004904,1996-08-08,small_merchant,88154.94,24,21726.09,7344.29,22032.88,269,0.53,0.9729,0,0.8681,54990.6,0.8055,9505.38,0.6541,0.8087,0.544,True,0,SYNTHETIC_SHOWCASE_ONLY
9004905,1993-12-12,small_merchant,16845.79,24,16819.64,6284.98,18854.94,133,0.9434,0.6896,0,0.7116,57983.84,0.7705,4492.25,0.3729,0.884,0.1926,True,0,SYNTHETIC_SHOWCASE_ONLY
9004906,1996-03-17,gig_worker,122536.87,12,29176.76,7438.66,22315.99,189,0.7398,0.7715,2,0.7546,0.0,0.1234,0.0,0.2813,0.5893,0.2849,True,1,SYNTHETIC_SHOWCASE_ONLY
9004907,1994-06-06,first_time_borrower,71635.98,36,46739.82,16165.41,48496.22,271,0.5174,0.886,0,0.8787,0.0,0.1279,0.0,0.4756,0.7045,0.4959,True,0,SYNTHETIC_SHOWCASE_ONLY
9004908,1996-12-13,small_merchant,95124.73,12,29780.93,11973.87,35921.62,39,0.5274,0.6668,0,0.8352,124976.12,0.9111,1112.06,0.6791,0.6871,0.5478,True,0,SYNTHETIC_SHOWCASE_ONLY
9004909,1996-12-29,informal_worker,44467.11,24,20894.6,4944.45,14833.34,46,0.5764,0.9658,0,0.8998,0.0,0.4761,0.0,0.5452,0.7164,0.4496,True,0,SYNTHETIC_SHOWCASE_ONLY
9004910,1996-02-15,gig_worker,86648.65,18,26392.88,5900.48,17701.45,12,0.668,0.8581,0,0.8191,0.0,0.2745,0.0,0.2811,0.5854,0.2318,True,1,SYNTHETIC_SHOWCASE_ONLY
9004911,1997-09-25,informal_worker,18590.0,12,10463.58,3250.83,9752.49,90,0.6805,0.8376,1,0.7921,0.0,0.2031,0.0,0.5961,0.811,0.3335,True,0,SYNTHETIC_SHOWCASE_ONLY
9004912,1995-09-09,informal_worker,81272.07,18,26187.74,8528.98,25586.95,258,0.7352,0.7976,2,0.6038,0.0,0.4494,0.0,0.1537,0.4278,0.2814,True,1,SYNTHETIC_SHOWCASE_ONLY
9004913,1993-02-15,gig_worker,14696.24,12,23104.66,6124.82,18374.45,201,0.7606,0.6988,0,0.8919,0.0,0.1588,0.0,0.3206,0.4948,0.2581,True,0,SYNTHETIC_SHOWCASE_ONLY
9004914,1996-01-12,informal_worker,40205.6,12,17888.24,5240.37,15721.11,247,0.699,0.7388,0,0.837,0.0,0.3822,0.0,0.1131,0.777,0.3536,True,0,SYNTHETIC_SHOWCASE_ONLY
9004915,1996-11-21,informal_worker,82668.9,12,19515.27,3739.01,11217.04,139,0.9084,0.8675,0,0.6355,0.0,0.1202,0.0,0.1013,0.7206,0.0899,True,0,SYNTHETIC_SHOWCASE_ONLY
9004916,1993-07-04,first_time_borrower,60644.0,9,22995.35,4400.09,13200.28,13,0.8988,0.8812,0,0.7167,0.0,0.1202,0.0,0.3222,0.7704,0.0804,True,0,SYNTHETIC_SHOWCASE_ONLY
9004917,1993-07-11,gig_worker,126095.82,36,45086.57,9977.57,29932.71,141,0.5012,0.7712,0,0.7842,0.0,0.4206,0.0,0.3322,0.5541,0.5213,True,0,SYNTHETIC_SHOWCASE_ONLY
9004918,1994-05-14,first_time_borrower,157724.15,18,47294.48,16085.02,48255.06,276,0.8864,0.575,2,0.6374,0.0,0.0981,0.0,0.4066,0.9417,0.0997,True,0,SYNTHETIC_SHOWCASE_ONLY
9004919,1997-03-22,small_merchant,45023.98,9,17934.11,4572.79,13718.36,176,0.5193,0.7212,1,0.7582,50211.77,0.8227,24599.83,0.6805,0.5349,0.4815,True,1,SYNTHETIC_SHOWCASE_ONLY
9004920,1995-08-22,gig_worker,96405.8,24,21835.29,7638.55,22915.65,57,0.6035,0.8286,3,0.8421,0.0,0.3414,0.0,0.4347,0.9588,0.4615,True,1,SYNTHETIC_SHOWCASE_ONLY
9004921,1997-11-18,gig_worker,52488.93,18,22104.06,8430.08,25290.25,80,0.8802,0.6406,0,0.6435,0.0,0.128,0.0,0.3211,0.5338,0.189,True,1,SYNTHETIC_SHOWCASE_ONLY
9004922,1997-05-14,gig_worker,196045.7,24,41296.86,12331.26,36993.77,34,0.7602,0.7088,1,0.8243,0.0,0.4282,0.0,0.3182,0.8424,0.2322,True,1,SYNTHETIC_SHOWCASE_ONLY
9004923,1995-10-11,gig_worker,133869.6,18,30025.52,9874.27,29622.81,215,0.8131,0.9357,0,0.5235,0.0,0.4532,0.0,0.2225,0.6545,0.2326,True,0,SYNTHETIC_SHOWCASE_ONLY
9004924,1996-05-24,small_merchant,71806.02,6,29275.28,6744.57,20233.71,197,0.4194,0.9218,0,0.6834,68728.05,0.8639,22905.3,0.9342,0.9394,0.5189,True,1,SYNTHETIC_SHOWCASE_ONLY
9004925,1994-08-28,informal_worker,80028.88,12,36219.97,8135.82,24407.45,254,0.7042,0.906,0,0.7135,0.0,0.1641,0.0,0.4599,0.5022,0.2536,True,0,SYNTHETIC_SHOWCASE_ONLY
9004926,1993-06-15,gig_worker,75225.94,24,21029.5,6996.97,20990.9,218,0.7748,0.8536,0,0.6372,0.0,0.5213,0.0,0.1309,0.7795,0.1609,True,0,SYNTHETIC_SHOWCASE_ONLY
9004927,1994-12-30,first_time_borrower,211413.49,24,53885.97,12615.59,37846.78,201,0.8778,0.9298,0,0.804,0.0,0.1877,0.0,0.5454,0.2509,0.1601,True,0,SYNTHETIC_SHOWCASE_ONLY
9004928,1995-12-18,gig_worker,39664.92,24,27976.56,5906.09,17718.27,111,0.7899,0.8048,3,0.8423,0.0,0.3378,0.0,0.1864,0.7789,0.1687,True,0,SYNTHETIC_SHOWCASE_ONLY
9004929,1993-11-29,informal_worker,30831.75,6,18566.64,7425.75,22277.24,23,0.6686,0.7126,0,0.7231,0.0,0.5458,0.0,0.4804,0.8796,0.3226,True,1,SYNTHETIC_SHOWCASE_ONLY
9004930,1994-02-09,first_time_borrower,31184.34,24,25077.65,8353.85,25061.54,242,0.5968,0.9181,0,0.8859,0.0,0.1621,0.0,0.3078,0.7551,0.3834,True,0,SYNTHETIC_SHOWCASE_ONLY
9004931,1993-01-28,first_time_borrower,199636.28,12,50578.68,13311.89,39935.68,15,0.7489,0.7619,0,0.7596,0.0,0.1964,0.0,0.2676,0.4464,0.2103,True,0,SYNTHETIC_SHOWCASE_ONLY
9004932,1996-09-02,informal_worker,85466.29,24,22831.39,4281.13,12843.39,87,0.694,0.7103,0,0.8939,0.0,0.3728,0.0,0.165,0.4946,0.064,True,0,SYNTHETIC_SHOWCASE_ONLY
9004933,1997-07-01,informal_worker,63240.84,12,44167.63,11359.22,34077.65,161,0.7914,0.8661,3,0.7422,0.0,0.2805,0.0,0.0669,0.7425,0.2497,True,1,SYNTHETIC_SHOWCASE_ONLY
9004934,1997-02-19,gig_worker,61435.47,24,20739.47,4037.14,12111.41,96,0.4697,0.9369,1,0.5987,0.0,0.1321,0.0,0.1841,0.7469,0.5509,True,1,SYNTHETIC_SHOWCASE_ONLY
9004935,1994-11-25,gig_worker,76830.35,36,19388.61,6353.54,19060.63,267,0.7181,0.7382,1,0.7885,0.0,0.1737,0.0,0.3289,0.5249,0.2829,True,0,SYNTHETIC_SHOWCASE_ONLY
9004936,1995-12-20,small_merchant,183188.0,12,38428.96,15230.5,45691.51,170,0.815,0.8571,0,0.6918,137190.39,0.7001,4144.65,0.6932,0.4576,0.0647,True,1,SYNTHETIC_SHOWCASE_ONLY
9004937,1997-10-21,gig_worker,25502.04,24,18406.39,7118.95,21356.84,89,0.8498,0.9005,1,0.9108,0.0,0.2521,0.0,0.6633,0.5161,0.131,True,0,SYNTHETIC_SHOWCASE_ONLY
9004938,1995-12-16,small_merchant,80577.75,18,41555.25,13555.02,40665.05,139,0.5821,0.9424,0,0.9054,147637.67,0.7108,13902.03,0.7219,0.5631,0.4404,True,0,SYNTHETIC_SHOWCASE_ONLY
9004939,1994-06-25,gig_worker,70694.76,12,33148.09,6905.44,20716.33,164,0.6781,0.845,0,0.7241,0.0,0.2708,0.0,0.4094,0.5588,0.2879,True,0,SYNTHETIC_SHOWCASE_ONLY
9004940,1994-09-11,first_time_borrower,61670.77,12,18409.73,7207.58,21622.74,242,0.834,0.9123,0,0.804,0.0,0.2695,0.0,0.2404,0.7298,0.1528,True,0,SYNTHETIC_SHOWCASE_ONLY
9004941,1996-08-20,first_time_borrower,32473.88,24,27056.09,8132.39,24397.18,108,0.642,0.7987,2,0.6479,0.0,0.444,0.0,0.0895,0.4753,0.3406,True,0,SYNTHETIC_SHOWCASE_ONLY
9004942,1995-03-26,informal_worker,31221.48,12,21515.91,6006.54,18019.63,29,0.9786,0.7831,0,0.9242,0.0,0.4115,0.0,0.468,0.8438,0.0865,True,0,SYNTHETIC_SHOWCASE_ONLY
9004943,1997-03-09,informal_worker,133546.85,6,33105.96,6590.94,19772.83,99,0.6557,0.9124,0,0.6409,0.0,0.3739,0.0,0.7372,0.657,0.2916,True,1,SYNTHETIC_SHOWCASE_ONLY
9004944,1997-04-27,gig_worker,206842.89,24,69293.26,25372.5,76117.5,26,0.658,0.9096,0,0.7231,0.0,0.1236,0.0,0.3535,0.8511,0.3008,True,0,SYNTHETIC_SHOWCASE_ONLY
9004945,1993-03-07,gig_worker,30600.16,18,23435.84,9592.18,28776.53,109,0.8383,0.9776,0,0.8935,0.0,0.5556,0.0,0.7823,0.867,0.1431,True,0,SYNTHETIC_SHOWCASE_ONLY
9004946,1996-08-13,informal_worker,83535.92,24,36176.77,11458.34,34375.03,246,0.8581,0.896,1,0.5269,0.0,0.0675,0.0,0.0561,0.5793,0.1496,True,0,SYNTHETIC_SHOWCASE_ONLY
9004947,1994-11-07,informal_worker,33763.47,18,28330.42,6695.75,20087.24,141,0.7829,0.8804,0,0.9091,0.0,0.415,0.0,0.3686,0.3725,0.1255,True,0,SYNTHETIC_SHOWCASE_ONLY
9004948,1995-08-08,small_merchant,62197.52,18,28325.21,7591.67,22775.0,138,0.8411,0.8748,2,0.5912,108405.33,0.9326,16152.52,0.5638,0.6193,0.268,True,1,SYNTHETIC_SHOWCASE_ONLY
9004949,1994-04-29,small_merchant,61065.02,24,25865.4,7024.32,21072.97,26,0.7705,0.8605,0,0.6138,53998.05,0.7474,8153.15,0.3158,0.4889,0.3893,True,0,SYNTHETIC_SHOWCASE_ONLY
9004950,1994-11-04,small_merchant,20283.99,6,18553.23,6035.5,18106.49,227,0.6532,0.865,0,0.853,54239.98,0.6286,20655.48,0.7848,0.542,0.397,True,0,SYNTHETIC_SHOWCASE_ONLY
9004951,1994-08-27,gig_worker,28390.1,12,32886.81,12268.82,36806.45,107,0.8743,0.9095,0,0.5458,0.0,0.2593,0.0,0.3082,0.8289,0.2213,True,0,SYNTHETIC_SHOWCASE_ONLY
9004952,1993-04-02,small_merchant,109182.31,18,24376.23,4705.75,14117.26,112,0.5608,0.9341,2,0.9428,45891.27,0.6524,30721.86,0.7733,0.288,0.3215,True,1,SYNTHETIC_SHOWCASE_ONLY
9004953,1996-11-30,small_merchant,81714.62,36,18136.03,5314.2,15942.59,16,0.9333,0.9129,1,0.5679,79741.82,0.8916,18691.65,0.7389,0.7705,0.1379,True,0,SYNTHETIC_SHOWCASE_ONLY
9004954,1993-09-19,informal_worker,27852.35,12,45558.98,17226.09,51678.27,67,0.3362,0.5864,2,0.6591,0.0,0.0592,0.0,0.0264,0.727,0.5345,True,1,SYNTHETIC_SHOWCASE_ONLY
9004955,1994-11-18,first_time_borrower,100458.95,36,29362.82,10065.26,30195.77,155,0.75,0.7811,2,0.9698,0.0,0.1539,0.0,0.1855,0.3776,0.2222,True,0,SYNTHETIC_SHOWCASE_ONLY
9004956,1993-12-19,small_merchant,25402.08,24,25096.21,8727.62,26182.86,156,0.8286,0.8052,0,0.9448,88659.28,0.7364,3158.25,0.6985,0.9612,0.2217,True,0,SYNTHETIC_SHOWCASE_ONLY
9004957,1993-10-21,informal_worker,221862.43,18,53273.11,13082.43,39247.3,68,0.7847,0.8435,0,0.96,0.0,0.186,0.0,0.2651,0.7074,0.2593,True,0,SYNTHETIC_SHOWCASE_ONLY
9004958,1994-11-13,informal_worker,51846.66,12,11598.61,3176.05,9528.15,13,0.9318,0.6953,1,0.8527,0.0,0.4696,0.0,0.3,0.9687,0.0974,True,0,SYNTHETIC_SHOWCASE_ONLY
9004959,1997-08-05,gig_worker,170894.23,9,51581.26,17198.02,51594.06,157,0.9355,0.8286,2,0.7508,0.0,0.1047,0.0,0.0355,0.7147,0.0,True,0,SYNTHETIC_SHOWCASE_ONLY
9004960,1997-09-21,informal_worker,60521.3,18,18351.55,7377.84,22133.51,198,0.8813,0.7393,2,0.9097,0.0,0.2941,0.0,0.164,0.7556,0.1572,True,0,SYNTHETIC_SHOWCASE_ONLY
9004961,1994-11-28,small_merchant,69252.97,6,30992.34,12446.53,37339.59,64,0.8972,0.6968,3,0.7521,104272.74,0.8767,23012.1,0.8322,0.5554,0.1463,True,1,SYNTHETIC_SHOWCASE_ONLY
9004962,1995-07-12,small_merchant,35844.38,12,21113.95,5412.27,16236.8,122,0.879,0.5037,2,0.5586,80211.82,0.7724,7335.66,0.6649,0.8415,0.0148,True,0,SYNTHETIC_SHOWCASE_ONLY
9004963,1997-12-05,gig_worker,50281.49,12,17978.27,3315.74,9947.22,187,0.9413,0.881,1,0.9215,0.0,0.4037,0.0,0.4333,0.7105,0.0418,True,0,SYNTHETIC_SHOWCASE_ONLY
9004964,1994-03-05,first_time_borrower,62517.14,36,52608.1,13016.72,39050.15,13,0.5693,0.9059,0,0.7507,0.0,0.2599,0.0,0.356,0.7791,0.3262,True,0,SYNTHETIC_SHOWCASE_ONLY
9004965,1997-09-22,first_time_borrower,242821.81,12,68250.75,18816.65,56449.96,246,0.7977,0.9557,1,0.7911,0.0,0.3912,0.0,0.2261,0.6274,0.1674,True,0,SYNTHETIC_SHOWCASE_ONLY
9004966,1993-07-13,gig_worker,67187.59,18,25179.15,6139.44,18418.32,185,0.6553,0.9268,1,0.9153,0.0,0.2489,0.0,0.3762,0.8301,0.3076,True,0,SYNTHETIC_SHOWCASE_ONLY
9004967,1994-02-17,gig_worker,45438.67,12,32892.1,13056.04,39168.13,234,0.567,0.7448,1,0.7549,0.0,0.4677,0.0,0.3473,0.4572,0.3366,True,0,SYNTHETIC_SHOWCASE_ONLY
9004968,1994-09-10,gig_worker,91756.36,9,28776.54,5426.48,16279.43,212,0.5812,0.837,1,0.6909,0.0,0.2974,0.0,0.2711,0.5441,0.4374,True,1,SYNTHETIC_SHOWCASE_ONLY
9004969,1993-03-09,informal_worker,263406.58,12,64254.25,20649.19,61947.57,34,0.9117,0.8581,1,0.6543,0.0,0.122,0.0,0.2117,0.7823,0.0734,True,0,SYNTHETIC_SHOWCASE_ONLY
9004970,1997-01-29,informal_worker,32399.34,24,10154.25,3951.52,11854.57,204,0.6769,0.3842,3,0.8994,0.0,0.2071,0.0,0.0864,0.7871,0.4067,True,1,SYNTHETIC_SHOWCASE_ONLY
9004971,1997-04-11,gig_worker,98336.99,18,33556.27,9994.32,29982.97,60,0.9379,0.8888,0,0.8573,0.0,0.2352,0.0,0.3841,0.7928,0.0443,True,0,SYNTHETIC_SHOWCASE_ONLY
9004972,1994-12-01,informal_worker,85519.25,12,19750.6,6115.04,18345.12,204,0.7805,0.7994,1,0.7513,0.0,0.1518,0.0,0.4107,0.6579,0.1656,True,1,SYNTHETIC_SHOWCASE_ONLY
9004973,1997-03-08,small_merchant,5849.95,24,9037.13,3118.07,9354.2,162,0.7348,0.6847,1,0.6445,37891.09,0.9039,6094.29,0.5728,0.5175,0.1972,True,0,SYNTHETIC_SHOWCASE_ONLY
9004974,1996-11-11,small_merchant,78039.28,6,23550.57,7809.35,23428.06,121,0.9183,0.8849,0,0.6839,78738.43,0.5603,11914.03,0.547,0.5763,0.1445,True,1,SYNTHETIC_SHOWCASE_ONLY
9004975,1997-01-03,small_merchant,163340.73,24,67983.7,28176.63,84529.9,256,0.925,0.8376,0,0.8839,219730.11,0.9082,37561.34,0.6093,0.8205,0.0893,True,0,SYNTHETIC_SHOWCASE_ONLY
9004976,1997-01-05,small_merchant,29666.84,6,20436.06,3973.18,11919.55,255,0.5599,0.7988,1,0.7548,33219.22,0.9161,28122.34,0.5365,0.7104,0.4833,True,1,SYNTHETIC_SHOWCASE_ONLY
9004977,1995-11-14,small_merchant,200953.78,24,40926.26,12185.4,36556.19,74,0.7635,0.6657,2,0.6729,178754.35,0.771,33274.61,0.2664,0.6887,0.3063,True,1,SYNTHETIC_SHOWCASE_ONLY
9004978,1993-07-22,gig_worker,118310.69,36,49777.7,12742.84,38228.51,62,0.6849,0.7606,2,0.7723,0.0,0.2188,0.0,0.4913,0.6794,0.331,True,0,SYNTHETIC_SHOWCASE_ONLY
9004979,1997-08-14,small_merchant,57751.34,24,27829.87,7248.63,21745.9,196,0.6136,0.6702,0,0.8801,75164.17,0.7408,8545.43,0.4199,0.646,0.4403,True,0,SYNTHETIC_SHOWCASE_ONLY
9004980,1996-01-17,first_time_borrower,39861.2,6,29666.64,10680.14,32040.41,80,0.706,0.9223,0,0.7664,0.0,0.1496,0.0,0.429,0.5457,0.2741,True,0,SYNTHETIC_SHOWCASE_ONLY
9004981,1997-07-04,small_merchant,61304.39,18,12285.03,4071.39,12214.16,80,0.4755,0.7556,1,0.906,48691.29,0.6537,7195.08,0.8825,0.6293,0.5742,True,1,SYNTHETIC_SHOWCASE_ONLY
9004982,1997-10-18,first_time_borrower,86698.49,24,19854.8,6795.83,20387.49,33,0.3743,0.4476,1,0.7746,0.0,0.1779,0.0,0.1837,0.6025,0.5936,True,1,SYNTHETIC_SHOWCASE_ONLY
9004983,1993-12-08,small_merchant,39288.18,18,43274.7,9649.92,28949.76,276,0.6133,0.8295,3,0.8441,159820.82,0.7606,15650.53,0.7367,0.7556,0.2738,True,0,SYNTHETIC_SHOWCASE_ONLY
9004984,1995-01-05,informal_worker,89057.35,12,28827.52,9499.76,28499.28,33,0.7479,0.815,0,0.4851,0.0,0.6296,0.0,0.3727,0.2445,0.1239,True,0,SYNTHETIC_SHOWCASE_ONLY
9004985,1993-12-18,gig_worker,41700.94,12,33399.08,6556.23,19668.7,59,0.8132,0.8012,1,0.6927,0.0,0.4649,0.0,0.4524,0.6224,0.2107,True,0,SYNTHETIC_SHOWCASE_ONLY
9004986,1993-04-04,informal_worker,111913.49,9,29848.07,7750.9,23252.69,48,0.5622,0.8264,0,0.6828,0.0,0.4626,0.0,0.2955,0.401,0.503,True,1,SYNTHETIC_SHOWCASE_ONLY
9004987,1997-10-31,gig_worker,218908.96,18,80187.4,19733.56,59200.68,223,0.7013,0.8677,0,0.6145,0.0,0.5871,0.0,0.2307,0.5949,0.3147,True,0,SYNTHETIC_SHOWCASE_ONLY
9004988,1997-08-13,gig_worker,24724.4,6,22772.53,7416.93,22250.78,130,0.8248,0.9684,0,0.8711,0.0,0.2046,0.0,0.1177,0.595,0.0811,True,0,SYNTHETIC_SHOWCASE_ONLY
9004989,1997-08-29,gig_worker,184612.91,18,60509.56,23389.87,70169.61,178,0.7394,0.9203,1,0.8299,0.0,0.2815,0.0,0.3008,0.7812,0.2839,True,0,SYNTHETIC_SHOWCASE_ONLY
9004990,1997-06-02,gig_worker,137532.06,12,29853.02,6084.61,18253.84,99,0.7049,0.9271,1,0.7602,0.0,0.1693,0.0,0.3865,0.6674,0.1719,True,0,SYNTHETIC_SHOWCASE_ONLY
9004991,1996-03-30,first_time_borrower,132682.04,12,63144.14,19678.36,59035.08,199,0.4505,0.9748,0,0.7025,0.0,0.026,0.0,0.1777,0.9276,0.4415,True,1,SYNTHETIC_SHOWCASE_ONLY
9004992,1995-08-12,first_time_borrower,12808.1,6,15552.4,5980.43,17941.28,200,0.5273,0.8154,1,0.6733,0.0,0.1681,0.0,0.1634,0.7659,0.3642,True,1,SYNTHETIC_SHOWCASE_ONLY
9004993,1997-12-16,informal_worker,145599.03,36,30595.03,10585.41,31756.24,193,0.6397,0.8593,1,0.8286,0.0,0.4443,0.0,0.4073,0.7246,0.3391,True,0,SYNTHETIC_SHOWCASE_ONLY
9004994,1995-10-06,gig_worker,28368.82,18,23178.73,8676.69,26030.06,184,0.466,0.9049,0,0.8016,0.0,0.1547,0.0,0.4874,0.3914,0.6779,True,1,SYNTHETIC_SHOWCASE_ONLY
9004995,1996-03-19,first_time_borrower,80541.89,18,29938.68,9966.49,29899.46,43,0.4154,0.8229,1,0.6123,0.0,0.317,0.0,0.2214,0.6354,0.51,True,1,SYNTHETIC_SHOWCASE_ONLY
9004996,1994-01-22,informal_worker,150869.7,24,50347.31,15884.68,47654.03,182,0.8641,0.7219,0,0.7012,0.0,0.3818,0.0,0.2973,0.9265,0.2386,True,0,SYNTHETIC_SHOWCASE_ONLY
9004997,1996-09-25,small_merchant,55183.8,18,33583.44,6544.47,19633.41,79,0.9655,0.8402,0,0.5597,65667.97,0.7655,37540.22,0.7963,0.6624,0.0937,True,0,SYNTHETIC_SHOWCASE_ONLY
9004998,1997-02-05,small_merchant,69444.99,12,50299.15,11163.68,33491.04,182,0.6935,0.6984,2,0.8158,139989.03,0.9877,15836.28,0.6277,0.5537,0.348,True,1,SYNTHETIC_SHOWCASE_ONLY
9004999,1996-05-23,informal_worker,22282.83,18,20297.51,6004.4,18013.21,54,0.5995,0.6281,1,0.8287,0.0,0.0211,0.0,0.2641,0.5496,0.4596,True,0,SYNTHETIC_SHOWCASE_ONLY
9005000,1995-06-30,gig_worker,17124.61,12,18863.79,5193.42,15580.26,66,0.7316,0.9339,0,0.7229,0.0,0.0201,0.0,0.0595,0.8298,0.3355,True,0,SYNTHETIC_SHOWCASE_ONLY
